artist_name,as_of_date,spotify_monthly_listeners
ATEEZ,2024-04-13,3488321
ATEEZ,2024-04-14,3488321
ATEEZ,2024-04-15,3488321
ATEEZ,2024-04-16,3488321
ATEEZ,2024-04-17,3499154
ATEEZ,2024-04-18,3499154
ATEEZ,2024-04-19,3528513
ATEEZ,2024-04-20,3528513
ATEEZ,2024-04-21,3528513
ATEEZ,2024-04-22,3528513
ATEEZ,2024-04-23,3528513
ATEEZ,2024-04-24,3554468
ATEEZ,2024-04-25,3555269
ATEEZ,2024-04-26,3557111
ATEEZ,2024-04-27,3557795
ATEEZ,2024-04-28,3560000
ATEEZ,2024-04-29,3564152
ATEEZ,2024-04-30,3566280
ATEEZ,2024-05-01,3567450
ATEEZ,2024-05-02,3567571
ATEEZ,2024-05-03,3566280
ATEEZ,2024-05-04,3566280
ATEEZ,2024-05-05,3563644
ATEEZ,2024-05-06,3562447
ATEEZ,2024-05-07,3559105
ATEEZ,2024-05-08,3555982
ATEEZ,2024-05-09,3556012
ATEEZ,2024-05-10,3554854
ATEEZ,2024-05-11,3548317
ATEEZ,2024-05-12,3541616
ATEEZ,2024-05-13,3532804
ATEEZ,2024-05-14,3532804
ATEEZ,2024-05-15,3532804
ATEEZ,2024-05-16,3508480
ATEEZ,2024-05-17,3494886
ATEEZ,2024-05-18,3485346
ATEEZ,2024-05-19,3474105
ATEEZ,2024-05-20,3459239
ATEEZ,2024-05-21,3448567
ATEEZ,2024-05-22,3448567
ATEEZ,2024-05-23,3432049
ATEEZ,2024-05-24,3423742
ATEEZ,2024-05-25,3410343
ATEEZ,2024-05-26,3396884
ATEEZ,2024-05-27,3386649
ATEEZ,2024-05-28,3360812
ATEEZ,2024-05-29,3360812
ATEEZ,2024-05-30,3351972
ATEEZ,2024-05-31,3344249
ATEEZ,2024-06-01,3338030
ATEEZ,2024-06-02,3408225
ATEEZ,2024-06-03,3495334
ATEEZ,2024-06-04,3549025
ATEEZ,2024-06-05,3592553
ATEEZ,2024-06-06,3649139
ATEEZ,2024-06-07,3717720
ATEEZ,2024-06-08,3717720
ATEEZ,2024-06-09,3826521
ATEEZ,2024-06-10,3959128
ATEEZ,2024-06-11,4012376
ATEEZ,2024-06-12,4063063
ATEEZ,2024-06-13,4112633
ATEEZ,2024-06-14,4112633
ATEEZ,2024-06-15,4157679
ATEEZ,2024-06-16,4196454
ATEEZ,2024-06-17,4264193
ATEEZ,2024-06-18,4264193
ATEEZ,2024-06-19,4320109
ATEEZ,2024-06-20,4320109
ATEEZ,2024-06-21,4352935
ATEEZ,2024-06-22,4385577
ATEEZ,2024-06-23,4426533
ATEEZ,2024-06-24,4455476
ATEEZ,2024-06-25,4483082
ATEEZ,2024-06-26,4507379
ATEEZ,2024-06-27,4559276
ATEEZ,2024-06-28,4559276
ATEEZ,2024-06-29,4580760
ATEEZ,2024-06-30,4567583
ATEEZ,2024-07-01,4566726
ATEEZ,2024-07-02,4566726
ATEEZ,2024-07-03,4562141
ATEEZ,2024-07-04,4546517
ATEEZ,2024-07-05,4546517
ATEEZ,2024-07-06,4520934
ATEEZ,2024-07-07,4471497
ATEEZ,2024-07-08,4440180
ATEEZ,2024-07-09,4411313
ATEEZ,2024-07-10,4386429
ATEEZ,2024-07-11,4366938
ATEEZ,2024-07-12,4343892
ATEEZ,2024-07-13,4313910
ATEEZ,2024-07-14,4313910
ATEEZ,2024-07-15,4293067
ATEEZ,2024-07-16,4293067
ATEEZ,2024-07-17,4259360
ATEEZ,2024-07-18,4259360
ATEEZ,2024-07-19,4235809
ATEEZ,2024-07-20,4204693
ATEEZ,2024-07-21,4196107
ATEEZ,2024-07-22,4187520
ATEEZ,2024-07-23,4174688
ATEEZ,2024-07-24,4153627
ATEEZ,2024-07-25,4147207
ATEEZ,2024-07-26,4140786
ATEEZ,2024-07-27,4130409
ATEEZ,2024-07-28,4125234
ATEEZ,2024-07-29,4110060
ATEEZ,2024-07-30,4098087
ATEEZ,2024-07-31,4085117
ATEEZ,2024-08-01,4074789
ATEEZ,2024-08-02,4064461
ATEEZ,2024-08-03,4028799
ATEEZ,2024-08-04,4007465
ATEEZ,2024-08-05,3986130
ATEEZ,2024-08-06,3977671
ATEEZ,2024-08-07,3969211
ATEEZ,2024-08-08,3934635
ATEEZ,2024-08-09,3930665
ATEEZ,2024-08-10,3926695
ATEEZ,2024-08-11,3934773
ATEEZ,2024-08-12,3942851
ATEEZ,2024-08-13,3990481
ATEEZ,2024-08-14,3998956
ATEEZ,2024-08-15,4007430
ATEEZ,2024-08-16,4020810
ATEEZ,2024-08-17,3897208
ATEEZ,2024-08-18,3860597
ATEEZ,2024-08-19,3823986
ATEEZ,2024-08-20,4100980
ATEEZ,2024-08-21,4098436
ATEEZ,2024-08-22,4105034
ATEEZ,2024-08-23,4110161
ATEEZ,2024-08-24,4122273
ATEEZ,2024-08-25,4132209
ATEEZ,2024-08-26,4139904
ATEEZ,2024-08-27,4146451
ATEEZ,2024-08-28,4152997
ATEEZ,2024-08-29,4161694
ATEEZ,2024-08-30,4169876
ATEEZ,2024-08-31,4178715
ATEEZ,2024-09-01,4182379
ATEEZ,2024-09-02,4185515
ATEEZ,2024-09-03,4192468
ATEEZ,2024-09-04,4194814
ATEEZ,2024-09-05,4206569
ATEEZ,2024-09-06,4206708
ATEEZ,2024-09-07,4206846
ATEEZ,2024-09-08,4185807
ATEEZ,2024-09-09,4164768
ATEEZ,2024-09-10,4141409
ATEEZ,2024-09-11,4121050
ATEEZ,2024-09-12,4096743
ATEEZ,2024-09-13,4072160
ATEEZ,2024-09-14,4043049
ATEEZ,2024-09-15,4013938
ATEEZ,2024-09-16,3999692
ATEEZ,2024-09-17,3982287
ATEEZ,2024-09-18,3964289
ATEEZ,2024-09-19,3950092
ATEEZ,2024-09-20,3928643
ATEEZ,2024-09-21,3904678
ATEEZ,2024-09-22,3894128
ATEEZ,2024-09-23,3877973
ATEEZ,2024-09-24,3857560
ATEEZ,2024-09-25,3837147
ATEEZ,2024-09-26,3819017
ATEEZ,2024-09-27,3800886
ATEEZ,2024-09-28,3783768
ATEEZ,2024-09-29,3770127
ATEEZ,2024-09-30,3760166
ATEEZ,2024-10-01,3750205
ATEEZ,2024-10-02,3740244
ATEEZ,2024-10-03,3725721
ATEEZ,2024-10-04,3701079
ATEEZ,2024-10-05,3689882
ATEEZ,2024-10-06,3687324
ATEEZ,2024-10-07,3684765
ATEEZ,2024-10-08,3679839
ATEEZ,2024-10-09,3680541
ATEEZ,2024-10-10,3689164
ATEEZ,2024-10-11,3691196
ATEEZ,2024-10-12,3693228
ATEEZ,2024-10-13,3695358
ATEEZ,2024-10-14,3697487
ATEEZ,2024-10-15,3702302
ATEEZ,2024-10-16,3701144
ATEEZ,2024-10-17,3697490
ATEEZ,2024-10-18,3693836
ATEEZ,2024-10-19,3690181
ATEEZ,2024-10-20,3684242
ATEEZ,2024-10-21,3686199
ATEEZ,2024-10-22,3688155
ATEEZ,2024-10-23,3690111
ATEEZ,2024-10-24,3695304
ATEEZ,2024-10-25,3712045
ATEEZ,2024-10-26,3718317
ATEEZ,2024-10-27,3718769
ATEEZ,2024-10-28,3719220
ATEEZ,2024-10-29,3720538
ATEEZ,2024-10-30,3723907
ATEEZ,2024-10-31,3724196
ATEEZ,2024-11-01,3724485
ATEEZ,2024-11-02,3713502
ATEEZ,2024-11-03,3709631
ATEEZ,2024-11-04,3705759
ATEEZ,2024-11-05,3688199
ATEEZ,2024-11-06,3681206
ATEEZ,2024-11-07,3676135
ATEEZ,2024-11-08,3671064
ATEEZ,2024-11-09,3651227
ATEEZ,2024-11-10,3642157
ATEEZ,2024-11-11,3637187
ATEEZ,2024-11-12,3632217
ATEEZ,2024-11-13,3613993
ATEEZ,2024-11-14,3607235
ATEEZ,2024-11-15,3600477
ATEEZ,2024-11-16,3644444
ATEEZ,2024-11-17,3674446
ATEEZ,2024-11-18,3714635
ATEEZ,2024-11-19,3754823
ATEEZ,2024-11-20,3789709
ATEEZ,2024-11-21,3841159
ATEEZ,2024-11-22,3908232
ATEEZ,2024-11-23,3970321
ATEEZ,2024-11-24,4030327
ATEEZ,2024-11-25,4086867
ATEEZ,2024-11-26,4141816
ATEEZ,2024-11-27,4173679
ATEEZ,2024-11-28,4205542
ATEEZ,2024-11-29,4237404
ATEEZ,2024-11-30,4322045
ATEEZ,2024-12-01,4356287
ATEEZ,2024-12-02,4390528
ATEEZ,2024-12-03,4424649
ATEEZ,2024-12-04,4458769
ATEEZ,2024-12-05,4485400
ATEEZ,2024-12-06,4512030
ATEEZ,2024-12-07,4634687
ATEEZ,2024-12-08,4654271
ATEEZ,2024-12-09,4673855
ATEEZ,2024-12-10,4693438
ATEEZ,2024-12-11,4707007
ATEEZ,2024-12-12,4720575
ATEEZ,2024-12-13,4742023
ATEEZ,2024-12-14,4771421
ATEEZ,2024-12-15,4769277
ATEEZ,2024-12-16,4767132
ATEEZ,2024-12-17,4758289
ATEEZ,2024-12-18,4749445
ATEEZ,2024-12-19,4737437
ATEEZ,2024-12-20,4725428
ATEEZ,2024-12-21,4654876
ATEEZ,2024-12-22,4625745
ATEEZ,2024-12-23,4589784
ATEEZ,2024-12-24,4576051
ATEEZ,2024-12-25,4562317
ATEEZ,2024-12-26,4528162
ATEEZ,2024-12-27,4479647
ATEEZ,2024-12-28,4441501
ATEEZ,2024-12-29,4403355
ATEEZ,2024-12-30,4365209
ATEEZ,2024-12-31,4353542
ATEEZ,2025-01-01,4341874
ATEEZ,2025-01-02,4316831
ATEEZ,2025-01-03,4289762
ATEEZ,2025-01-04,4285505
ATEEZ,2025-01-05,4274722
ATEEZ,2025-01-06,4268110
ATEEZ,2025-01-07,4261498
ATEEZ,2025-01-08,4219233
ATEEZ,2025-01-09,4199541
ATEEZ,2025-01-10,4175836
ATEEZ,2025-01-11,4152131
ATEEZ,2025-01-12,4133366
ATEEZ,2025-01-13,4126722
ATEEZ,2025-01-14,4120078
ATEEZ,2025-01-15,4110092
ATEEZ,2025-01-16,4121434
ATEEZ,2025-01-17,4152822
ATEEZ,2025-01-18,4163285
ATEEZ,2025-01-19,4205136
ATEEZ,2025-01-20,4246987
ATEEZ,2025-01-21,4270832
ATEEZ,2025-01-22,4320005
ATEEZ,2025-01-23,4352306
ATEEZ,2025-01-24,4368810
ATEEZ,2025-01-25,4385313
ATEEZ,2025-01-26,4401816
ATEEZ,2025-01-27,4418319
ATEEZ,2025-01-28,4429375
ATEEZ,2025-01-29,4434337
ATEEZ,2025-01-30,4439298
ATEEZ,2025-01-31,4433270
ATEEZ,2025-02-01,4427242
ATEEZ,2025-02-02,4421213
ATEEZ,2025-02-03,4415185
ATEEZ,2025-02-04,4408808
ATEEZ,2025-02-05,4412848
ATEEZ,2025-02-06,4416887
ATEEZ,2025-02-07,4425132
ATEEZ,2025-02-08,4438513
ATEEZ,2025-02-09,4444832
ATEEZ,2025-02-10,4449051
ATEEZ,2025-02-11,4446417
ATEEZ,2025-02-12,4447939
ATEEZ,2025-02-13,4432437
ATEEZ,2025-02-14,4418427
ATEEZ,2025-02-15,4366822
ATEEZ,2025-02-16,4315216
ATEEZ,2025-02-17,4295281
ATEEZ,2025-02-18,4272177
ATEEZ,2025-02-19,4249072
ATEEZ,2025-02-20,4230147
ATEEZ,2025-02-21,4208004
ATEEZ,2025-02-22,4179252
ATEEZ,2025-02-23,4159287
ATEEZ,2025-02-24,4142820
ATEEZ,2025-02-25,4125383
ATEEZ,2025-02-26,4106875
ATEEZ,2025-02-27,4087017
ATEEZ,2025-02-28,4066289
ATEEZ,2025-03-01,4047530
ATEEZ,2025-03-02,4028771
ATEEZ,2025-03-03,4012396
ATEEZ,2025-03-04,3998146
ATEEZ,2025-03-05,3983883
ATEEZ,2025-03-06,3966600
ATEEZ,2025-03-07,3949317
ATEEZ,2025-03-08,3931652
ATEEZ,2025-03-09,3917895
ATEEZ,2025-03-10,3909477
ATEEZ,2025-03-11,3901058
ATEEZ,2025-03-12,3892639
ATEEZ,2025-03-13,3885842
ATEEZ,2025-03-14,3878309
ATEEZ,2025-03-15,3870775
ATEEZ,2025-03-16,3863242
ATEEZ,2025-03-17,3855708
ATEEZ,2025-03-18,3848175
ATEEZ,2025-03-19,3840641
ATEEZ,2025-03-20,3833108
ATEEZ,2025-03-21,3825574
ATEEZ,2025-03-22,3819571
ATEEZ,2025-03-23,3811906
ATEEZ,2025-03-24,3802035
ATEEZ,2025-03-25,3794156
ATEEZ,2025-03-26,3788137
ATEEZ,2025-03-27,3782118
ATEEZ,2025-03-28,3752861
ATEEZ,2025-03-29,3737808
ATEEZ,2025-03-30,3727077
ATEEZ,2025-03-31,3721868
ATEEZ,2025-04-01,3714871
ATEEZ,2025-04-02,3707873
ATEEZ,2025-04-03,3704445
ATEEZ,2025-04-04,3701016
ATEEZ,2025-04-05,3694086
ATEEZ,2025-04-06,3687156
ATEEZ,2025-04-07,3668463
ATEEZ,2025-04-08,3661317
ATEEZ,2025-04-09,3659324
ATEEZ,2025-04-10,3657330
ATEEZ,2025-04-11,3657616
ATEEZ,2025-04-12,3655932
ATEEZ,2025-04-13,3653872
ATEEZ,2025-04-14,3651448
ATEEZ,2025-04-15,3655466
ATEEZ,2025-04-16,3659483
ATEEZ,2025-04-17,3653341
ATEEZ,2025-04-18,3652028
ATEEZ,2025-04-19,3650716
ATEEZ,2025-04-20,3649403
ATEEZ,2025-04-21,3648065
ATEEZ,2025-04-22,3637645
ATEEZ,2025-04-23,3632841
ATEEZ,2025-04-24,3628037
ATEEZ,2025-04-25,3624199
ATEEZ,2025-04-26,3620360
ATEEZ,2025-04-27,3613361
ATEEZ,2025-04-28,3606361
ATEEZ,2025-04-29,3603945
ATEEZ,2025-04-30,3598639
ATEEZ,2025-05-01,3593332
ATEEZ,2025-05-02,3588025
ATEEZ,2025-05-03,3585279
ATEEZ,2025-05-04,3582532
ATEEZ,2025-05-05,3577816
ATEEZ,2025-05-06,3573100
ATEEZ,2025-05-07,3568995
ATEEZ,2025-05-08,3560803
ATEEZ,2025-05-09,3555676
ATEEZ,2025-05-10,3552484
ATEEZ,2025-05-11,3549292
ATEEZ,2025-05-12,3542431
ATEEZ,2025-05-13,3533150
ATEEZ,2025-05-14,3523868
ATEEZ,2025-05-15,3521170
ATEEZ,2025-05-16,3513486
ATEEZ,2025-05-17,3510212
ATEEZ,2025-05-18,3507460
ATEEZ,2025-05-19,3504376
ATEEZ,2025-05-20,3501292
ATEEZ,2025-05-21,3494944
ATEEZ,2025-05-22,3489998
ATEEZ,2025-05-23,3483644
ATEEZ,2025-05-24,3481397
ATEEZ,2025-05-25,3479149
ATEEZ,2025-05-26,3476492
ATEEZ,2025-05-27,3473145
ATEEZ,2025-05-28,3470297
ATEEZ,2025-05-29,3467448
ATEEZ,2025-05-30,3464141
ATEEZ,2025-05-31,3460833
ATEEZ,2025-06-01,3457525
ATEEZ,2025-06-02,3451835
ATEEZ,2025-06-03,3449511
ATEEZ,2025-06-04,3447187
ATEEZ,2025-06-05,3441390
ATEEZ,2025-06-06,3435593
ATEEZ,2025-06-07,3429795
ATEEZ,2025-06-08,3423998
ATEEZ,2025-06-09,3420295
ATEEZ,2025-06-10,3418202
ATEEZ,2025-06-11,3416109
ATEEZ,2025-06-12,3410635
ATEEZ,2025-06-13,3401931
ATEEZ,2025-06-14,3465402
ATEEZ,2025-06-15,3528873
ATEEZ,2025-06-16,3574865
ATEEZ,2025-06-17,3650674
ATEEZ,2025-06-18,3734217
ATEEZ,2025-06-19,3806605
ATEEZ,2025-06-20,3890969
ATEEZ,2025-06-21,3975333
ATEEZ,2025-06-22,4034106
ATEEZ,2025-06-23,4082408
ATEEZ,2025-06-24,4137781
ATEEZ,2025-06-25,4189735
ATEEZ,2025-06-26,4244768
ATEEZ,2025-06-27,4295391
ATEEZ,2025-06-28,4346014
ATEEZ,2025-06-29,4391937
ATEEZ,2025-06-30,4464501
ATEEZ,2025-07-01,4527068
ATEEZ,2025-07-02,4589635
ATEEZ,2025-07-03,4637548
ATEEZ,2025-07-04,4685460
ATEEZ,2025-07-05,4735526
ATEEZ,2025-07-06,4779420
ATEEZ,2025-07-07,4812323
ATEEZ,2025-07-08,4845226
ATEEZ,2025-07-09,4881494
ATEEZ,2025-07-10,4917761
ATEEZ,2025-07-11,4950268
ATEEZ,2025-07-12,5008557
ATEEZ,2025-07-13,5066846
ATEEZ,2025-07-14,5181461
ATEEZ,2025-07-15,5289041
ATEEZ,2025-07-16,5350755
ATEEZ,2025-07-17,5426339
ATEEZ,2025-07-18,5491850
ATEEZ,2025-07-19,5549209
ATEEZ,2025-07-20,5606568
ATEEZ,2025-07-21,5650266
ATEEZ,2025-07-22,5696655
ATEEZ,2025-07-23,5749098
ATEEZ,2025-07-24,5777521
ATEEZ,2025-07-25,5787805
ATEEZ,2025-07-26,5798089
ATEEZ,2025-07-27,5884679
ATEEZ,2025-07-28,5907338
ATEEZ,2025-07-29,5929997
ATEEZ,2025-07-30,5940455
ATEEZ,2025-07-31,5969309
ATEEZ,2025-08-01,5978896
ATEEZ,2025-08-02,5988482
ATEEZ,2025-08-03,6009996
ATEEZ,2025-08-04,6035332
ATEEZ,2025-08-05,6100319
ATEEZ,2025-08-06,6125200
ATEEZ,2025-08-07,6135533
ATEEZ,2025-08-08,6145866
ATEEZ,2025-08-09,6165562
ATEEZ,2025-08-10,6120806
ATEEZ,2025-08-11,6054050
ATEEZ,2025-08-12,5987294
ATEEZ,2025-08-13,5940555
ATEEZ,2025-08-14,5866076
ATEEZ,2025-08-15,5796007
ATEEZ,2025-08-16,5753689
ATEEZ,2025-08-17,5711371
ATEEZ,2025-08-18,5659639
ATEEZ,2025-08-19,5608431
ATEEZ,2025-08-20,5558812
ATEEZ,2025-08-21,5506864
ATEEZ,2025-08-22,5443870
ATEEZ,2025-08-23,5418659
ATEEZ,2025-08-24,5393447
ATEEZ,2025-08-25,5314577
ATEEZ,2025-08-26,5268582
ATEEZ,2025-08-27,5230327
ATEEZ,2025-08-28,5194379
ATEEZ,2025-08-29,5155425
ATEEZ,2025-08-30,5121485
ATEEZ,2025-08-31,5090546
ATEEZ,2025-09-01,5059607
ATEEZ,2025-09-02,5022558
ATEEZ,2025-09-03,4985508
ATEEZ,2025-09-04,4953457
ATEEZ,2025-09-05,4938675
ATEEZ,2025-09-06,4923893
ATEEZ,2025-09-07,4903232
ATEEZ,2025-09-08,4882570
ATEEZ,2025-09-09,4861908
ATEEZ,2025-09-10,4841246
ATEEZ,2025-09-11,4820585
ATEEZ,2025-09-12,4799923
ATEEZ,2025-09-13,4779261
ATEEZ,2025-09-14,4758600
ATEEZ,2025-09-15,4737938
ATEEZ,2025-09-16,4717276
ATEEZ,2025-09-17,4702268
ATEEZ,2025-09-18,4687260
ATEEZ,2025-09-19,4681049
ATEEZ,2025-09-20,4674838
ATEEZ,2025-09-21,4733234
ATEEZ,2025-09-22,4736118
ATEEZ,2025-09-23,4739001
ATEEZ,2025-09-24,4736051
ATEEZ,2025-09-25,4733101
ATEEZ,2025-09-26,4724702
ATEEZ,2025-09-27,4716302
ATEEZ,2025-09-28,4712475
ATEEZ,2025-09-29,4708647
ATEEZ,2025-09-30,4678184
ATEEZ,2025-10-01,4667007
ATEEZ,2025-10-02,4663532
ATEEZ,2025-10-03,4663457
ATEEZ,2025-10-04,4663382
ATEEZ,2025-10-05,4659919
ATEEZ,2025-10-06,4656455
ATEEZ,2025-10-07,4649067
ATEEZ,2025-10-08,4645176
ATEEZ,2025-10-09,4641285
ATEEZ,2025-10-10,4631813
ATEEZ,2025-10-11,4617951
ATEEZ,2025-10-12,4617886
ATEEZ,2025-10-13,4605499
ATEEZ,2025-10-14,4594948
ATEEZ,2025-10-15,4585943
ATEEZ,2025-10-16,4565026
ATEEZ,2025-10-17,4551896
ATEEZ,2025-10-18,4489238
ATEEZ,2025-10-19,4454712
ATEEZ,2025-10-20,4427766
ATEEZ,2025-10-21,4401952
ATEEZ,2025-10-22,4376137
ATEEZ,2025-10-23,4363748
ATEEZ,2025-10-24,4351358
ATEEZ,2025-10-25,4321870
ATEEZ,2025-10-26,4311687
ATEEZ,2025-10-27,4300196
ATEEZ,2025-10-28,4288705
ATEEZ,2025-10-29,4280614
ATEEZ,2025-10-30,4265803
ATEEZ,2025-10-31,4255986
ATEEZ,2025-11-01,4246169
ATEEZ,2025-11-02,4239535
ATEEZ,2025-11-03,4237292
ATEEZ,2025-11-04,4235048
ATEEZ,2025-11-05,4232804
ATEEZ,2025-11-06,4230106
ATEEZ,2025-11-07,4227408
ATEEZ,2025-11-08,4225936
ATEEZ,2025-11-09,4214787
ATEEZ,2025-11-10,4203177
ATEEZ,2025-11-11,4200770
ATEEZ,2025-11-12,4198363
ATEEZ,2025-11-13,4195956
ATEEZ,2025-11-14,4193548
ATEEZ,2025-11-15,4191141
ATEEZ,2025-11-16,4188734
ATEEZ,2025-11-17,4191082
ATEEZ,2025-11-18,4193430
ATEEZ,2025-11-19,4198678
ATEEZ,2025-11-20,4203926
ATEEZ,2025-11-21,4209122
ATEEZ,2025-11-22,4214318
ATEEZ,2025-11-23,4257760
ATEEZ,2025-11-24,4272178
ATEEZ,2025-11-25,4302630
ATEEZ,2025-11-26,4317286
ATEEZ,2025-11-27,4331942
ATEEZ,2025-11-28,4346598
ATEEZ,2025-11-29,4361254
ATEEZ,2025-11-30,4375910
ATEEZ,2025-12-01,4374914
ATEEZ,2025-12-02,4373917
ATEEZ,2025-12-03,4376346
ATEEZ,2025-12-04,4378627
ATEEZ,2025-12-05,4405041
ATEEZ,2025-12-06,4415469
ATEEZ,2025-12-07,4425897
ATEEZ,2025-12-08,4433606
ATEEZ,2025-12-09,4447566
ATEEZ,2025-12-10,4457046
ATEEZ,2025-12-11,4457538
ATEEZ,2025-12-12,4459064
ATEEZ,2025-12-13,4460589
ATEEZ,2025-12-14,4466195
ATEEZ,2025-12-15,4472999
ATEEZ,2025-12-16,4478693
ATEEZ,2025-12-17,4476585
ATEEZ,2025-12-18,4473210
ATEEZ,2025-12-19,4468855
ATEEZ,2025-12-20,4464499
ATEEZ,2025-12-21,4416008
ATEEZ,2025-12-22,4402447
ATEEZ,2025-12-23,4391131
ATEEZ,2025-12-24,4379814
ATEEZ,2025-12-25,4368497
ATEEZ,2025-12-26,4357181
ATEEZ,2025-12-27,4345864
ATEEZ,2025-12-28,4334547
ATEEZ,2025-12-29,4323231
ATEEZ,2025-12-30,4311914
ATEEZ,2025-12-31,4310303
ATEEZ,2026-01-01,4308691
ATEEZ,2026-01-02,4294878
ATEEZ,2026-01-03,4281065
ATEEZ,2026-01-04,4246256
ATEEZ,2026-01-05,4246019
ATEEZ,2026-01-06,4245782
ATEEZ,2026-01-07,4251192
ATEEZ,2026-01-08,4251199
ATEEZ,2026-01-09,4252588
ATEEZ,2026-01-10,4250720
ATEEZ,2026-01-11,4239607
ATEEZ,2026-01-12,4238705
ATEEZ,2026-01-13,4237803
ATEEZ,2026-01-14,4237877
ATEEZ,2026-01-15,4240596
ATEEZ,2026-01-16,4243282
ATEEZ,2026-01-17,4248476
ATEEZ,2026-01-18,4257029
ATEEZ,2026-01-19,4260499
ATEEZ,2026-01-20,4259976
ATEEZ,2026-01-21,4258670
ATEEZ,2026-01-22,4249689
ATEEZ,2026-01-23,4244737
ATEEZ,2026-01-24,4260712
ATEEZ,2026-01-25,4254039
ATEEZ,2026-01-26,4250951
ATEEZ,2026-01-27,4245601
ATEEZ,2026-01-28,4237059
ATEEZ,2026-01-29,4228090
ATEEZ,2026-01-30,4232231
ATEEZ,2026-01-31,4239005
ATEEZ,2026-02-01,4240208
ATEEZ,2026-02-02,4238234
ATEEZ,2026-02-03,4232695
ATEEZ,2026-02-04,4226779
ATEEZ,2026-02-05,4228404
ATEEZ,2026-02-06,4227542
ATEEZ,2026-02-07,4226679
ATEEZ,2026-02-08,4294884
ATEEZ,2026-02-09,4379429
ATEEZ,2026-02-10,4396443
ATEEZ,2026-02-11,4413456
ATEEZ,2026-02-12,4480472
ATEEZ,2026-02-13,4501232
ATEEZ,2026-02-14,4521992
ATEEZ,2026-02-15,4581581
ATEEZ,2026-02-16,4603421
ATEEZ,2026-02-17,4625261
ATEEZ,2026-02-18,4641110
ATEEZ,2026-02-19,4656958
ATEEZ,2026-02-20,4671221
ATEEZ,2026-02-21,4685484
ATEEZ,2026-02-22,4709178
ATEEZ,2026-02-23,4732527
ATEEZ,2026-02-24,4746093
ATEEZ,2026-02-25,4759658
ATEEZ,2026-02-26,4768091
ATEEZ,2026-02-27,4775691
ATEEZ,2026-02-28,4780851
ATEEZ,2026-03-01,4790549
ATEEZ,2026-03-02,4804197
ATEEZ,2026-03-03,4813135
ATEEZ,2026-03-04,4822766
ATEEZ,2026-03-05,4829646
ATEEZ,2026-03-06,4840813
ATEEZ,2026-03-07,4852234
ATEEZ,2026-03-08,4815622
ATEEZ,2026-03-09,4791432
ATEEZ,2026-03-10,4771772
ATEEZ,2026-03-11,4750927
ATEEZ,2026-03-12,4733414
ATEEZ,2026-03-13,4707445
ATEEZ,2026-03-14,4671477
ATEEZ,2026-03-15,4629553
ATEEZ,2026-03-16,4613971
ATEEZ,2026-03-17,4593370
ATEEZ,2026-03-18,4568533
ATEEZ,2026-03-19,4551896
ATEEZ,2026-03-20,4541752
ATEEZ,2026-03-21,4517569
ATEEZ,2026-03-22,4502814
ATEEZ,2026-03-23,4488059
ATEEZ,2026-03-24,4473303
ATEEZ,2026-03-25,4473403
ATEEZ,2026-03-26,4471018
ATEEZ,2026-03-27,4462337
ATEEZ,2026-03-28,4453656
ATEEZ,2026-03-29,4443183
ATEEZ,2026-03-30,4432710
ATEEZ,2026-03-31,4415709
ATEEZ,2026-04-01,4416631
ATEEZ,2026-04-02,4417552
ATEEZ,2026-04-03,4410581
ATEEZ,2026-04-04,4376006
ATEEZ,2026-04-05,4368935
ATEEZ,2026-04-06,4361864
ATEEZ,2026-04-07,4350635
ATEEZ,2026-04-08,4337473
ATEEZ,2026-04-09,4318582
ATEEZ,2026-04-10,4307455
ATEEZ,2026-04-11,4296327
ATEEZ,2026-04-12,4286516
Agust D,2024-04-13,4212275
Agust D,2024-04-14,4212275
Agust D,2024-04-15,4212275
Agust D,2024-04-16,4212275
Agust D,2024-04-17,4212275
Agust D,2024-04-18,4212275
Agust D,2024-04-19,4263085
Agust D,2024-04-20,4263085
Agust D,2024-04-21,4263085
Agust D,2024-04-22,4263085
Agust D,2024-04-23,4263085
Agust D,2024-04-24,4286310
Agust D,2024-04-25,4286489
Agust D,2024-04-26,4280663
Agust D,2024-04-27,4269870
Agust D,2024-04-28,4261745
Agust D,2024-04-29,4254087
Agust D,2024-04-30,4249301
Agust D,2024-05-01,4242190
Agust D,2024-05-02,4242819
Agust D,2024-05-03,4235298
Agust D,2024-05-04,4235298
Agust D,2024-05-05,4230709
Agust D,2024-05-06,4222657
Agust D,2024-05-07,4213887
Agust D,2024-05-08,4205962
Agust D,2024-05-09,4198316
Agust D,2024-05-10,4186273
Agust D,2024-05-11,4187303
Agust D,2024-05-12,4168650
Agust D,2024-05-13,4149225
Agust D,2024-05-14,4149225
Agust D,2024-05-15,4149225
Agust D,2024-05-16,4119880
Agust D,2024-05-17,4102830
Agust D,2024-05-18,4095053
Agust D,2024-05-19,4085757
Agust D,2024-05-20,4067747
Agust D,2024-05-21,4056388
Agust D,2024-05-22,4048615
Agust D,2024-05-23,4048615
Agust D,2024-05-24,4041700
Agust D,2024-05-25,4031647
Agust D,2024-05-26,4028985
Agust D,2024-05-27,4012330
Agust D,2024-05-28,4012330
Agust D,2024-05-29,4007293
Agust D,2024-05-30,3996297
Agust D,2024-05-31,3985548
Agust D,2024-06-01,3977570
Agust D,2024-06-02,3963500
Agust D,2024-06-03,3959957
Agust D,2024-06-04,3948018
Agust D,2024-06-05,3948018
Agust D,2024-06-06,3938051
Agust D,2024-06-07,3933613
Agust D,2024-06-08,3930467
Agust D,2024-06-09,3919739
Agust D,2024-06-10,3914249
Agust D,2024-06-11,3914123
Agust D,2024-06-12,3914625
Agust D,2024-06-13,3910035
Agust D,2024-06-14,3910202
Agust D,2024-06-15,3912578
Agust D,2024-06-16,3914499
Agust D,2024-06-17,3914625
Agust D,2024-06-18,3905631
Agust D,2024-06-19,3905714
Agust D,2024-06-20,3903684
Agust D,2024-06-21,3886976
Agust D,2024-06-22,3879549
Agust D,2024-06-23,3872656
Agust D,2024-06-24,3867207
Agust D,2024-06-25,3861984
Agust D,2024-06-26,3852010
Agust D,2024-06-27,3844005
Agust D,2024-06-28,3825829
Agust D,2024-06-29,3825829
Agust D,2024-06-30,3833812
Agust D,2024-07-01,3832072
Agust D,2024-07-02,3831144
Agust D,2024-07-03,3823910
Agust D,2024-07-04,3823910
Agust D,2024-07-05,3821190
Agust D,2024-07-06,3814024
Agust D,2024-07-07,3809550
Agust D,2024-07-08,3801486
Agust D,2024-07-09,3801486
Agust D,2024-07-10,3793111
Agust D,2024-07-11,3787873
Agust D,2024-07-12,3774910
Agust D,2024-07-13,3758893
Agust D,2024-07-14,3740811
Agust D,2024-07-15,3728029
Agust D,2024-07-16,3712948
Agust D,2024-07-17,3699681
Agust D,2024-07-18,3686109
Agust D,2024-07-19,3675336
Agust D,2024-07-20,3671383
Agust D,2024-07-21,3671665
Agust D,2024-07-22,3671947
Agust D,2024-07-23,3679973
Agust D,2024-07-24,3684295
Agust D,2024-07-25,3677235
Agust D,2024-07-26,3672212
Agust D,2024-07-27,3664880
Agust D,2024-07-28,3657548
Agust D,2024-07-29,3645736
Agust D,2024-07-30,3633768
Agust D,2024-07-31,3625102
Agust D,2024-08-01,3623819
Agust D,2024-08-02,3622535
Agust D,2024-08-03,3615281
Agust D,2024-08-04,3616068
Agust D,2024-08-05,3616854
Agust D,2024-08-06,3615438
Agust D,2024-08-07,3613853
Agust D,2024-08-08,3612268
Agust D,2024-08-09,3616350
Agust D,2024-08-10,3619217
Agust D,2024-08-11,3624832
Agust D,2024-08-12,3630446
Agust D,2024-08-13,3640719
Agust D,2024-08-14,3650991
Agust D,2024-08-15,3661536
Agust D,2024-08-16,3672080
Agust D,2024-08-17,3550176
Agust D,2024-08-18,3497610
Agust D,2024-08-19,3445044
Agust D,2024-08-20,3392478
Agust D,2024-08-21,3611328
Agust D,2024-08-22,3609139
Agust D,2024-08-23,3607983
Agust D,2024-08-24,3622789
Agust D,2024-08-25,3641860
Agust D,2024-08-26,3658014
Agust D,2024-08-27,3674167
Agust D,2024-08-28,3690321
Agust D,2024-08-29,3701795
Agust D,2024-08-30,3710536
Agust D,2024-08-31,3714640
Agust D,2024-09-01,3712258
Agust D,2024-09-02,3711810
Agust D,2024-09-03,3710983
Agust D,2024-09-04,3709194
Agust D,2024-09-05,3709813
Agust D,2024-09-06,3710226
Agust D,2024-09-07,3710639
Agust D,2024-09-08,3708578
Agust D,2024-09-09,3706516
Agust D,2024-09-10,3701317
Agust D,2024-09-11,3698115
Agust D,2024-09-12,3689612
Agust D,2024-09-13,3682416
Agust D,2024-09-14,3674181
Agust D,2024-09-15,3665947
Agust D,2024-09-16,3657712
Agust D,2024-09-17,3655456
Agust D,2024-09-18,3651544
Agust D,2024-09-19,3655201
Agust D,2024-09-20,3658858
Agust D,2024-09-21,3650763
Agust D,2024-09-22,3652832
Agust D,2024-09-23,3654901
Agust D,2024-09-24,3636009
Agust D,2024-09-25,3632208
Agust D,2024-09-26,3628407
Agust D,2024-09-27,3614401
Agust D,2024-09-28,3574380
Agust D,2024-09-29,3557647
Agust D,2024-09-30,3550210
Agust D,2024-10-01,3542772
Agust D,2024-10-02,3535335
Agust D,2024-10-03,3522915
Agust D,2024-10-04,3504089
Agust D,2024-10-05,3491920
Agust D,2024-10-06,3483903
Agust D,2024-10-07,3479733
Agust D,2024-10-08,3475562
Agust D,2024-10-09,3471581
Agust D,2024-10-10,3461584
Agust D,2024-10-11,3462567
Agust D,2024-10-12,3463550
Agust D,2024-10-13,3463860
Agust D,2024-10-14,3464170
Agust D,2024-10-15,3462637
Agust D,2024-10-16,3462201
Agust D,2024-10-17,3461765
Agust D,2024-10-18,3451821
Agust D,2024-10-19,3442638
Agust D,2024-10-20,3433455
Agust D,2024-10-21,3424272
Agust D,2024-10-22,3412948
Agust D,2024-10-23,3401624
Agust D,2024-10-24,3398362
Agust D,2024-10-25,3397172
Agust D,2024-10-26,3425097
Agust D,2024-10-27,3431678
Agust D,2024-10-28,3438259
Agust D,2024-10-29,3445443
Agust D,2024-10-30,3451974
Agust D,2024-10-31,3458722
Agust D,2024-11-01,3465469
Agust D,2024-11-02,3462235
Agust D,2024-11-03,3457828
Agust D,2024-11-04,3453421
Agust D,2024-11-05,3447481
Agust D,2024-11-06,3446355
Agust D,2024-11-07,3443941
Agust D,2024-11-08,3438483
Agust D,2024-11-09,3433024
Agust D,2024-11-10,3434233
Agust D,2024-11-11,3435442
Agust D,2024-11-12,3432884
Agust D,2024-11-13,3432578
Agust D,2024-11-14,3433943
Agust D,2024-11-15,3431290
Agust D,2024-11-16,3428636
Agust D,2024-11-17,3431871
Agust D,2024-11-18,3435105
Agust D,2024-11-19,3437148
Agust D,2024-11-20,3430120
Agust D,2024-11-21,3429083
Agust D,2024-11-22,3428045
Agust D,2024-11-23,3410708
Agust D,2024-11-24,3407497
Agust D,2024-11-25,3404285
Agust D,2024-11-26,3401560
Agust D,2024-11-27,3399523
Agust D,2024-11-28,3404106
Agust D,2024-11-29,3408688
Agust D,2024-11-30,3409870
Agust D,2024-12-01,3419407
Agust D,2024-12-02,3428943
Agust D,2024-12-03,3441082
Agust D,2024-12-04,3442980
Agust D,2024-12-05,3435301
Agust D,2024-12-06,3449175
Agust D,2024-12-07,3485417
Agust D,2024-12-08,3486438
Agust D,2024-12-09,3487459
Agust D,2024-12-10,3488479
Agust D,2024-12-11,3494418
Agust D,2024-12-12,3493349
Agust D,2024-12-13,3499181
Agust D,2024-12-14,3500867
Agust D,2024-12-15,3499785
Agust D,2024-12-16,3498702
Agust D,2024-12-17,3497619
Agust D,2024-12-18,3497495
Agust D,2024-12-19,3496165
Agust D,2024-12-20,3489208
Agust D,2024-12-21,3478940
Agust D,2024-12-22,3475026
Agust D,2024-12-23,3472103
Agust D,2024-12-24,3469180
Agust D,2024-12-25,3469287
Agust D,2024-12-26,3458375
Agust D,2024-12-27,3430732
Agust D,2024-12-28,3417423
Agust D,2024-12-29,3404114
Agust D,2024-12-30,3390804
Agust D,2024-12-31,3382987
Agust D,2025-01-01,3377756
Agust D,2025-01-02,3351272
Agust D,2025-01-03,3336368
Agust D,2025-01-04,3321464
Agust D,2025-01-05,3317703
Agust D,2025-01-06,3313942
Agust D,2025-01-07,3314136
Agust D,2025-01-08,3308364
Agust D,2025-01-09,3309238
Agust D,2025-01-10,3310111
Agust D,2025-01-11,3309439
Agust D,2025-01-12,3313486
Agust D,2025-01-13,3317533
Agust D,2025-01-14,3319537
Agust D,2025-01-15,3321051
Agust D,2025-01-16,3322564
Agust D,2025-01-17,3327910
Agust D,2025-01-18,3331354
Agust D,2025-01-19,3334797
Agust D,2025-01-20,3338241
Agust D,2025-01-21,3338068
Agust D,2025-01-22,3342875
Agust D,2025-01-23,3346819
Agust D,2025-01-24,3365293
Agust D,2025-01-25,3377941
Agust D,2025-01-26,3390588
Agust D,2025-01-27,3403236
Agust D,2025-01-28,3404510
Agust D,2025-01-29,3403802
Agust D,2025-01-30,3403093
Agust D,2025-01-31,3424234
Agust D,2025-02-01,3429873
Agust D,2025-02-02,3435512
Agust D,2025-02-03,3441150
Agust D,2025-02-04,3438726
Agust D,2025-02-05,3437735
Agust D,2025-02-06,3428798
Agust D,2025-02-07,3424175
Agust D,2025-02-08,3417147
Agust D,2025-02-09,3410832
Agust D,2025-02-10,3403478
Agust D,2025-02-11,3395294
Agust D,2025-02-12,3387795
Agust D,2025-02-13,3375531
Agust D,2025-02-14,3365776
Agust D,2025-02-15,3358042
Agust D,2025-02-16,3350308
Agust D,2025-02-17,3344992
Agust D,2025-02-18,3341273
Agust D,2025-02-19,3337553
Agust D,2025-02-20,3338064
Agust D,2025-02-21,3325752
Agust D,2025-02-22,3320621
Agust D,2025-02-23,3314528
Agust D,2025-02-24,3307397
Agust D,2025-02-25,3305675
Agust D,2025-02-26,3298609
Agust D,2025-02-27,3288385
Agust D,2025-02-28,3280158
Agust D,2025-03-01,3274352
Agust D,2025-03-02,3268545
Agust D,2025-03-03,3260498
Agust D,2025-03-04,3255707
Agust D,2025-03-05,3248783
Agust D,2025-03-06,3242403
Agust D,2025-03-07,3236023
Agust D,2025-03-08,3248906
Agust D,2025-03-09,3255094
Agust D,2025-03-10,3260832
Agust D,2025-03-11,3266570
Agust D,2025-03-12,3272308
Agust D,2025-03-13,3269979
Agust D,2025-03-14,3267902
Agust D,2025-03-15,3265825
Agust D,2025-03-16,3263748
Agust D,2025-03-17,3261671
Agust D,2025-03-18,3259594
Agust D,2025-03-19,3257517
Agust D,2025-03-20,3255440
Agust D,2025-03-21,3253363
Agust D,2025-03-22,3259274
Agust D,2025-03-23,3268382
Agust D,2025-03-24,3277934
Agust D,2025-03-25,3277928
Agust D,2025-03-26,3278545
Agust D,2025-03-27,3279161
Agust D,2025-03-28,3277920
Agust D,2025-03-29,3273797
Agust D,2025-03-30,3273549
Agust D,2025-03-31,3271277
Agust D,2025-04-01,3270873
Agust D,2025-04-02,3273671
Agust D,2025-04-03,3270373
Agust D,2025-04-04,3267075
Agust D,2025-04-05,3263776
Agust D,2025-04-06,3260478
Agust D,2025-04-07,3257179
Agust D,2025-04-08,3253881
Agust D,2025-04-09,3253702
Agust D,2025-04-10,3253523
Agust D,2025-04-11,3251663
Agust D,2025-04-12,3249802
Agust D,2025-04-13,3252219
Agust D,2025-04-14,3254635
Agust D,2025-04-15,3255536
Agust D,2025-04-16,3256436
Agust D,2025-04-17,3257337
Agust D,2025-04-18,3258237
Agust D,2025-04-19,3248068
Agust D,2025-04-20,3237898
Agust D,2025-04-21,3227729
Agust D,2025-04-22,3217560
Agust D,2025-04-23,3207390
Agust D,2025-04-24,3202269
Agust D,2025-04-25,3197147
Agust D,2025-04-26,3192025
Agust D,2025-04-27,3186904
Agust D,2025-04-28,3181782
Agust D,2025-04-29,3179955
Agust D,2025-04-30,3178128
Agust D,2025-05-01,3176301
Agust D,2025-05-02,3174474
Agust D,2025-05-03,3172030
Agust D,2025-05-04,3168408
Agust D,2025-05-05,3164785
Agust D,2025-05-06,3161163
Agust D,2025-05-07,3157175
Agust D,2025-05-08,3156874
Agust D,2025-05-09,3158917
Agust D,2025-05-10,3156804
Agust D,2025-05-11,3154691
Agust D,2025-05-12,3149522
Agust D,2025-05-13,3150441
Agust D,2025-05-14,3151359
Agust D,2025-05-15,3149989
Agust D,2025-05-16,3148619
Agust D,2025-05-17,3152429
Agust D,2025-05-18,3155336
Agust D,2025-05-19,3155906
Agust D,2025-05-20,3156914
Agust D,2025-05-21,3147116
Agust D,2025-05-22,3146296
Agust D,2025-05-23,3145476
Agust D,2025-05-24,3144656
Agust D,2025-05-25,3143836
Agust D,2025-05-26,3139431
Agust D,2025-05-27,3135025
Agust D,2025-05-28,3134303
Agust D,2025-05-29,3133581
Agust D,2025-05-30,3132859
Agust D,2025-05-31,3131386
Agust D,2025-06-01,3129912
Agust D,2025-06-02,3128439
Agust D,2025-06-03,3131720
Agust D,2025-06-04,3135001
Agust D,2025-06-05,3138855
Agust D,2025-06-06,3142710
Agust D,2025-06-07,3146565
Agust D,2025-06-08,3150419
Agust D,2025-06-09,3154273
Agust D,2025-06-10,3158128
Agust D,2025-06-11,3174679
Agust D,2025-06-12,3195943
Agust D,2025-06-13,3217206
Agust D,2025-06-14,3251943
Agust D,2025-06-15,3286679
Agust D,2025-06-16,3296895
Agust D,2025-06-17,3307111
Agust D,2025-06-18,3328277
Agust D,2025-06-19,3364877
Agust D,2025-06-20,3376713
Agust D,2025-06-21,3389896
Agust D,2025-06-22,3403079
Agust D,2025-06-23,3408027
Agust D,2025-06-24,3412975
Agust D,2025-06-25,3424602
Agust D,2025-06-26,3442244
Agust D,2025-06-27,3450345
Agust D,2025-06-28,3450625
Agust D,2025-06-29,3450905
Agust D,2025-06-30,3455512
Agust D,2025-07-01,3458272
Agust D,2025-07-02,3462264
Agust D,2025-07-03,3470656
Agust D,2025-07-04,3472251
Agust D,2025-07-05,3472023
Agust D,2025-07-06,3468285
Agust D,2025-07-07,3464547
Agust D,2025-07-08,3468682
Agust D,2025-07-09,3467701
Agust D,2025-07-10,3466720
Agust D,2025-07-11,3458967
Agust D,2025-07-12,3450769
Agust D,2025-07-13,3427805
Agust D,2025-07-14,3408826
Agust D,2025-07-15,3398192
Agust D,2025-07-16,3380531
Agust D,2025-07-17,3366899
Agust D,2025-07-18,3346575
Agust D,2025-07-19,3354673
Agust D,2025-07-20,3362770
Agust D,2025-07-21,3365443
Agust D,2025-07-22,3369854
Agust D,2025-07-23,3366164
Agust D,2025-07-24,3362473
Agust D,2025-07-25,3357660
Agust D,2025-07-26,3358928
Agust D,2025-07-27,3360354
Agust D,2025-07-28,3357918
Agust D,2025-07-29,3355482
Agust D,2025-07-30,3349059
Agust D,2025-07-31,3345473
Agust D,2025-08-01,3343916
Agust D,2025-08-02,3342359
Agust D,2025-08-03,3344872
Agust D,2025-08-04,3345489
Agust D,2025-08-05,3346105
Agust D,2025-08-06,3337873
Agust D,2025-08-07,3327018
Agust D,2025-08-08,3316104
Agust D,2025-08-09,3297539
Agust D,2025-08-10,3286094
Agust D,2025-08-11,3283097
Agust D,2025-08-12,3280100
Agust D,2025-08-13,3275788
Agust D,2025-08-14,3270277
Agust D,2025-08-15,3264766
Agust D,2025-08-16,3238553
Agust D,2025-08-17,3230515
Agust D,2025-08-18,3222478
Agust D,2025-08-19,3214440
Agust D,2025-08-20,3198988
Agust D,2025-08-21,3176060
Agust D,2025-08-22,3169624
Agust D,2025-08-23,3170618
Agust D,2025-08-24,3169781
Agust D,2025-08-25,3171132
Agust D,2025-08-26,3172482
Agust D,2025-08-27,3172544
Agust D,2025-08-28,3156601
Agust D,2025-08-29,3151125
Agust D,2025-08-30,3145648
Agust D,2025-08-31,3130919
Agust D,2025-09-01,3116190
Agust D,2025-09-02,3103087
Agust D,2025-09-03,3095550
Agust D,2025-09-04,3088013
Agust D,2025-09-05,3083928
Agust D,2025-09-06,3075632
Agust D,2025-09-07,3067337
Agust D,2025-09-08,3059041
Agust D,2025-09-09,3051302
Agust D,2025-09-10,3043563
Agust D,2025-09-11,3035825
Agust D,2025-09-12,3028085
Agust D,2025-09-13,3020347
Agust D,2025-09-14,3012608
Agust D,2025-09-15,3004869
Agust D,2025-09-16,2997130
Agust D,2025-09-17,2994779
Agust D,2025-09-18,2992427
Agust D,2025-09-19,2988934
Agust D,2025-09-20,2979500
Agust D,2025-09-21,2970066
Agust D,2025-09-22,2963916
Agust D,2025-09-23,2957766
Agust D,2025-09-24,2947843
Agust D,2025-09-25,2941298
Agust D,2025-09-26,2940864
Agust D,2025-09-27,2940430
Agust D,2025-09-28,2937797
Agust D,2025-09-29,2939866
Agust D,2025-09-30,2944809
Agust D,2025-10-01,2945666
Agust D,2025-10-02,2944752
Agust D,2025-10-03,2954075
Agust D,2025-10-04,2961658
Agust D,2025-10-05,2963782
Agust D,2025-10-06,2965905
Agust D,2025-10-07,2966214
Agust D,2025-10-08,2966522
Agust D,2025-10-09,2969796
Agust D,2025-10-10,2966604
Agust D,2025-10-11,2963789
Agust D,2025-10-12,2959448
Agust D,2025-10-13,2959315
Agust D,2025-10-14,2959182
Agust D,2025-10-15,2958692
Agust D,2025-10-16,2955602
Agust D,2025-10-17,2954389
Agust D,2025-10-18,2953176
Agust D,2025-10-19,2950552
Agust D,2025-10-20,2947928
Agust D,2025-10-21,2944871
Agust D,2025-10-22,2937499
Agust D,2025-10-23,2936925
Agust D,2025-10-24,2930298
Agust D,2025-10-25,2928391
Agust D,2025-10-26,2930224
Agust D,2025-10-27,2932056
Agust D,2025-10-28,2922224
Agust D,2025-10-29,2919287
Agust D,2025-10-30,2917735
Agust D,2025-10-31,2916183
Agust D,2025-11-01,2900473
Agust D,2025-11-02,2892689
Agust D,2025-11-03,2890122
Agust D,2025-11-04,2887555
Agust D,2025-11-05,2887083
Agust D,2025-11-06,2878164
Agust D,2025-11-07,2875706
Agust D,2025-11-08,2875266
Agust D,2025-11-09,2874826
Agust D,2025-11-10,2869627
Agust D,2025-11-11,2867795
Agust D,2025-11-12,2868229
Agust D,2025-11-13,2868662
Agust D,2025-11-14,2868208
Agust D,2025-11-15,2863377
Agust D,2025-11-16,2862735
Agust D,2025-11-17,2862093
Agust D,2025-11-18,2866619
Agust D,2025-11-19,2864247
Agust D,2025-11-20,2861875
Agust D,2025-11-21,2859625
Agust D,2025-11-22,2855646
Agust D,2025-11-23,2862819
Agust D,2025-11-24,2865224
Agust D,2025-11-25,2863983
Agust D,2025-11-26,2862741
Agust D,2025-11-27,2861500
Agust D,2025-11-28,2860258
Agust D,2025-11-29,2859017
Agust D,2025-11-30,2857775
Agust D,2025-12-01,2857081
Agust D,2025-12-02,2856387
Agust D,2025-12-03,2851178
Agust D,2025-12-04,2856696
Agust D,2025-12-05,2865947
Agust D,2025-12-06,2872917
Agust D,2025-12-07,2879887
Agust D,2025-12-08,2886240
Agust D,2025-12-09,2889345
Agust D,2025-12-10,2892450
Agust D,2025-12-11,2895555
Agust D,2025-12-12,2894979
Agust D,2025-12-13,2894402
Agust D,2025-12-14,2892434
Agust D,2025-12-15,2893849
Agust D,2025-12-16,2891868
Agust D,2025-12-17,2889887
Agust D,2025-12-18,2891449
Agust D,2025-12-19,2892045
Agust D,2025-12-20,2892640
Agust D,2025-12-21,2884259
Agust D,2025-12-22,2880933
Agust D,2025-12-23,2876660
Agust D,2025-12-24,2872388
Agust D,2025-12-25,2868115
Agust D,2025-12-26,2863842
Agust D,2025-12-27,2859569
Agust D,2025-12-28,2861427
Agust D,2025-12-29,2863286
Agust D,2025-12-30,2865144
Agust D,2025-12-31,2867002
Agust D,2026-01-01,2856875
Agust D,2026-01-02,2846748
Agust D,2026-01-03,2836621
Agust D,2026-01-04,2836781
Agust D,2026-01-05,2836284
Agust D,2026-01-06,2835786
Agust D,2026-01-07,2853659
Agust D,2026-01-08,2860924
Agust D,2026-01-09,2868188
Agust D,2026-01-10,2873144
Agust D,2026-01-11,2878100
Agust D,2026-01-12,2886120
Agust D,2026-01-13,2900918
Agust D,2026-01-14,2913599
Agust D,2026-01-15,2926280
Agust D,2026-01-16,2991675
Agust D,2026-01-17,3015206
Agust D,2026-01-18,3029567
Agust D,2026-01-19,3043927
Agust D,2026-01-20,3075614
Agust D,2026-01-21,3098552
Agust D,2026-01-22,3118216
Agust D,2026-01-23,3137006
Agust D,2026-01-24,3219746
Agust D,2026-01-25,3230038
Agust D,2026-01-26,3240329
Agust D,2026-01-27,3269902
Agust D,2026-01-28,3279424
Agust D,2026-01-29,3288946
Agust D,2026-01-30,3291093
Agust D,2026-01-31,3310177
Agust D,2026-02-01,3326405
Agust D,2026-02-02,3340850
Agust D,2026-02-03,3346424
Agust D,2026-02-04,3353231
Agust D,2026-02-05,3357805
Agust D,2026-02-06,3362378
Agust D,2026-02-07,3372951
Agust D,2026-02-08,3383778
Agust D,2026-02-09,3407088
Agust D,2026-02-10,3409234
Agust D,2026-02-11,3411379
Agust D,2026-02-12,3405308
Agust D,2026-02-13,3386566
Agust D,2026-02-14,3378514
Agust D,2026-02-15,3369931
Agust D,2026-02-16,3359153
Agust D,2026-02-17,3346169
Agust D,2026-02-18,3337380
Agust D,2026-02-19,3324270
Agust D,2026-02-20,3308954
Agust D,2026-02-21,3265165
Agust D,2026-02-22,3246678
Agust D,2026-02-23,3237285
Agust D,2026-02-24,3225989
Agust D,2026-02-25,3210209
Agust D,2026-02-26,3204893
Agust D,2026-02-27,3199576
Agust D,2026-02-28,3185570
Agust D,2026-03-01,3175280
Agust D,2026-03-02,3153362
Agust D,2026-03-03,3146562
Agust D,2026-03-04,3140097
Agust D,2026-03-05,3133631
Agust D,2026-03-06,3124135
Agust D,2026-03-07,3114639
Agust D,2026-03-08,3110279
Agust D,2026-03-09,3105919
Agust D,2026-03-10,3095050
Agust D,2026-03-11,3090863
Agust D,2026-03-12,3086860
Agust D,2026-03-13,3081014
Agust D,2026-03-14,3082322
Agust D,2026-03-15,3083629
Agust D,2026-03-16,3092702
Agust D,2026-03-17,3101924
Agust D,2026-03-18,3111145
Agust D,2026-03-19,3118155
Agust D,2026-03-20,3125165
Agust D,2026-03-21,3355516
Agust D,2026-03-22,3488121
Agust D,2026-03-23,3541944
Agust D,2026-03-24,3595767
Agust D,2026-03-25,3705780
Agust D,2026-03-26,3875666
Agust D,2026-03-27,3921312
Agust D,2026-03-28,3966958
Agust D,2026-03-29,4035926
Agust D,2026-03-30,4152422
Agust D,2026-03-31,4184898
Agust D,2026-04-01,4217374
Agust D,2026-04-02,4288543
Agust D,2026-04-03,4331199
Agust D,2026-04-04,4388715
Agust D,2026-04-05,4406146
Agust D,2026-04-06,4423576
Agust D,2026-04-07,4450494
Agust D,2026-04-08,4483143
Agust D,2026-04-09,4518498
Agust D,2026-04-10,4551053
Agust D,2026-04-11,4582442
Agust D,2026-04-12,4622502
BABYMONSTER,2024-04-13,4841928
BABYMONSTER,2024-04-14,4841928
BABYMONSTER,2024-04-15,4841928
BABYMONSTER,2024-04-16,4841928
BABYMONSTER,2024-04-17,4841928
BABYMONSTER,2024-04-18,4841928
BABYMONSTER,2024-04-19,7536390
BABYMONSTER,2024-04-20,7766025
BABYMONSTER,2024-04-21,7766025
BABYMONSTER,2024-04-22,8265143
BABYMONSTER,2024-04-23,8455763
BABYMONSTER,2024-04-24,8683826
BABYMONSTER,2024-04-25,8878306
BABYMONSTER,2024-04-26,9061032
BABYMONSTER,2024-04-27,9247386
BABYMONSTER,2024-04-28,9434039
BABYMONSTER,2024-04-29,9582549
BABYMONSTER,2024-04-30,9680994
BABYMONSTER,2024-05-01,9768434
BABYMONSTER,2024-05-02,9850532
BABYMONSTER,2024-05-03,9929699
BABYMONSTER,2024-05-04,9992642
BABYMONSTER,2024-05-05,10046039
BABYMONSTER,2024-05-06,10072324
BABYMONSTER,2024-05-07,10069481
BABYMONSTER,2024-05-08,10046749
BABYMONSTER,2024-05-09,10044278
BABYMONSTER,2024-05-10,10031814
BABYMONSTER,2024-05-11,10018122
BABYMONSTER,2024-05-12,10033690
BABYMONSTER,2024-05-13,10051713
BABYMONSTER,2024-05-14,10055815
BABYMONSTER,2024-05-15,10058550
BABYMONSTER,2024-05-16,10050279
BABYMONSTER,2024-05-17,10041050
BABYMONSTER,2024-05-18,10023429
BABYMONSTER,2024-05-19,10001318
BABYMONSTER,2024-05-20,9968718
BABYMONSTER,2024-05-21,9955105
BABYMONSTER,2024-05-22,9905995
BABYMONSTER,2024-05-23,9878551
BABYMONSTER,2024-05-24,9878551
BABYMONSTER,2024-05-25,9860650
BABYMONSTER,2024-05-26,9860650
BABYMONSTER,2024-05-27,9852454
BABYMONSTER,2024-05-28,9820503
BABYMONSTER,2024-05-29,9810415
BABYMONSTER,2024-05-30,9810415
BABYMONSTER,2024-05-31,9795166
BABYMONSTER,2024-06-01,9791083
BABYMONSTER,2024-06-02,9798477
BABYMONSTER,2024-06-03,9819504
BABYMONSTER,2024-06-04,9857979
BABYMONSTER,2024-06-05,9857979
BABYMONSTER,2024-06-06,9878787
BABYMONSTER,2024-06-07,9895510
BABYMONSTER,2024-06-08,9899597
BABYMONSTER,2024-06-09,9945700
BABYMONSTER,2024-06-10,9945700
BABYMONSTER,2024-06-11,9951506
BABYMONSTER,2024-06-12,9966537
BABYMONSTER,2024-06-13,9971281
BABYMONSTER,2024-06-14,9974522
BABYMONSTER,2024-06-15,9974522
BABYMONSTER,2024-06-16,9977510
BABYMONSTER,2024-06-17,9936096
BABYMONSTER,2024-06-18,9914964
BABYMONSTER,2024-06-19,9898021
BABYMONSTER,2024-06-20,9898021
BABYMONSTER,2024-06-21,9866694
BABYMONSTER,2024-06-22,9822297
BABYMONSTER,2024-06-23,9791273
BABYMONSTER,2024-06-24,9750421
BABYMONSTER,2024-06-25,9673429
BABYMONSTER,2024-06-26,9626772
BABYMONSTER,2024-06-27,9586367
BABYMONSTER,2024-06-28,9586367
BABYMONSTER,2024-06-29,9552063
BABYMONSTER,2024-06-30,9524936
BABYMONSTER,2024-07-01,9458760
BABYMONSTER,2024-07-02,9451764
BABYMONSTER,2024-07-03,9437843
BABYMONSTER,2024-07-04,9437843
BABYMONSTER,2024-07-05,9434064
BABYMONSTER,2024-07-06,9429647
BABYMONSTER,2024-07-07,9435182
BABYMONSTER,2024-07-08,9431316
BABYMONSTER,2024-07-09,9439382
BABYMONSTER,2024-07-10,9439625
BABYMONSTER,2024-07-11,9445853
BABYMONSTER,2024-07-12,9445853
BABYMONSTER,2024-07-13,9453286
BABYMONSTER,2024-07-14,9453286
BABYMONSTER,2024-07-15,9467577
BABYMONSTER,2024-07-16,9485383
BABYMONSTER,2024-07-17,9492962
BABYMONSTER,2024-07-18,9492962
BABYMONSTER,2024-07-19,9499729
BABYMONSTER,2024-07-20,9501257
BABYMONSTER,2024-07-21,9498450
BABYMONSTER,2024-07-22,9495643
BABYMONSTER,2024-07-23,9490684
BABYMONSTER,2024-07-24,9482661
BABYMONSTER,2024-07-25,9480862
BABYMONSTER,2024-07-26,9472268
BABYMONSTER,2024-07-27,9451578
BABYMONSTER,2024-07-28,9391567
BABYMONSTER,2024-07-29,9365355
BABYMONSTER,2024-07-30,9339145
BABYMONSTER,2024-07-31,9325867
BABYMONSTER,2024-08-01,9295454
BABYMONSTER,2024-08-02,9265042
BABYMONSTER,2024-08-03,9221193
BABYMONSTER,2024-08-04,9184042
BABYMONSTER,2024-08-05,9142400
BABYMONSTER,2024-08-06,9100757
BABYMONSTER,2024-08-07,9063527
BABYMONSTER,2024-08-08,9019322
BABYMONSTER,2024-08-09,8971267
BABYMONSTER,2024-08-10,8923213
BABYMONSTER,2024-08-11,8870126
BABYMONSTER,2024-08-12,8834797
BABYMONSTER,2024-08-13,8783924
BABYMONSTER,2024-08-14,8740286
BABYMONSTER,2024-08-15,8691555
BABYMONSTER,2024-08-16,8607420
BABYMONSTER,2024-08-17,8523284
BABYMONSTER,2024-08-18,8339165
BABYMONSTER,2024-08-19,8249161
BABYMONSTER,2024-08-20,8159156
BABYMONSTER,2024-08-21,8441092
BABYMONSTER,2024-08-22,8393773
BABYMONSTER,2024-08-23,8372864
BABYMONSTER,2024-08-24,8342638
BABYMONSTER,2024-08-25,8315718
BABYMONSTER,2024-08-26,8292294
BABYMONSTER,2024-08-27,8278083
BABYMONSTER,2024-08-28,8261534
BABYMONSTER,2024-08-29,8249055
BABYMONSTER,2024-08-30,8236576
BABYMONSTER,2024-08-31,8204652
BABYMONSTER,2024-09-01,8189175
BABYMONSTER,2024-09-02,8174372
BABYMONSTER,2024-09-03,8157341
BABYMONSTER,2024-09-04,8134689
BABYMONSTER,2024-09-05,8092796
BABYMONSTER,2024-09-06,8052927
BABYMONSTER,2024-09-07,8013058
BABYMONSTER,2024-09-08,7979757
BABYMONSTER,2024-09-09,7938001
BABYMONSTER,2024-09-10,7915069
BABYMONSTER,2024-09-11,7893713
BABYMONSTER,2024-09-12,7862267
BABYMONSTER,2024-09-13,7834504
BABYMONSTER,2024-09-14,7804998
BABYMONSTER,2024-09-15,7789593
BABYMONSTER,2024-09-16,7774187
BABYMONSTER,2024-09-17,7768352
BABYMONSTER,2024-09-18,7750651
BABYMONSTER,2024-09-19,7731929
BABYMONSTER,2024-09-20,7694678
BABYMONSTER,2024-09-21,7657426
BABYMONSTER,2024-09-22,7638364
BABYMONSTER,2024-09-23,7618007
BABYMONSTER,2024-09-24,7573341
BABYMONSTER,2024-09-25,7531159
BABYMONSTER,2024-09-26,7517154
BABYMONSTER,2024-09-27,7503148
BABYMONSTER,2024-09-28,7421020
BABYMONSTER,2024-09-29,7405372
BABYMONSTER,2024-09-30,7389724
BABYMONSTER,2024-10-01,7345106
BABYMONSTER,2024-10-02,7300487
BABYMONSTER,2024-10-03,7257758
BABYMONSTER,2024-10-04,7239933
BABYMONSTER,2024-10-05,7228247
BABYMONSTER,2024-10-06,7227014
BABYMONSTER,2024-10-07,7225780
BABYMONSTER,2024-10-08,7216735
BABYMONSTER,2024-10-09,7206194
BABYMONSTER,2024-10-10,7219329
BABYMONSTER,2024-10-11,7212682
BABYMONSTER,2024-10-12,7206035
BABYMONSTER,2024-10-13,7204981
BABYMONSTER,2024-10-14,7203927
BABYMONSTER,2024-10-15,7174401
BABYMONSTER,2024-10-16,7169374
BABYMONSTER,2024-10-17,7164346
BABYMONSTER,2024-10-18,7147004
BABYMONSTER,2024-10-19,7129662
BABYMONSTER,2024-10-20,7137673
BABYMONSTER,2024-10-21,7145684
BABYMONSTER,2024-10-22,7182322
BABYMONSTER,2024-10-23,7218960
BABYMONSTER,2024-10-24,7246374
BABYMONSTER,2024-10-25,7272909
BABYMONSTER,2024-10-26,7299444
BABYMONSTER,2024-10-27,7307511
BABYMONSTER,2024-10-28,7315577
BABYMONSTER,2024-10-29,7324909
BABYMONSTER,2024-10-30,7381934
BABYMONSTER,2024-10-31,7386867
BABYMONSTER,2024-11-01,7391800
BABYMONSTER,2024-11-02,7529999
BABYMONSTER,2024-11-03,7578691
BABYMONSTER,2024-11-04,7627382
BABYMONSTER,2024-11-05,7963994
BABYMONSTER,2024-11-06,8049430
BABYMONSTER,2024-11-07,8142984
BABYMONSTER,2024-11-08,8265694
BABYMONSTER,2024-11-09,8388404
BABYMONSTER,2024-11-10,8511913
BABYMONSTER,2024-11-11,8610496
BABYMONSTER,2024-11-12,8700789
BABYMONSTER,2024-11-13,8799170
BABYMONSTER,2024-11-14,8852024
BABYMONSTER,2024-11-15,8904878
BABYMONSTER,2024-11-16,9103936
BABYMONSTER,2024-11-17,9143634
BABYMONSTER,2024-11-18,9183332
BABYMONSTER,2024-11-19,9299030
BABYMONSTER,2024-11-20,9345766
BABYMONSTER,2024-11-21,9378109
BABYMONSTER,2024-11-22,9412681
BABYMONSTER,2024-11-23,9463365
BABYMONSTER,2024-11-24,9532365
BABYMONSTER,2024-11-25,9601366
BABYMONSTER,2024-11-26,9634637
BABYMONSTER,2024-11-27,9667909
BABYMONSTER,2024-11-28,9773757
BABYMONSTER,2024-11-29,9831314
BABYMONSTER,2024-11-30,9888872
BABYMONSTER,2024-12-01,9906781
BABYMONSTER,2024-12-02,9868321
BABYMONSTER,2024-12-03,9856148
BABYMONSTER,2024-12-04,9843975
BABYMONSTER,2024-12-05,9838627
BABYMONSTER,2024-12-06,9851619
BABYMONSTER,2024-12-07,9864610
BABYMONSTER,2024-12-08,9854735
BABYMONSTER,2024-12-09,9844860
BABYMONSTER,2024-12-10,9834985
BABYMONSTER,2024-12-11,9818898
BABYMONSTER,2024-12-12,9802812
BABYMONSTER,2024-12-13,9776440
BABYMONSTER,2024-12-14,9718040
BABYMONSTER,2024-12-15,9676137
BABYMONSTER,2024-12-16,9634234
BABYMONSTER,2024-12-17,9599239
BABYMONSTER,2024-12-18,9569075
BABYMONSTER,2024-12-19,9538911
BABYMONSTER,2024-12-20,9508525
BABYMONSTER,2024-12-21,9463659
BABYMONSTER,2024-12-22,9420059
BABYMONSTER,2024-12-23,9359253
BABYMONSTER,2024-12-24,9311125
BABYMONSTER,2024-12-25,9262998
BABYMONSTER,2024-12-26,9207922
BABYMONSTER,2024-12-27,9171653
BABYMONSTER,2024-12-28,9159564
BABYMONSTER,2024-12-29,9111206
BABYMONSTER,2024-12-30,9062847
BABYMONSTER,2024-12-31,9019858
BABYMONSTER,2025-01-01,8991034
BABYMONSTER,2025-01-02,8967367
BABYMONSTER,2025-01-03,8943700
BABYMONSTER,2025-01-04,8849321
BABYMONSTER,2025-01-05,8786945
BABYMONSTER,2025-01-06,8724570
BABYMONSTER,2025-01-07,8711106
BABYMONSTER,2025-01-08,8697643
BABYMONSTER,2025-01-09,8686539
BABYMONSTER,2025-01-10,8632996
BABYMONSTER,2025-01-11,8618177
BABYMONSTER,2025-01-12,8609118
BABYMONSTER,2025-01-13,8600059
BABYMONSTER,2025-01-14,8604613
BABYMONSTER,2025-01-15,8609166
BABYMONSTER,2025-01-16,8600314
BABYMONSTER,2025-01-17,8594921
BABYMONSTER,2025-01-18,8623205
BABYMONSTER,2025-01-19,8651490
BABYMONSTER,2025-01-20,8679774
BABYMONSTER,2025-01-21,8754508
BABYMONSTER,2025-01-22,8786973
BABYMONSTER,2025-01-23,8819437
BABYMONSTER,2025-01-24,8843834
BABYMONSTER,2025-01-25,8868231
BABYMONSTER,2025-01-26,8892627
BABYMONSTER,2025-01-27,8917024
BABYMONSTER,2025-01-28,8963311
BABYMONSTER,2025-01-29,8948441
BABYMONSTER,2025-01-30,8981621
BABYMONSTER,2025-01-31,9001612
BABYMONSTER,2025-02-01,9021603
BABYMONSTER,2025-02-02,9041594
BABYMONSTER,2025-02-03,9061585
BABYMONSTER,2025-02-04,9062196
BABYMONSTER,2025-02-05,9066180
BABYMONSTER,2025-02-06,9070163
BABYMONSTER,2025-02-07,9070867
BABYMONSTER,2025-02-08,9073841
BABYMONSTER,2025-02-09,9083438
BABYMONSTER,2025-02-10,9082530
BABYMONSTER,2025-02-11,9067109
BABYMONSTER,2025-02-12,9044482
BABYMONSTER,2025-02-13,9018180
BABYMONSTER,2025-02-14,8987440
BABYMONSTER,2025-02-15,8964565
BABYMONSTER,2025-02-16,8941689
BABYMONSTER,2025-02-17,8920435
BABYMONSTER,2025-02-18,8890536
BABYMONSTER,2025-02-19,8860637
BABYMONSTER,2025-02-20,8857273
BABYMONSTER,2025-02-21,8824761
BABYMONSTER,2025-02-22,8796446
BABYMONSTER,2025-02-23,8766696
BABYMONSTER,2025-02-24,8731611
BABYMONSTER,2025-02-25,8690473
BABYMONSTER,2025-02-26,8657769
BABYMONSTER,2025-02-27,8612185
BABYMONSTER,2025-02-28,8561048
BABYMONSTER,2025-03-01,8533864
BABYMONSTER,2025-03-02,8506680
BABYMONSTER,2025-03-03,8461448
BABYMONSTER,2025-03-04,8419256
BABYMONSTER,2025-03-05,8388088
BABYMONSTER,2025-03-06,8352848
BABYMONSTER,2025-03-07,8317608
BABYMONSTER,2025-03-08,8279966
BABYMONSTER,2025-03-09,8241082
BABYMONSTER,2025-03-10,8214104
BABYMONSTER,2025-03-11,8187125
BABYMONSTER,2025-03-12,8160146
BABYMONSTER,2025-03-13,8136330
BABYMONSTER,2025-03-14,8107482
BABYMONSTER,2025-03-15,8078635
BABYMONSTER,2025-03-16,8049786
BABYMONSTER,2025-03-17,8020938
BABYMONSTER,2025-03-18,7992090
BABYMONSTER,2025-03-19,7963242
BABYMONSTER,2025-03-20,7934394
BABYMONSTER,2025-03-21,7905546
BABYMONSTER,2025-03-22,7875911
BABYMONSTER,2025-03-23,7837129
BABYMONSTER,2025-03-24,7803876
BABYMONSTER,2025-03-25,7787457
BABYMONSTER,2025-03-26,7753137
BABYMONSTER,2025-03-27,7717048
BABYMONSTER,2025-03-28,7680958
BABYMONSTER,2025-03-29,7629661
BABYMONSTER,2025-03-30,7587837
BABYMONSTER,2025-03-31,7580478
BABYMONSTER,2025-04-01,7566649
BABYMONSTER,2025-04-02,7559653
BABYMONSTER,2025-04-03,7553372
BABYMONSTER,2025-04-04,7547091
BABYMONSTER,2025-04-05,7537200
BABYMONSTER,2025-04-06,7527309
BABYMONSTER,2025-04-07,7507386
BABYMONSTER,2025-04-08,7487461
BABYMONSTER,2025-04-09,7479199
BABYMONSTER,2025-04-10,7475883
BABYMONSTER,2025-04-11,7472566
BABYMONSTER,2025-04-12,7458945
BABYMONSTER,2025-04-13,7437802
BABYMONSTER,2025-04-14,7433104
BABYMONSTER,2025-04-15,7411290
BABYMONSTER,2025-04-16,7407318
BABYMONSTER,2025-04-17,7403345
BABYMONSTER,2025-04-18,7382337
BABYMONSTER,2025-04-19,7371005
BABYMONSTER,2025-04-20,7363499
BABYMONSTER,2025-04-21,7355992
BABYMONSTER,2025-04-22,7327627
BABYMONSTER,2025-04-23,7318320
BABYMONSTER,2025-04-24,7309012
BABYMONSTER,2025-04-25,7290260
BABYMONSTER,2025-04-26,7282625
BABYMONSTER,2025-04-27,7253470
BABYMONSTER,2025-04-28,7224315
BABYMONSTER,2025-04-29,7227936
BABYMONSTER,2025-04-30,7217187
BABYMONSTER,2025-05-01,7206437
BABYMONSTER,2025-05-02,7199398
BABYMONSTER,2025-05-03,7184041
BABYMONSTER,2025-05-04,7168684
BABYMONSTER,2025-05-05,7153327
BABYMONSTER,2025-05-06,7137970
BABYMONSTER,2025-05-07,7129923
BABYMONSTER,2025-05-08,7134445
BABYMONSTER,2025-05-09,7141424
BABYMONSTER,2025-05-10,7168739
BABYMONSTER,2025-05-11,7196054
BABYMONSTER,2025-05-12,7195838
BABYMONSTER,2025-05-13,7213931
BABYMONSTER,2025-05-14,7232023
BABYMONSTER,2025-05-15,7228807
BABYMONSTER,2025-05-16,7225590
BABYMONSTER,2025-05-17,7232471
BABYMONSTER,2025-05-18,7234915
BABYMONSTER,2025-05-19,7228249
BABYMONSTER,2025-05-20,7224956
BABYMONSTER,2025-05-21,7218057
BABYMONSTER,2025-05-22,7214184
BABYMONSTER,2025-05-23,7210310
BABYMONSTER,2025-05-24,7199817
BABYMONSTER,2025-05-25,7189324
BABYMONSTER,2025-05-26,7183342
BABYMONSTER,2025-05-27,7177360
BABYMONSTER,2025-05-28,7166274
BABYMONSTER,2025-05-29,7170107
BABYMONSTER,2025-05-30,7173939
BABYMONSTER,2025-05-31,7190046
BABYMONSTER,2025-06-01,7206151
BABYMONSTER,2025-06-02,7200918
BABYMONSTER,2025-06-03,7195684
BABYMONSTER,2025-06-04,7191783
BABYMONSTER,2025-06-05,7167418
BABYMONSTER,2025-06-06,7143053
BABYMONSTER,2025-06-07,7118687
BABYMONSTER,2025-06-08,7094322
BABYMONSTER,2025-06-09,7074956
BABYMONSTER,2025-06-10,7055590
BABYMONSTER,2025-06-11,7022633
BABYMONSTER,2025-06-12,7011577
BABYMONSTER,2025-06-13,7000521
BABYMONSTER,2025-06-14,6972677
BABYMONSTER,2025-06-15,6944832
BABYMONSTER,2025-06-16,6938059
BABYMONSTER,2025-06-17,6931286
BABYMONSTER,2025-06-18,6919511
BABYMONSTER,2025-06-19,6897871
BABYMONSTER,2025-06-20,6896740
BABYMONSTER,2025-06-21,6895608
BABYMONSTER,2025-06-22,6889505
BABYMONSTER,2025-06-23,6867892
BABYMONSTER,2025-06-24,6857187
BABYMONSTER,2025-06-25,6844515
BABYMONSTER,2025-06-26,6831842
BABYMONSTER,2025-06-27,6831050
BABYMONSTER,2025-06-28,6830258
BABYMONSTER,2025-06-29,6799468
BABYMONSTER,2025-06-30,6796288
BABYMONSTER,2025-07-01,6801150
BABYMONSTER,2025-07-02,6823841
BABYMONSTER,2025-07-03,6848910
BABYMONSTER,2025-07-04,6935942
BABYMONSTER,2025-07-05,7022974
BABYMONSTER,2025-07-06,7063320
BABYMONSTER,2025-07-07,7118410
BABYMONSTER,2025-07-08,7202363
BABYMONSTER,2025-07-09,7243672
BABYMONSTER,2025-07-10,7284980
BABYMONSTER,2025-07-11,7348928
BABYMONSTER,2025-07-12,7417964
BABYMONSTER,2025-07-13,7480662
BABYMONSTER,2025-07-14,7551605
BABYMONSTER,2025-07-15,7611119
BABYMONSTER,2025-07-16,7709600
BABYMONSTER,2025-07-17,7750862
BABYMONSTER,2025-07-18,7790656
BABYMONSTER,2025-07-19,7830449
BABYMONSTER,2025-07-20,7864488
BABYMONSTER,2025-07-21,7892877
BABYMONSTER,2025-07-22,7921265
BABYMONSTER,2025-07-23,7949006
BABYMONSTER,2025-07-24,7966191
BABYMONSTER,2025-07-25,7970117
BABYMONSTER,2025-07-26,7974042
BABYMONSTER,2025-07-27,7996954
BABYMONSTER,2025-07-28,8010704
BABYMONSTER,2025-07-29,8014100
BABYMONSTER,2025-07-30,8012696
BABYMONSTER,2025-07-31,8006579
BABYMONSTER,2025-08-01,7995230
BABYMONSTER,2025-08-02,7983880
BABYMONSTER,2025-08-03,7907628
BABYMONSTER,2025-08-04,7887069
BABYMONSTER,2025-08-05,7808547
BABYMONSTER,2025-08-06,7746522
BABYMONSTER,2025-08-07,7704950
BABYMONSTER,2025-08-08,7681218
BABYMONSTER,2025-08-09,7657485
BABYMONSTER,2025-08-10,7614967
BABYMONSTER,2025-08-11,7576993
BABYMONSTER,2025-08-12,7499946
BABYMONSTER,2025-08-13,7468333
BABYMONSTER,2025-08-14,7438912
BABYMONSTER,2025-08-15,7425163
BABYMONSTER,2025-08-16,7411413
BABYMONSTER,2025-08-17,7361014
BABYMONSTER,2025-08-18,7331042
BABYMONSTER,2025-08-19,7327199
BABYMONSTER,2025-08-20,7316684
BABYMONSTER,2025-08-21,7313220
BABYMONSTER,2025-08-22,7309755
BABYMONSTER,2025-08-23,7304575
BABYMONSTER,2025-08-24,7290464
BABYMONSTER,2025-08-25,7285670
BABYMONSTER,2025-08-26,7267958
BABYMONSTER,2025-08-27,7259390
BABYMONSTER,2025-08-28,7250822
BABYMONSTER,2025-08-29,7236741
BABYMONSTER,2025-08-30,7222660
BABYMONSTER,2025-08-31,7214303
BABYMONSTER,2025-09-01,7205946
BABYMONSTER,2025-09-02,7200196
BABYMONSTER,2025-09-03,7194446
BABYMONSTER,2025-09-04,7172642
BABYMONSTER,2025-09-05,7159921
BABYMONSTER,2025-09-06,7147200
BABYMONSTER,2025-09-07,7119152
BABYMONSTER,2025-09-08,7091104
BABYMONSTER,2025-09-09,7058449
BABYMONSTER,2025-09-10,7025793
BABYMONSTER,2025-09-11,6993138
BABYMONSTER,2025-09-12,6960483
BABYMONSTER,2025-09-13,6927828
BABYMONSTER,2025-09-14,6895172
BABYMONSTER,2025-09-15,6862517
BABYMONSTER,2025-09-16,6829861
BABYMONSTER,2025-09-17,6779966
BABYMONSTER,2025-09-18,6730070
BABYMONSTER,2025-09-19,6716804
BABYMONSTER,2025-09-20,6703538
BABYMONSTER,2025-09-21,6675243
BABYMONSTER,2025-09-22,6654953
BABYMONSTER,2025-09-23,6641778
BABYMONSTER,2025-09-24,6628603
BABYMONSTER,2025-09-25,6576005
BABYMONSTER,2025-09-26,6561160
BABYMONSTER,2025-09-27,6546315
BABYMONSTER,2025-09-28,6512196
BABYMONSTER,2025-09-29,6480474
BABYMONSTER,2025-09-30,6402986
BABYMONSTER,2025-10-01,6379955
BABYMONSTER,2025-10-02,6356924
BABYMONSTER,2025-10-03,6310868
BABYMONSTER,2025-10-04,6281566
BABYMONSTER,2025-10-05,6260432
BABYMONSTER,2025-10-06,6238617
BABYMONSTER,2025-10-07,6219380
BABYMONSTER,2025-10-08,6200142
BABYMONSTER,2025-10-09,6180904
BABYMONSTER,2025-10-10,6156877
BABYMONSTER,2025-10-11,6217841
BABYMONSTER,2025-10-12,6278805
BABYMONSTER,2025-10-13,6341121
BABYMONSTER,2025-10-14,6427908
BABYMONSTER,2025-10-15,6514694
BABYMONSTER,2025-10-16,6602531
BABYMONSTER,2025-10-17,6702181
BABYMONSTER,2025-10-18,6801830
BABYMONSTER,2025-10-19,6876088
BABYMONSTER,2025-10-20,6950346
BABYMONSTER,2025-10-21,6981279
BABYMONSTER,2025-10-22,7012212
BABYMONSTER,2025-10-23,7090933
BABYMONSTER,2025-10-24,7169654
BABYMONSTER,2025-10-25,7220072
BABYMONSTER,2025-10-26,7252798
BABYMONSTER,2025-10-27,7293520
BABYMONSTER,2025-10-28,7334242
BABYMONSTER,2025-10-29,7382858
BABYMONSTER,2025-10-30,7431473
BABYMONSTER,2025-10-31,7480088
BABYMONSTER,2025-11-01,7536814
BABYMONSTER,2025-11-02,7568024
BABYMONSTER,2025-11-03,7599234
BABYMONSTER,2025-11-04,7630444
BABYMONSTER,2025-11-05,7661654
BABYMONSTER,2025-11-06,7696605
BABYMONSTER,2025-11-07,7703554
BABYMONSTER,2025-11-08,7710502
BABYMONSTER,2025-11-09,7717450
BABYMONSTER,2025-11-10,7706785
BABYMONSTER,2025-11-11,7696119
BABYMONSTER,2025-11-12,7678094
BABYMONSTER,2025-11-13,7660068
BABYMONSTER,2025-11-14,7633550
BABYMONSTER,2025-11-15,7579273
BABYMONSTER,2025-11-16,7506339
BABYMONSTER,2025-11-17,7433404
BABYMONSTER,2025-11-18,7415243
BABYMONSTER,2025-11-19,7397082
BABYMONSTER,2025-11-20,7327961
BABYMONSTER,2025-11-21,7315225
BABYMONSTER,2025-11-22,7302489
BABYMONSTER,2025-11-23,7257068
BABYMONSTER,2025-11-24,7247139
BABYMONSTER,2025-11-25,7237210
BABYMONSTER,2025-11-26,7227281
BABYMONSTER,2025-11-27,7212201
BABYMONSTER,2025-11-28,7197121
BABYMONSTER,2025-11-29,7182040
BABYMONSTER,2025-11-30,7166960
BABYMONSTER,2025-12-01,7161985
BABYMONSTER,2025-12-02,7157009
BABYMONSTER,2025-12-03,7150107
BABYMONSTER,2025-12-04,7143204
BABYMONSTER,2025-12-05,7153399
BABYMONSTER,2025-12-06,7162451
BABYMONSTER,2025-12-07,7171502
BABYMONSTER,2025-12-08,7218839
BABYMONSTER,2025-12-09,7228768
BABYMONSTER,2025-12-10,7246733
BABYMONSTER,2025-12-11,7263039
BABYMONSTER,2025-12-12,7267542
BABYMONSTER,2025-12-13,7272044
BABYMONSTER,2025-12-14,7286594
BABYMONSTER,2025-12-15,7293461
BABYMONSTER,2025-12-16,7296526
BABYMONSTER,2025-12-17,7301266
BABYMONSTER,2025-12-18,7311985
BABYMONSTER,2025-12-19,7322703
BABYMONSTER,2025-12-20,7334008
BABYMONSTER,2025-12-21,7345313
BABYMONSTER,2025-12-22,7356618
BABYMONSTER,2025-12-23,7375159
BABYMONSTER,2025-12-24,7393700
BABYMONSTER,2025-12-25,7412241
BABYMONSTER,2025-12-26,7430782
BABYMONSTER,2025-12-27,7449323
BABYMONSTER,2025-12-28,7467864
BABYMONSTER,2025-12-29,7486405
BABYMONSTER,2025-12-30,7504946
BABYMONSTER,2025-12-31,7523487
BABYMONSTER,2026-01-01,7559408
BABYMONSTER,2026-01-02,7595328
BABYMONSTER,2026-01-03,7605491
BABYMONSTER,2026-01-04,7608860
BABYMONSTER,2026-01-05,7636741
BABYMONSTER,2026-01-06,7656826
BABYMONSTER,2026-01-07,7676911
BABYMONSTER,2026-01-08,7684504
BABYMONSTER,2026-01-09,7692097
BABYMONSTER,2026-01-10,7714961
BABYMONSTER,2026-01-11,7750461
BABYMONSTER,2026-01-12,7760495
BABYMONSTER,2026-01-13,7770528
BABYMONSTER,2026-01-14,7790298
BABYMONSTER,2026-01-15,7801143
BABYMONSTER,2026-01-16,7812768
BABYMONSTER,2026-01-17,7818204
BABYMONSTER,2026-01-18,7850994
BABYMONSTER,2026-01-19,7849891
BABYMONSTER,2026-01-20,7848788
BABYMONSTER,2026-01-21,7832050
BABYMONSTER,2026-01-22,7833183
BABYMONSTER,2026-01-23,7834315
BABYMONSTER,2026-01-24,7851511
BABYMONSTER,2026-01-25,7843372
BABYMONSTER,2026-01-26,7835233
BABYMONSTER,2026-01-27,7817140
BABYMONSTER,2026-01-28,7808209
BABYMONSTER,2026-01-29,7799277
BABYMONSTER,2026-01-30,7777313
BABYMONSTER,2026-01-31,7765545
BABYMONSTER,2026-02-01,7745041
BABYMONSTER,2026-02-02,7724536
BABYMONSTER,2026-02-03,7699229
BABYMONSTER,2026-02-04,7676637
BABYMONSTER,2026-02-05,7654044
BABYMONSTER,2026-02-06,7643845
BABYMONSTER,2026-02-07,7633645
BABYMONSTER,2026-02-08,7626030
BABYMONSTER,2026-02-09,7618415
BABYMONSTER,2026-02-10,7614734
BABYMONSTER,2026-02-11,7611052
BABYMONSTER,2026-02-12,7596092
BABYMONSTER,2026-02-13,7581973
BABYMONSTER,2026-02-14,7569268
BABYMONSTER,2026-02-15,7558820
BABYMONSTER,2026-02-16,7544302
BABYMONSTER,2026-02-17,7525159
BABYMONSTER,2026-02-18,7517193
BABYMONSTER,2026-02-19,7501048
BABYMONSTER,2026-02-20,7484902
BABYMONSTER,2026-02-21,7480303
BABYMONSTER,2026-02-22,7475703
BABYMONSTER,2026-02-23,7474297
BABYMONSTER,2026-02-24,7470564
BABYMONSTER,2026-02-25,7462250
BABYMONSTER,2026-02-26,7454671
BABYMONSTER,2026-02-27,7447091
BABYMONSTER,2026-02-28,7452290
BABYMONSTER,2026-03-01,7462057
BABYMONSTER,2026-03-02,7471824
BABYMONSTER,2026-03-03,7473579
BABYMONSTER,2026-03-04,7475333
BABYMONSTER,2026-03-05,7478382
BABYMONSTER,2026-03-06,7471946
BABYMONSTER,2026-03-07,7462310
BABYMONSTER,2026-03-08,7452674
BABYMONSTER,2026-03-09,7440291
BABYMONSTER,2026-03-10,7427213
BABYMONSTER,2026-03-11,7400096
BABYMONSTER,2026-03-12,7381034
BABYMONSTER,2026-03-13,7371650
BABYMONSTER,2026-03-14,7336946
BABYMONSTER,2026-03-15,7329312
BABYMONSTER,2026-03-16,7321678
BABYMONSTER,2026-03-17,7310319
BABYMONSTER,2026-03-18,7288656
BABYMONSTER,2026-03-19,7273727
BABYMONSTER,2026-03-20,7262137
BABYMONSTER,2026-03-21,7252938
BABYMONSTER,2026-03-22,7243566
BABYMONSTER,2026-03-23,7243600
BABYMONSTER,2026-03-24,7243633
BABYMONSTER,2026-03-25,7249978
BABYMONSTER,2026-03-26,7248996
BABYMONSTER,2026-03-27,7248013
BABYMONSTER,2026-03-28,7220601
BABYMONSTER,2026-03-29,7211601
BABYMONSTER,2026-03-30,7202601
BABYMONSTER,2026-03-31,7185623
BABYMONSTER,2026-04-01,7171183
BABYMONSTER,2026-04-02,7162231
BABYMONSTER,2026-04-03,7154208
BABYMONSTER,2026-04-04,7166494
BABYMONSTER,2026-04-05,7164368
BABYMONSTER,2026-04-06,7162242
BABYMONSTER,2026-04-07,7164353
BABYMONSTER,2026-04-08,7171470
BABYMONSTER,2026-04-09,7178587
BABYMONSTER,2026-04-10,7169879
BABYMONSTER,2026-04-11,7173868
BABYMONSTER,2026-04-12,7177857
BIGBANG,2024-04-13,3045005
BIGBANG,2024-04-14,3045005
BIGBANG,2024-04-15,3045005
BIGBANG,2024-04-16,3045005
BIGBANG,2024-04-17,3016512
BIGBANG,2024-04-18,3016512
BIGBANG,2024-04-19,3020996
BIGBANG,2024-04-20,3020996
BIGBANG,2024-04-21,3020996
BIGBANG,2024-04-22,3020996
BIGBANG,2024-04-23,3020996
BIGBANG,2024-04-24,3046063
BIGBANG,2024-04-25,3054204
BIGBANG,2024-04-26,3060796
BIGBANG,2024-04-27,3068903
BIGBANG,2024-04-28,3084399
BIGBANG,2024-04-29,3090097
BIGBANG,2024-04-30,3095866
BIGBANG,2024-05-01,3101165
BIGBANG,2024-05-02,3105428
BIGBANG,2024-05-03,3112623
BIGBANG,2024-05-04,3112623
BIGBANG,2024-05-05,3120731
BIGBANG,2024-05-06,3127046
BIGBANG,2024-05-07,3132823
BIGBANG,2024-05-08,3133974
BIGBANG,2024-05-09,3143211
BIGBANG,2024-05-10,3150752
BIGBANG,2024-05-11,3153703
BIGBANG,2024-05-12,3159303
BIGBANG,2024-05-13,3159181
BIGBANG,2024-05-14,3159181
BIGBANG,2024-05-15,3159181
BIGBANG,2024-05-16,3173685
BIGBANG,2024-05-17,3172613
BIGBANG,2024-05-18,3174036
BIGBANG,2024-05-19,3176371
BIGBANG,2024-05-20,3173046
BIGBANG,2024-05-21,3167454
BIGBANG,2024-05-22,3165466
BIGBANG,2024-05-23,3165466
BIGBANG,2024-05-24,3160545
BIGBANG,2024-05-25,3156154
BIGBANG,2024-05-26,3151398
BIGBANG,2024-05-27,3143572
BIGBANG,2024-05-28,3143371
BIGBANG,2024-05-29,3140729
BIGBANG,2024-05-30,3145919
BIGBANG,2024-05-31,3149159
BIGBANG,2024-06-01,3148554
BIGBANG,2024-06-02,3149804
BIGBANG,2024-06-03,3151802
BIGBANG,2024-06-04,3150954
BIGBANG,2024-06-05,3150954
BIGBANG,2024-06-06,3156134
BIGBANG,2024-06-07,3154107
BIGBANG,2024-06-08,3152671
BIGBANG,2024-06-09,3152671
BIGBANG,2024-06-10,3152287
BIGBANG,2024-06-11,3150167
BIGBANG,2024-06-12,3148232
BIGBANG,2024-06-13,3143531
BIGBANG,2024-06-14,3142810
BIGBANG,2024-06-15,3136579
BIGBANG,2024-06-16,3136579
BIGBANG,2024-06-17,3133140
BIGBANG,2024-06-18,3133577
BIGBANG,2024-06-19,3127440
BIGBANG,2024-06-20,3127440
BIGBANG,2024-06-21,3123323
BIGBANG,2024-06-22,3117207
BIGBANG,2024-06-23,3111029
BIGBANG,2024-06-24,3107150
BIGBANG,2024-06-25,3102591
BIGBANG,2024-06-26,3097898
BIGBANG,2024-06-27,3091145
BIGBANG,2024-06-28,3084702
BIGBANG,2024-06-29,3080768
BIGBANG,2024-06-30,3073449
BIGBANG,2024-07-01,3065940
BIGBANG,2024-07-02,3059038
BIGBANG,2024-07-03,3051686
BIGBANG,2024-07-04,3042217
BIGBANG,2024-07-05,3037206
BIGBANG,2024-07-06,3034385
BIGBANG,2024-07-07,3026467
BIGBANG,2024-07-08,3019054
BIGBANG,2024-07-09,3012648
BIGBANG,2024-07-10,3007935
BIGBANG,2024-07-11,3000546
BIGBANG,2024-07-12,2994287
BIGBANG,2024-07-13,2989794
BIGBANG,2024-07-14,2983890
BIGBANG,2024-07-15,2980419
BIGBANG,2024-07-16,2974619
BIGBANG,2024-07-17,2973068
BIGBANG,2024-07-18,2972915
BIGBANG,2024-07-19,2974108
BIGBANG,2024-07-20,2968953
BIGBANG,2024-07-21,2965967
BIGBANG,2024-07-22,2962980
BIGBANG,2024-07-23,2963385
BIGBANG,2024-07-24,2967190
BIGBANG,2024-07-25,2975626
BIGBANG,2024-07-26,2986217
BIGBANG,2024-07-27,2994617
BIGBANG,2024-07-28,3004138
BIGBANG,2024-07-29,3011251
BIGBANG,2024-07-30,3014117
BIGBANG,2024-07-31,3015253
BIGBANG,2024-08-01,3016388
BIGBANG,2024-08-02,3022549
BIGBANG,2024-08-03,3024390
BIGBANG,2024-08-04,3026559
BIGBANG,2024-08-05,3028728
BIGBANG,2024-08-06,3028136
BIGBANG,2024-08-07,3027078
BIGBANG,2024-08-08,3026019
BIGBANG,2024-08-09,3030688
BIGBANG,2024-08-10,3023049
BIGBANG,2024-08-11,3022790
BIGBANG,2024-08-12,3022531
BIGBANG,2024-08-13,3021907
BIGBANG,2024-08-14,3021282
BIGBANG,2024-08-15,3023991
BIGBANG,2024-08-16,3026700
BIGBANG,2024-08-17,2928361
BIGBANG,2024-08-18,2886878
BIGBANG,2024-08-19,2845395
BIGBANG,2024-08-20,2803912
BIGBANG,2024-08-21,3082998
BIGBANG,2024-08-22,3081901
BIGBANG,2024-08-23,3073318
BIGBANG,2024-08-24,3063875
BIGBANG,2024-08-25,3059759
BIGBANG,2024-08-26,3059531
BIGBANG,2024-08-27,3059303
BIGBANG,2024-08-28,3059075
BIGBANG,2024-08-29,3053799
BIGBANG,2024-08-30,3049374
BIGBANG,2024-08-31,3051539
BIGBANG,2024-09-01,3051741
BIGBANG,2024-09-02,3064173
BIGBANG,2024-09-03,3078335
BIGBANG,2024-09-04,3093379
BIGBANG,2024-09-05,3112351
BIGBANG,2024-09-06,3131663
BIGBANG,2024-09-07,3150974
BIGBANG,2024-09-08,3164148
BIGBANG,2024-09-09,3177322
BIGBANG,2024-09-10,3191263
BIGBANG,2024-09-11,3194898
BIGBANG,2024-09-12,3201571
BIGBANG,2024-09-13,3194793
BIGBANG,2024-09-14,3195362
BIGBANG,2024-09-15,3195931
BIGBANG,2024-09-16,3196499
BIGBANG,2024-09-17,3195930
BIGBANG,2024-09-18,3197153
BIGBANG,2024-09-19,3192637
BIGBANG,2024-09-20,3188121
BIGBANG,2024-09-21,3189146
BIGBANG,2024-09-22,3188812
BIGBANG,2024-09-23,3188477
BIGBANG,2024-09-24,3186679
BIGBANG,2024-09-25,3190361
BIGBANG,2024-09-26,3191043
BIGBANG,2024-09-27,3191724
BIGBANG,2024-09-28,3190361
BIGBANG,2024-09-29,3192072
BIGBANG,2024-09-30,3193783
BIGBANG,2024-10-01,3192764
BIGBANG,2024-10-02,3191745
BIGBANG,2024-10-03,3177426
BIGBANG,2024-10-04,3164587
BIGBANG,2024-10-05,3142390
BIGBANG,2024-10-06,3141310
BIGBANG,2024-10-07,3140229
BIGBANG,2024-10-08,3141800
BIGBANG,2024-10-09,3143371
BIGBANG,2024-10-10,3163024
BIGBANG,2024-10-11,3167780
BIGBANG,2024-10-12,3172536
BIGBANG,2024-10-13,3172893
BIGBANG,2024-10-14,3173250
BIGBANG,2024-10-15,3175130
BIGBANG,2024-10-16,3179239
BIGBANG,2024-10-17,3174565
BIGBANG,2024-10-18,3180399
BIGBANG,2024-10-19,3186233
BIGBANG,2024-10-20,3190141
BIGBANG,2024-10-21,3194049
BIGBANG,2024-10-22,3193344
BIGBANG,2024-10-23,3192639
BIGBANG,2024-10-24,3193906
BIGBANG,2024-10-25,3195649
BIGBANG,2024-10-26,3202053
BIGBANG,2024-10-27,3203539
BIGBANG,2024-10-28,3205025
BIGBANG,2024-10-29,3206385
BIGBANG,2024-10-30,3209454
BIGBANG,2024-10-31,3217181
BIGBANG,2024-11-01,3224908
BIGBANG,2024-11-02,3271493
BIGBANG,2024-11-03,3278945
BIGBANG,2024-11-04,3286397
BIGBANG,2024-11-05,3296622
BIGBANG,2024-11-06,3303628
BIGBANG,2024-11-07,3306504
BIGBANG,2024-11-08,3311091
BIGBANG,2024-11-09,3329453
BIGBANG,2024-11-10,3333577
BIGBANG,2024-11-11,3337701
BIGBANG,2024-11-12,3341494
BIGBANG,2024-11-13,3346840
BIGBANG,2024-11-14,3353187
BIGBANG,2024-11-15,3361531
BIGBANG,2024-11-16,3369875
BIGBANG,2024-11-17,3370641
BIGBANG,2024-11-18,3371407
BIGBANG,2024-11-19,3375233
BIGBANG,2024-11-20,3385278
BIGBANG,2024-11-21,3387581
BIGBANG,2024-11-22,3388082
BIGBANG,2024-11-23,3405271
BIGBANG,2024-11-24,3429466
BIGBANG,2024-11-25,3453662
BIGBANG,2024-11-26,3558092
BIGBANG,2024-11-27,3697548
BIGBANG,2024-11-28,3837004
BIGBANG,2024-11-29,3976460
BIGBANG,2024-11-30,4081254
BIGBANG,2024-12-01,4181717
BIGBANG,2024-12-02,4282180
BIGBANG,2024-12-03,4375181
BIGBANG,2024-12-04,4462257
BIGBANG,2024-12-05,4620067
BIGBANG,2024-12-06,4707049
BIGBANG,2024-12-07,4794031
BIGBANG,2024-12-08,4822615
BIGBANG,2024-12-09,4851199
BIGBANG,2024-12-10,4879783
BIGBANG,2024-12-11,4899220
BIGBANG,2024-12-12,4918657
BIGBANG,2024-12-13,4956787
BIGBANG,2024-12-14,5021293
BIGBANG,2024-12-15,5041320
BIGBANG,2024-12-16,5061347
BIGBANG,2024-12-17,5081373
BIGBANG,2024-12-18,5105762
BIGBANG,2024-12-19,5130622
BIGBANG,2024-12-20,5150853
BIGBANG,2024-12-21,5206868
BIGBANG,2024-12-22,5220523
BIGBANG,2024-12-23,5216565
BIGBANG,2024-12-24,5212607
BIGBANG,2024-12-25,5176571
BIGBANG,2024-12-26,5123392
BIGBANG,2024-12-27,5062996
BIGBANG,2024-12-28,5036053
BIGBANG,2024-12-29,5009111
BIGBANG,2024-12-30,4982168
BIGBANG,2024-12-31,4997875
BIGBANG,2025-01-01,5053916
BIGBANG,2025-01-02,5155781
BIGBANG,2025-01-03,5256064
BIGBANG,2025-01-04,5356347
BIGBANG,2025-01-05,5474773
BIGBANG,2025-01-06,5595082
BIGBANG,2025-01-07,5715390
BIGBANG,2025-01-08,5842478
BIGBANG,2025-01-09,5969566
BIGBANG,2025-01-10,6108615
BIGBANG,2025-01-11,6247664
BIGBANG,2025-01-12,6395749
BIGBANG,2025-01-13,6543834
BIGBANG,2025-01-14,6685562
BIGBANG,2025-01-15,6827290
BIGBANG,2025-01-16,6886524
BIGBANG,2025-01-17,6945757
BIGBANG,2025-01-18,7120001
BIGBANG,2025-01-19,7294245
BIGBANG,2025-01-20,7468488
BIGBANG,2025-01-21,7586332
BIGBANG,2025-01-22,7637055
BIGBANG,2025-01-23,7687778
BIGBANG,2025-01-24,7794077
BIGBANG,2025-01-25,7914684
BIGBANG,2025-01-26,8035291
BIGBANG,2025-01-27,8155897
BIGBANG,2025-01-28,8183617
BIGBANG,2025-01-29,8211336
BIGBANG,2025-01-30,8248106
BIGBANG,2025-01-31,8339986
BIGBANG,2025-02-01,8385303
BIGBANG,2025-02-02,8430620
BIGBANG,2025-02-03,8475937
BIGBANG,2025-02-04,8482339
BIGBANG,2025-02-05,8485246
BIGBANG,2025-02-06,8458200
BIGBANG,2025-02-07,8429704
BIGBANG,2025-02-08,8406574
BIGBANG,2025-02-09,8396518
BIGBANG,2025-02-10,8380557
BIGBANG,2025-02-11,8332255
BIGBANG,2025-02-12,8290106
BIGBANG,2025-02-13,8247957
BIGBANG,2025-02-14,8186939
BIGBANG,2025-02-15,8153274
BIGBANG,2025-02-16,8119608
BIGBANG,2025-02-17,8085033
BIGBANG,2025-02-18,8046554
BIGBANG,2025-02-19,8008076
BIGBANG,2025-02-20,7969597
BIGBANG,2025-02-21,7931118
BIGBANG,2025-02-22,7893009
BIGBANG,2025-02-23,7854900
BIGBANG,2025-02-24,7805443
BIGBANG,2025-02-25,7755985
BIGBANG,2025-02-26,7732773
BIGBANG,2025-02-27,7709561
BIGBANG,2025-02-28,7592999
BIGBANG,2025-03-01,7542401
BIGBANG,2025-03-02,7491802
BIGBANG,2025-03-03,7467669
BIGBANG,2025-03-04,7443535
BIGBANG,2025-03-05,7351198
BIGBANG,2025-03-06,7310687
BIGBANG,2025-03-07,7270175
BIGBANG,2025-03-08,7229955
BIGBANG,2025-03-09,7181096
BIGBANG,2025-03-10,7136973
BIGBANG,2025-03-11,7092850
BIGBANG,2025-03-12,7048727
BIGBANG,2025-03-13,7004604
BIGBANG,2025-03-14,6962154
BIGBANG,2025-03-15,6919704
BIGBANG,2025-03-16,6877254
BIGBANG,2025-03-17,6834804
BIGBANG,2025-03-18,6792354
BIGBANG,2025-03-19,6749904
BIGBANG,2025-03-20,6707454
BIGBANG,2025-03-21,6665003
BIGBANG,2025-03-22,6633356
BIGBANG,2025-03-23,6601708
BIGBANG,2025-03-24,6570061
BIGBANG,2025-03-25,6491725
BIGBANG,2025-03-26,6462136
BIGBANG,2025-03-27,6432546
BIGBANG,2025-03-28,6402956
BIGBANG,2025-03-29,6373366
BIGBANG,2025-03-30,6283455
BIGBANG,2025-03-31,6254120
BIGBANG,2025-04-01,6224784
BIGBANG,2025-04-02,6199549
BIGBANG,2025-04-03,6174314
BIGBANG,2025-04-04,6149079
BIGBANG,2025-04-05,6123843
BIGBANG,2025-04-06,6098608
BIGBANG,2025-04-07,6073373
BIGBANG,2025-04-08,6048138
BIGBANG,2025-04-09,6035523
BIGBANG,2025-04-10,6022907
BIGBANG,2025-04-11,6010292
BIGBANG,2025-04-12,5997676
BIGBANG,2025-04-13,5976257
BIGBANG,2025-04-14,5954838
BIGBANG,2025-04-15,5933418
BIGBANG,2025-04-16,5911999
BIGBANG,2025-04-17,5890579
BIGBANG,2025-04-18,5869160
BIGBANG,2025-04-19,5847741
BIGBANG,2025-04-20,5826321
BIGBANG,2025-04-21,5796820
BIGBANG,2025-04-22,5770509
BIGBANG,2025-04-23,5742930
BIGBANG,2025-04-24,5715351
BIGBANG,2025-04-25,5687772
BIGBANG,2025-04-26,5660193
BIGBANG,2025-04-27,5632613
BIGBANG,2025-04-28,5605034
BIGBANG,2025-04-29,5579719
BIGBANG,2025-04-30,5554404
BIGBANG,2025-05-01,5537976
BIGBANG,2025-05-02,5521548
BIGBANG,2025-05-03,5499084
BIGBANG,2025-05-04,5476619
BIGBANG,2025-05-05,5454155
BIGBANG,2025-05-06,5431690
BIGBANG,2025-05-07,5413490
BIGBANG,2025-05-08,5396600
BIGBANG,2025-05-09,5386006
BIGBANG,2025-05-10,5363037
BIGBANG,2025-05-11,5340067
BIGBANG,2025-05-12,5326528
BIGBANG,2025-05-13,5318484
BIGBANG,2025-05-14,5310440
BIGBANG,2025-05-15,5296294
BIGBANG,2025-05-16,5282147
BIGBANG,2025-05-17,5274909
BIGBANG,2025-05-18,5264465
BIGBANG,2025-05-19,5257908
BIGBANG,2025-05-20,5255194
BIGBANG,2025-05-21,5248576
BIGBANG,2025-05-22,5243808
BIGBANG,2025-05-23,5239040
BIGBANG,2025-05-24,5234271
BIGBANG,2025-05-25,5229503
BIGBANG,2025-05-26,5224735
BIGBANG,2025-05-27,5219967
BIGBANG,2025-05-28,5215198
BIGBANG,2025-05-29,5210430
BIGBANG,2025-05-30,5205662
BIGBANG,2025-05-31,5200894
BIGBANG,2025-06-01,5196125
BIGBANG,2025-06-02,5191357
BIGBANG,2025-06-03,5186589
BIGBANG,2025-06-04,5181821
BIGBANG,2025-06-05,5177052
BIGBANG,2025-06-06,5165575
BIGBANG,2025-06-07,5154097
BIGBANG,2025-06-08,5142620
BIGBANG,2025-06-09,5131142
BIGBANG,2025-06-10,5119665
BIGBANG,2025-06-11,5106158
BIGBANG,2025-06-12,5105492
BIGBANG,2025-06-13,5104741
BIGBANG,2025-06-14,5103991
BIGBANG,2025-06-15,5103240
BIGBANG,2025-06-16,5098825
BIGBANG,2025-06-17,5094111
BIGBANG,2025-06-18,5089397
BIGBANG,2025-06-19,5092852
BIGBANG,2025-06-20,5098215
BIGBANG,2025-06-21,5090575
BIGBANG,2025-06-22,5089137
BIGBANG,2025-06-23,5087698
BIGBANG,2025-06-24,5084286
BIGBANG,2025-06-25,5088081
BIGBANG,2025-06-26,5092997
BIGBANG,2025-06-27,5112255
BIGBANG,2025-06-28,5107551
BIGBANG,2025-06-29,5103155
BIGBANG,2025-06-30,5098759
BIGBANG,2025-07-01,5110378
BIGBANG,2025-07-02,5122259
BIGBANG,2025-07-03,5133736
BIGBANG,2025-07-04,5145213
BIGBANG,2025-07-05,5169792
BIGBANG,2025-07-06,5192489
BIGBANG,2025-07-07,5210167
BIGBANG,2025-07-08,5227765
BIGBANG,2025-07-09,5251738
BIGBANG,2025-07-10,5275710
BIGBANG,2025-07-11,5293147
BIGBANG,2025-07-12,5335159
BIGBANG,2025-07-13,5357777
BIGBANG,2025-07-14,5380395
BIGBANG,2025-07-15,5387711
BIGBANG,2025-07-16,5395026
BIGBANG,2025-07-17,5414801
BIGBANG,2025-07-18,5431655
BIGBANG,2025-07-19,5449861
BIGBANG,2025-07-20,5461048
BIGBANG,2025-07-21,5492552
BIGBANG,2025-07-22,5511469
BIGBANG,2025-07-23,5530385
BIGBANG,2025-07-24,5537453
BIGBANG,2025-07-25,5547679
BIGBANG,2025-07-26,5557905
BIGBANG,2025-07-27,5576019
BIGBANG,2025-07-28,5584771
BIGBANG,2025-07-29,5591651
BIGBANG,2025-07-30,5598531
BIGBANG,2025-07-31,5599568
BIGBANG,2025-08-01,5597992
BIGBANG,2025-08-02,5596416
BIGBANG,2025-08-03,5584001
BIGBANG,2025-08-04,5577459
BIGBANG,2025-08-05,5570916
BIGBANG,2025-08-06,5553226
BIGBANG,2025-08-07,5546129
BIGBANG,2025-08-08,5539032
BIGBANG,2025-08-09,5520389
BIGBANG,2025-08-10,5501745
BIGBANG,2025-08-11,5490498
BIGBANG,2025-08-12,5479250
BIGBANG,2025-08-13,5469131
BIGBANG,2025-08-14,5453561
BIGBANG,2025-08-15,5437991
BIGBANG,2025-08-16,5419199
BIGBANG,2025-08-17,5400407
BIGBANG,2025-08-18,5377386
BIGBANG,2025-08-19,5354365
BIGBANG,2025-08-20,5331344
BIGBANG,2025-08-21,5316458
BIGBANG,2025-08-22,5301572
BIGBANG,2025-08-23,5286686
BIGBANG,2025-08-24,5271539
BIGBANG,2025-08-25,5259235
BIGBANG,2025-08-26,5239630
BIGBANG,2025-08-27,5220025
BIGBANG,2025-08-28,5213053
BIGBANG,2025-08-29,5206080
BIGBANG,2025-08-30,5195596
BIGBANG,2025-08-31,5182054
BIGBANG,2025-09-01,5168512
BIGBANG,2025-09-02,5155806
BIGBANG,2025-09-03,5134535
BIGBANG,2025-09-04,5115306
BIGBANG,2025-09-05,5108435
BIGBANG,2025-09-06,5101563
BIGBANG,2025-09-07,5085778
BIGBANG,2025-09-08,5069993
BIGBANG,2025-09-09,5054208
BIGBANG,2025-09-10,5046899
BIGBANG,2025-09-11,5039590
BIGBANG,2025-09-12,5032281
BIGBANG,2025-09-13,5024972
BIGBANG,2025-09-14,5017663
BIGBANG,2025-09-15,5010354
BIGBANG,2025-09-16,5003045
BIGBANG,2025-09-17,5011094
BIGBANG,2025-09-18,5019142
BIGBANG,2025-09-19,5019173
BIGBANG,2025-09-20,5019204
BIGBANG,2025-09-21,5040617
BIGBANG,2025-09-22,5048544
BIGBANG,2025-09-23,5056470
BIGBANG,2025-09-24,5056347
BIGBANG,2025-09-25,5054370
BIGBANG,2025-09-26,5052393
BIGBANG,2025-09-27,5050415
BIGBANG,2025-09-28,5069588
BIGBANG,2025-09-29,5072950
BIGBANG,2025-09-30,5076311
BIGBANG,2025-10-01,5077368
BIGBANG,2025-10-02,5082152
BIGBANG,2025-10-03,5086936
BIGBANG,2025-10-04,5094313
BIGBANG,2025-10-05,5112963
BIGBANG,2025-10-06,5122411
BIGBANG,2025-10-07,5131859
BIGBANG,2025-10-08,5137292
BIGBANG,2025-10-09,5142724
BIGBANG,2025-10-10,5156414
BIGBANG,2025-10-11,5165957
BIGBANG,2025-10-12,5175499
BIGBANG,2025-10-13,5183010
BIGBANG,2025-10-14,5186290
BIGBANG,2025-10-15,5184191
BIGBANG,2025-10-16,5181618
BIGBANG,2025-10-17,5177787
BIGBANG,2025-10-18,5173956
BIGBANG,2025-10-19,5161412
BIGBANG,2025-10-20,5157908
BIGBANG,2025-10-21,5154404
BIGBANG,2025-10-22,5149213
BIGBANG,2025-10-23,5146693
BIGBANG,2025-10-24,5144173
BIGBANG,2025-10-25,5136181
BIGBANG,2025-10-26,5128188
BIGBANG,2025-10-27,5122681
BIGBANG,2025-10-28,5117174
BIGBANG,2025-10-29,5113648
BIGBANG,2025-10-30,5113706
BIGBANG,2025-10-31,5113764
BIGBANG,2025-11-01,5113821
BIGBANG,2025-11-02,5109083
BIGBANG,2025-11-03,5100264
BIGBANG,2025-11-04,5095251
BIGBANG,2025-11-05,5090238
BIGBANG,2025-11-06,5084070
BIGBANG,2025-11-07,5077901
BIGBANG,2025-11-08,5062143
BIGBANG,2025-11-09,5046384
BIGBANG,2025-11-10,5033579
BIGBANG,2025-11-11,5028922
BIGBANG,2025-11-12,5024265
BIGBANG,2025-11-13,5019607
BIGBANG,2025-11-14,5016853
BIGBANG,2025-11-15,5012018
BIGBANG,2025-11-16,5007183
BIGBANG,2025-11-17,5003544
BIGBANG,2025-11-18,4999904
BIGBANG,2025-11-19,4993450
BIGBANG,2025-11-20,4989810
BIGBANG,2025-11-21,4986170
BIGBANG,2025-11-22,4968685
BIGBANG,2025-11-23,4958571
BIGBANG,2025-11-24,4948457
BIGBANG,2025-11-25,4945744
BIGBANG,2025-11-26,4943031
BIGBANG,2025-11-27,4935197
BIGBANG,2025-11-28,4927363
BIGBANG,2025-11-29,4919529
BIGBANG,2025-11-30,4911695
BIGBANG,2025-12-01,4907955
BIGBANG,2025-12-02,4904214
BIGBANG,2025-12-03,4898173
BIGBANG,2025-12-04,4900973
BIGBANG,2025-12-05,4903772
BIGBANG,2025-12-06,4913165
BIGBANG,2025-12-07,4922558
BIGBANG,2025-12-08,4925179
BIGBANG,2025-12-09,4931244
BIGBANG,2025-12-10,4938801
BIGBANG,2025-12-11,4946358
BIGBANG,2025-12-12,4952957
BIGBANG,2025-12-13,4948859
BIGBANG,2025-12-14,4972166
BIGBANG,2025-12-15,4992309
BIGBANG,2025-12-16,5002281
BIGBANG,2025-12-17,5012253
BIGBANG,2025-12-18,5034063
BIGBANG,2025-12-19,5043743
BIGBANG,2025-12-20,5053423
BIGBANG,2025-12-21,5077927
BIGBANG,2025-12-22,5123376
BIGBANG,2025-12-23,5145724
BIGBANG,2025-12-24,5168071
BIGBANG,2025-12-25,5190418
BIGBANG,2025-12-26,5212766
BIGBANG,2025-12-27,5235113
BIGBANG,2025-12-28,5245099
BIGBANG,2025-12-29,5255085
BIGBANG,2025-12-30,5265071
BIGBANG,2025-12-31,5275056
BIGBANG,2026-01-01,5285042
BIGBANG,2026-01-02,5295028
BIGBANG,2026-01-03,5305014
BIGBANG,2026-01-04,5314999
BIGBANG,2026-01-05,5324985
BIGBANG,2026-01-06,5349707
BIGBANG,2026-01-07,5348990
BIGBANG,2026-01-08,5356027
BIGBANG,2026-01-09,5363161
BIGBANG,2026-01-10,5370294
BIGBANG,2026-01-11,5376493
BIGBANG,2026-01-12,5382667
BIGBANG,2026-01-13,5388840
BIGBANG,2026-01-14,5407599
BIGBANG,2026-01-15,5415175
BIGBANG,2026-01-16,5422750
BIGBANG,2026-01-17,5422954
BIGBANG,2026-01-18,5414895
BIGBANG,2026-01-19,5406835
BIGBANG,2026-01-20,5396940
BIGBANG,2026-01-21,5387044
BIGBANG,2026-01-22,5368270
BIGBANG,2026-01-23,5372906
BIGBANG,2026-01-24,5367713
BIGBANG,2026-01-25,5362519
BIGBANG,2026-01-26,5347304
BIGBANG,2026-01-27,5326217
BIGBANG,2026-01-28,5305129
BIGBANG,2026-01-29,5269784
BIGBANG,2026-01-30,5275531
BIGBANG,2026-01-31,5265863
BIGBANG,2026-02-01,5258038
BIGBANG,2026-02-02,5250212
BIGBANG,2026-02-03,5238171
BIGBANG,2026-02-04,5226129
BIGBANG,2026-02-05,5218968
BIGBANG,2026-02-06,5201891
BIGBANG,2026-02-07,5184813
BIGBANG,2026-02-08,5170164
BIGBANG,2026-02-09,5155515
BIGBANG,2026-02-10,5142446
BIGBANG,2026-02-11,5136654
BIGBANG,2026-02-12,5123329
BIGBANG,2026-02-13,5110004
BIGBANG,2026-02-14,5099083
BIGBANG,2026-02-15,5080416
BIGBANG,2026-02-16,5070955
BIGBANG,2026-02-17,5067767
BIGBANG,2026-02-18,5055549
BIGBANG,2026-02-19,5033422
BIGBANG,2026-02-20,5011295
BIGBANG,2026-02-21,4993386
BIGBANG,2026-02-22,4979138
BIGBANG,2026-02-23,4964890
BIGBANG,2026-02-24,4952476
BIGBANG,2026-02-25,4945013
BIGBANG,2026-02-26,4937550
BIGBANG,2026-02-27,4939437
BIGBANG,2026-02-28,4934261
BIGBANG,2026-03-01,4912647
BIGBANG,2026-03-02,4904959
BIGBANG,2026-03-03,4900609
BIGBANG,2026-03-04,4894657
BIGBANG,2026-03-05,4888705
BIGBANG,2026-03-06,4875905
BIGBANG,2026-03-07,4868416
BIGBANG,2026-03-08,4855802
BIGBANG,2026-03-09,4853217
BIGBANG,2026-03-10,4850632
BIGBANG,2026-03-11,4840792
BIGBANG,2026-03-12,4830952
BIGBANG,2026-03-13,4830205
BIGBANG,2026-03-14,4829458
BIGBANG,2026-03-15,4824982
BIGBANG,2026-03-16,4825163
BIGBANG,2026-03-17,4816680
BIGBANG,2026-03-18,4818401
BIGBANG,2026-03-19,4833968
BIGBANG,2026-03-20,4850477
BIGBANG,2026-03-21,4854987
BIGBANG,2026-03-22,4859497
BIGBANG,2026-03-23,4864006
BIGBANG,2026-03-24,4868516
BIGBANG,2026-03-25,4878284
BIGBANG,2026-03-26,4885246
BIGBANG,2026-03-27,4894568
BIGBANG,2026-03-28,4904156
BIGBANG,2026-03-29,4931878
BIGBANG,2026-03-30,4941965
BIGBANG,2026-03-31,4959019
BIGBANG,2026-04-01,4972274
BIGBANG,2026-04-02,4988868
BIGBANG,2026-04-03,5005461
BIGBANG,2026-04-04,5026727
BIGBANG,2026-04-05,5051042
BIGBANG,2026-04-06,5075356
BIGBANG,2026-04-07,5092387
BIGBANG,2026-04-08,5108490
BIGBANG,2026-04-09,5124592
BIGBANG,2026-04-10,5130482
BIGBANG,2026-04-11,5136371
BIGBANG,2026-04-12,5180097
BLACKPINK,2024-04-13,17334104
BLACKPINK,2024-04-14,17334104
BLACKPINK,2024-04-15,17334104
BLACKPINK,2024-04-16,17334104
BLACKPINK,2024-04-17,17334104
BLACKPINK,2024-04-18,17400432
BLACKPINK,2024-04-19,17422732
BLACKPINK,2024-04-20,17430772
BLACKPINK,2024-04-21,17430772
BLACKPINK,2024-04-22,17470456
BLACKPINK,2024-04-23,17455278
BLACKPINK,2024-04-24,17454664
BLACKPINK,2024-04-25,17469540
BLACKPINK,2024-04-26,17490246
BLACKPINK,2024-04-27,17508792
BLACKPINK,2024-04-28,17536244
BLACKPINK,2024-04-29,17561570
BLACKPINK,2024-04-30,17562568
BLACKPINK,2024-05-01,17576836
BLACKPINK,2024-05-02,17604308
BLACKPINK,2024-05-03,17629440
BLACKPINK,2024-05-04,17629440
BLACKPINK,2024-05-05,17657600
BLACKPINK,2024-05-06,17677850
BLACKPINK,2024-05-07,17686688
BLACKPINK,2024-05-08,17691036
BLACKPINK,2024-05-09,17704602
BLACKPINK,2024-05-10,17721756
BLACKPINK,2024-05-11,17731206
BLACKPINK,2024-05-12,17729344
BLACKPINK,2024-05-13,17722300
BLACKPINK,2024-05-14,17722300
BLACKPINK,2024-05-15,17722300
BLACKPINK,2024-05-16,17684268
BLACKPINK,2024-05-17,17664164
BLACKPINK,2024-05-18,17663488
BLACKPINK,2024-05-19,17670400
BLACKPINK,2024-05-20,17660078
BLACKPINK,2024-05-21,17669526
BLACKPINK,2024-05-22,17665792
BLACKPINK,2024-05-23,17665792
BLACKPINK,2024-05-24,17649460
BLACKPINK,2024-05-25,17628256
BLACKPINK,2024-05-26,17620884
BLACKPINK,2024-05-27,17569072
BLACKPINK,2024-05-28,17535256
BLACKPINK,2024-05-29,17535256
BLACKPINK,2024-05-30,17502036
BLACKPINK,2024-05-31,17456888
BLACKPINK,2024-06-01,17436984
BLACKPINK,2024-06-02,17407100
BLACKPINK,2024-06-03,17407100
BLACKPINK,2024-06-04,17362756
BLACKPINK,2024-06-05,17362756
BLACKPINK,2024-06-06,17320368
BLACKPINK,2024-06-07,17320368
BLACKPINK,2024-06-08,17290708
BLACKPINK,2024-06-09,17263344
BLACKPINK,2024-06-10,17205366
BLACKPINK,2024-06-11,17205366
BLACKPINK,2024-06-12,17172916
BLACKPINK,2024-06-13,17153660
BLACKPINK,2024-06-14,17112698
BLACKPINK,2024-06-15,17093036
BLACKPINK,2024-06-16,17064960
BLACKPINK,2024-06-17,17035392
BLACKPINK,2024-06-18,17000876
BLACKPINK,2024-06-19,16984324
BLACKPINK,2024-06-20,16958312
BLACKPINK,2024-06-21,16958312
BLACKPINK,2024-06-22,16916184
BLACKPINK,2024-06-23,16916184
BLACKPINK,2024-06-24,16896196
BLACKPINK,2024-06-25,16870926
BLACKPINK,2024-06-26,16860752
BLACKPINK,2024-06-27,16856448
BLACKPINK,2024-06-28,16834012
BLACKPINK,2024-06-29,16807016
BLACKPINK,2024-06-30,16831036
BLACKPINK,2024-07-01,16838634
BLACKPINK,2024-07-02,16840448
BLACKPINK,2024-07-03,16839112
BLACKPINK,2024-07-04,16832366
BLACKPINK,2024-07-05,16837418
BLACKPINK,2024-07-06,16827760
BLACKPINK,2024-07-07,16822100
BLACKPINK,2024-07-08,16802656
BLACKPINK,2024-07-09,16799040
BLACKPINK,2024-07-10,16781232
BLACKPINK,2024-07-11,16778388
BLACKPINK,2024-07-12,16778388
BLACKPINK,2024-07-13,16776398
BLACKPINK,2024-07-14,16767706
BLACKPINK,2024-07-15,16767706
BLACKPINK,2024-07-16,16761441
BLACKPINK,2024-07-17,16761441
BLACKPINK,2024-07-18,16742911
BLACKPINK,2024-07-19,16717760
BLACKPINK,2024-07-20,16689517
BLACKPINK,2024-07-21,16681018
BLACKPINK,2024-07-22,16672518
BLACKPINK,2024-07-23,16664897
BLACKPINK,2024-07-24,16657276
BLACKPINK,2024-07-25,16643818
BLACKPINK,2024-07-26,16636781
BLACKPINK,2024-07-27,16593200
BLACKPINK,2024-07-28,16549619
BLACKPINK,2024-07-29,16522253
BLACKPINK,2024-07-30,16494886
BLACKPINK,2024-07-31,16471294
BLACKPINK,2024-08-01,16451979
BLACKPINK,2024-08-02,16440101
BLACKPINK,2024-08-03,16428223
BLACKPINK,2024-08-04,16429701
BLACKPINK,2024-08-05,16414025
BLACKPINK,2024-08-06,16389604
BLACKPINK,2024-08-07,16373612
BLACKPINK,2024-08-08,16373700
BLACKPINK,2024-08-09,16373788
BLACKPINK,2024-08-10,16347633
BLACKPINK,2024-08-11,16338273
BLACKPINK,2024-08-12,16328912
BLACKPINK,2024-08-13,16319892
BLACKPINK,2024-08-14,16313244
BLACKPINK,2024-08-15,16306596
BLACKPINK,2024-08-16,16107018
BLACKPINK,2024-08-17,15907439
BLACKPINK,2024-08-18,15558598
BLACKPINK,2024-08-19,15392233
BLACKPINK,2024-08-20,15225867
BLACKPINK,2024-08-21,16283038
BLACKPINK,2024-08-22,16268937
BLACKPINK,2024-08-23,16265384
BLACKPINK,2024-08-24,16274644
BLACKPINK,2024-08-25,16296980
BLACKPINK,2024-08-26,16314623
BLACKPINK,2024-08-27,16320415
BLACKPINK,2024-08-28,16326207
BLACKPINK,2024-08-29,16330119
BLACKPINK,2024-08-30,16311524
BLACKPINK,2024-08-31,16285853
BLACKPINK,2024-09-01,16274174
BLACKPINK,2024-09-02,16295353
BLACKPINK,2024-09-03,16319593
BLACKPINK,2024-09-04,16325538
BLACKPINK,2024-09-05,16310061
BLACKPINK,2024-09-06,16312520
BLACKPINK,2024-09-07,16314978
BLACKPINK,2024-09-08,16321762
BLACKPINK,2024-09-09,16323296
BLACKPINK,2024-09-10,16323213
BLACKPINK,2024-09-11,16319780
BLACKPINK,2024-09-12,16325995
BLACKPINK,2024-09-13,16341832
BLACKPINK,2024-09-14,16347700
BLACKPINK,2024-09-15,16361715
BLACKPINK,2024-09-16,16375730
BLACKPINK,2024-09-17,16384943
BLACKPINK,2024-09-18,16390895
BLACKPINK,2024-09-19,16385111
BLACKPINK,2024-09-20,16375136
BLACKPINK,2024-09-21,16350104
BLACKPINK,2024-09-22,16322103
BLACKPINK,2024-09-23,16294102
BLACKPINK,2024-09-24,16286901
BLACKPINK,2024-09-25,16279260
BLACKPINK,2024-09-26,16271619
BLACKPINK,2024-09-27,16266329
BLACKPINK,2024-09-28,16256858
BLACKPINK,2024-09-29,16240048
BLACKPINK,2024-09-30,16223238
BLACKPINK,2024-10-01,16210393
BLACKPINK,2024-10-02,16197548
BLACKPINK,2024-10-03,16141976
BLACKPINK,2024-10-04,16121118
BLACKPINK,2024-10-05,16100260
BLACKPINK,2024-10-06,16086942
BLACKPINK,2024-10-07,16059590
BLACKPINK,2024-10-08,16050975
BLACKPINK,2024-10-09,16042360
BLACKPINK,2024-10-10,16047702
BLACKPINK,2024-10-11,16026284
BLACKPINK,2024-10-12,16004866
BLACKPINK,2024-10-13,15968888
BLACKPINK,2024-10-14,15932909
BLACKPINK,2024-10-15,15910951
BLACKPINK,2024-10-16,15888992
BLACKPINK,2024-10-17,15883806
BLACKPINK,2024-10-18,15878620
BLACKPINK,2024-10-19,15931673
BLACKPINK,2024-10-20,15984724
BLACKPINK,2024-10-21,16037777
BLACKPINK,2024-10-22,16111201
BLACKPINK,2024-10-23,16184625
BLACKPINK,2024-10-24,16219886
BLACKPINK,2024-10-25,16293953
BLACKPINK,2024-10-26,16408214
BLACKPINK,2024-10-27,16441076
BLACKPINK,2024-10-28,16473939
BLACKPINK,2024-10-29,16527724
BLACKPINK,2024-10-30,16624340
BLACKPINK,2024-10-31,16647381
BLACKPINK,2024-11-01,16670422
BLACKPINK,2024-11-02,16703901
BLACKPINK,2024-11-03,16736307
BLACKPINK,2024-11-04,16768712
BLACKPINK,2024-11-05,16798462
BLACKPINK,2024-11-06,16828210
BLACKPINK,2024-11-07,16855544
BLACKPINK,2024-11-08,16872846
BLACKPINK,2024-11-09,16890148
BLACKPINK,2024-11-10,16914084
BLACKPINK,2024-11-11,16926030
BLACKPINK,2024-11-12,16937976
BLACKPINK,2024-11-13,16955276
BLACKPINK,2024-11-14,16963468
BLACKPINK,2024-11-15,16967324
BLACKPINK,2024-11-16,17003718
BLACKPINK,2024-11-17,16942200
BLACKPINK,2024-11-18,16880682
BLACKPINK,2024-11-19,16747267
BLACKPINK,2024-11-20,16706889
BLACKPINK,2024-11-21,16666512
BLACKPINK,2024-11-22,16588639
BLACKPINK,2024-11-23,16566384
BLACKPINK,2024-11-24,16558349
BLACKPINK,2024-11-25,16550313
BLACKPINK,2024-11-26,16544812
BLACKPINK,2024-11-27,16551878
BLACKPINK,2024-11-28,16563914
BLACKPINK,2024-11-29,16550606
BLACKPINK,2024-11-30,16537298
BLACKPINK,2024-12-01,16544413
BLACKPINK,2024-12-02,16551528
BLACKPINK,2024-12-03,16560638
BLACKPINK,2024-12-04,16566340
BLACKPINK,2024-12-05,16561475
BLACKPINK,2024-12-06,16583197
BLACKPINK,2024-12-07,16694407
BLACKPINK,2024-12-08,16687615
BLACKPINK,2024-12-09,16680824
BLACKPINK,2024-12-10,16674032
BLACKPINK,2024-12-11,16667869
BLACKPINK,2024-12-12,16682836
BLACKPINK,2024-12-13,16674844
BLACKPINK,2024-12-14,16666851
BLACKPINK,2024-12-15,16649088
BLACKPINK,2024-12-16,16578930
BLACKPINK,2024-12-17,16575247
BLACKPINK,2024-12-18,16571564
BLACKPINK,2024-12-19,16536023
BLACKPINK,2024-12-20,16508877
BLACKPINK,2024-12-21,16481731
BLACKPINK,2024-12-22,16436881
BLACKPINK,2024-12-23,16402469
BLACKPINK,2024-12-24,16368056
BLACKPINK,2024-12-25,16249340
BLACKPINK,2024-12-26,16204392
BLACKPINK,2024-12-27,16159443
BLACKPINK,2024-12-28,16094856
BLACKPINK,2024-12-29,16030269
BLACKPINK,2024-12-30,15965683
BLACKPINK,2024-12-31,15954513
BLACKPINK,2025-01-01,15943343
BLACKPINK,2025-01-02,15919568
BLACKPINK,2025-01-03,15894683
BLACKPINK,2025-01-04,15869799
BLACKPINK,2025-01-05,15841937
BLACKPINK,2025-01-06,15814075
BLACKPINK,2025-01-07,15828707
BLACKPINK,2025-01-08,15843339
BLACKPINK,2025-01-09,15825369
BLACKPINK,2025-01-10,15808536
BLACKPINK,2025-01-11,15805657
BLACKPINK,2025-01-12,15819671
BLACKPINK,2025-01-13,15833686
BLACKPINK,2025-01-14,15864211
BLACKPINK,2025-01-15,15886101
BLACKPINK,2025-01-16,15909809
BLACKPINK,2025-01-17,15958651
BLACKPINK,2025-01-18,16007494
BLACKPINK,2025-01-19,16056337
BLACKPINK,2025-01-20,16105179
BLACKPINK,2025-01-21,16113193
BLACKPINK,2025-01-22,16121207
BLACKPINK,2025-01-23,16161836
BLACKPINK,2025-01-24,16230434
BLACKPINK,2025-01-25,16285044
BLACKPINK,2025-01-26,16339654
BLACKPINK,2025-01-27,16394264
BLACKPINK,2025-01-28,16397258
BLACKPINK,2025-01-29,16444967
BLACKPINK,2025-01-30,16492676
BLACKPINK,2025-01-31,16535751
BLACKPINK,2025-02-01,16578826
BLACKPINK,2025-02-02,16621901
BLACKPINK,2025-02-03,16664976
BLACKPINK,2025-02-04,16663389
BLACKPINK,2025-02-05,16654410
BLACKPINK,2025-02-06,16646057
BLACKPINK,2025-02-07,16667159
BLACKPINK,2025-02-08,16711329
BLACKPINK,2025-02-09,16752389
BLACKPINK,2025-02-10,16784750
BLACKPINK,2025-02-11,16774988
BLACKPINK,2025-02-12,16732519
BLACKPINK,2025-02-13,16712278
BLACKPINK,2025-02-14,16672857
BLACKPINK,2025-02-15,16649606
BLACKPINK,2025-02-16,16626356
BLACKPINK,2025-02-17,16607080
BLACKPINK,2025-02-18,16586781
BLACKPINK,2025-02-19,16566481
BLACKPINK,2025-02-20,16562916
BLACKPINK,2025-02-21,16522302
BLACKPINK,2025-02-22,16505646
BLACKPINK,2025-02-23,16498274
BLACKPINK,2025-02-24,16466741
BLACKPINK,2025-02-25,16443957
BLACKPINK,2025-02-26,16406526
BLACKPINK,2025-02-27,16306291
BLACKPINK,2025-02-28,16209314
BLACKPINK,2025-03-01,16127812
BLACKPINK,2025-03-02,16088911
BLACKPINK,2025-03-03,16044419
BLACKPINK,2025-03-04,16031717
BLACKPINK,2025-03-05,15987298
BLACKPINK,2025-03-06,15947374
BLACKPINK,2025-03-07,15907449
BLACKPINK,2025-03-08,15843534
BLACKPINK,2025-03-09,15805968
BLACKPINK,2025-03-10,15772877
BLACKPINK,2025-03-11,15739786
BLACKPINK,2025-03-12,15706695
BLACKPINK,2025-03-13,15675982
BLACKPINK,2025-03-14,15629933
BLACKPINK,2025-03-15,15601425
BLACKPINK,2025-03-16,15572916
BLACKPINK,2025-03-17,15544408
BLACKPINK,2025-03-18,15515900
BLACKPINK,2025-03-19,15487392
BLACKPINK,2025-03-20,15458883
BLACKPINK,2025-03-21,15430375
BLACKPINK,2025-03-22,15386082
BLACKPINK,2025-03-23,15353325
BLACKPINK,2025-03-24,15333194
BLACKPINK,2025-03-25,15319719
BLACKPINK,2025-03-26,15283355
BLACKPINK,2025-03-27,15274699
BLACKPINK,2025-03-28,15266043
BLACKPINK,2025-03-29,15234695
BLACKPINK,2025-03-30,15227977
BLACKPINK,2025-03-31,15221421
BLACKPINK,2025-04-01,15214865
BLACKPINK,2025-04-02,15238237
BLACKPINK,2025-04-03,15269149
BLACKPINK,2025-04-04,15282894
BLACKPINK,2025-04-05,15285683
BLACKPINK,2025-04-06,15288472
BLACKPINK,2025-04-07,15305894
BLACKPINK,2025-04-08,15322731
BLACKPINK,2025-04-09,15344094
BLACKPINK,2025-04-10,15365456
BLACKPINK,2025-04-11,15413837
BLACKPINK,2025-04-12,15445851
BLACKPINK,2025-04-13,15483410
BLACKPINK,2025-04-14,15510784
BLACKPINK,2025-04-15,15572424
BLACKPINK,2025-04-16,15597466
BLACKPINK,2025-04-17,15622508
BLACKPINK,2025-04-18,15632617
BLACKPINK,2025-04-19,15642725
BLACKPINK,2025-04-20,15649905
BLACKPINK,2025-04-21,15664135
BLACKPINK,2025-04-22,15662633
BLACKPINK,2025-04-23,15661132
BLACKPINK,2025-04-24,15669444
BLACKPINK,2025-04-25,15698591
BLACKPINK,2025-04-26,15727738
BLACKPINK,2025-04-27,15756885
BLACKPINK,2025-04-28,15770391
BLACKPINK,2025-04-29,15798136
BLACKPINK,2025-04-30,15794846
BLACKPINK,2025-05-01,15791557
BLACKPINK,2025-05-02,15802311
BLACKPINK,2025-05-03,15802932
BLACKPINK,2025-05-04,15803553
BLACKPINK,2025-05-05,15804174
BLACKPINK,2025-05-06,15805932
BLACKPINK,2025-05-07,15800152
BLACKPINK,2025-05-08,15788659
BLACKPINK,2025-05-09,15762893
BLACKPINK,2025-05-10,15760357
BLACKPINK,2025-05-11,15757821
BLACKPINK,2025-05-12,15744340
BLACKPINK,2025-05-13,15710007
BLACKPINK,2025-05-14,15675674
BLACKPINK,2025-05-15,15678403
BLACKPINK,2025-05-16,15673860
BLACKPINK,2025-05-17,15684266
BLACKPINK,2025-05-18,15672277
BLACKPINK,2025-05-19,15657950
BLACKPINK,2025-05-20,15638744
BLACKPINK,2025-05-21,15630967
BLACKPINK,2025-05-22,15627291
BLACKPINK,2025-05-23,15623615
BLACKPINK,2025-05-24,15607359
BLACKPINK,2025-05-25,15589707
BLACKPINK,2025-05-26,15572056
BLACKPINK,2025-05-27,15554404
BLACKPINK,2025-05-28,15572938
BLACKPINK,2025-05-29,15599832
BLACKPINK,2025-05-30,15618613
BLACKPINK,2025-05-31,15625785
BLACKPINK,2025-06-01,15669153
BLACKPINK,2025-06-02,15712522
BLACKPINK,2025-06-03,15771570
BLACKPINK,2025-06-04,15784122
BLACKPINK,2025-06-05,15796675
BLACKPINK,2025-06-06,15813169
BLACKPINK,2025-06-07,15829662
BLACKPINK,2025-06-08,15824510
BLACKPINK,2025-06-09,15819358
BLACKPINK,2025-06-10,15801173
BLACKPINK,2025-06-11,15792567
BLACKPINK,2025-06-12,15805882
BLACKPINK,2025-06-13,15819198
BLACKPINK,2025-06-14,15867265
BLACKPINK,2025-06-15,15889285
BLACKPINK,2025-06-16,15911305
BLACKPINK,2025-06-17,15915849
BLACKPINK,2025-06-18,15920393
BLACKPINK,2025-06-19,15980935
BLACKPINK,2025-06-20,16013148
BLACKPINK,2025-06-21,16045361
BLACKPINK,2025-06-22,16072545
BLACKPINK,2025-06-23,16095123
BLACKPINK,2025-06-24,16117700
BLACKPINK,2025-06-25,16133783
BLACKPINK,2025-06-26,16150652
BLACKPINK,2025-06-27,16167522
BLACKPINK,2025-06-28,16183926
BLACKPINK,2025-06-29,16198994
BLACKPINK,2025-06-30,16205816
BLACKPINK,2025-07-01,16233867
BLACKPINK,2025-07-02,16261919
BLACKPINK,2025-07-03,16268725
BLACKPINK,2025-07-04,16275530
BLACKPINK,2025-07-05,16358202
BLACKPINK,2025-07-06,16408096
BLACKPINK,2025-07-07,16463572
BLACKPINK,2025-07-08,16588079
BLACKPINK,2025-07-09,16651067
BLACKPINK,2025-07-10,16714055
BLACKPINK,2025-07-11,16850112
BLACKPINK,2025-07-12,18421948
BLACKPINK,2025-07-13,19412880
BLACKPINK,2025-07-14,20400106
BLACKPINK,2025-07-15,21509390
BLACKPINK,2025-07-16,22618672
BLACKPINK,2025-07-17,23688214
BLACKPINK,2025-07-18,24697538
BLACKPINK,2025-07-19,25506410
BLACKPINK,2025-07-20,26229284
BLACKPINK,2025-07-21,26929304
BLACKPINK,2025-07-22,27549360
BLACKPINK,2025-07-23,28117504
BLACKPINK,2025-07-24,28673080
BLACKPINK,2025-07-25,28938798
BLACKPINK,2025-07-26,29204518
BLACKPINK,2025-07-27,30362012
BLACKPINK,2025-07-28,30778848
BLACKPINK,2025-07-29,31221816
BLACKPINK,2025-07-30,31437510
BLACKPINK,2025-07-31,31653204
BLACKPINK,2025-08-01,32508164
BLACKPINK,2025-08-02,32741880
BLACKPINK,2025-08-03,32975596
BLACKPINK,2025-08-04,33880924
BLACKPINK,2025-08-05,34304292
BLACKPINK,2025-08-06,34535550
BLACKPINK,2025-08-07,34766812
BLACKPINK,2025-08-08,34998070
BLACKPINK,2025-08-09,35310316
BLACKPINK,2025-08-10,35077576
BLACKPINK,2025-08-11,35000770
BLACKPINK,2025-08-12,34809856
BLACKPINK,2025-08-13,34612210
BLACKPINK,2025-08-14,34296684
BLACKPINK,2025-08-15,33981156
BLACKPINK,2025-08-16,33789696
BLACKPINK,2025-08-17,33694380
BLACKPINK,2025-08-18,33557824
BLACKPINK,2025-08-19,33437788
BLACKPINK,2025-08-20,33392910
BLACKPINK,2025-08-21,33348028
BLACKPINK,2025-08-22,33275264
BLACKPINK,2025-08-23,33202498
BLACKPINK,2025-08-24,33042408
BLACKPINK,2025-08-25,33023924
BLACKPINK,2025-08-26,33014402
BLACKPINK,2025-08-27,33004880
BLACKPINK,2025-08-28,32956268
BLACKPINK,2025-08-29,32879890
BLACKPINK,2025-08-30,32803512
BLACKPINK,2025-08-31,32766708
BLACKPINK,2025-09-01,32729904
BLACKPINK,2025-09-02,32701544
BLACKPINK,2025-09-03,32673184
BLACKPINK,2025-09-04,32533504
BLACKPINK,2025-09-05,32500856
BLACKPINK,2025-09-06,32476496
BLACKPINK,2025-09-07,32452136
BLACKPINK,2025-09-08,32427776
BLACKPINK,2025-09-09,32372910
BLACKPINK,2025-09-10,32318042
BLACKPINK,2025-09-11,32263174
BLACKPINK,2025-09-12,32208306
BLACKPINK,2025-09-13,32153440
BLACKPINK,2025-09-14,32098572
BLACKPINK,2025-09-15,32043704
BLACKPINK,2025-09-16,31988836
BLACKPINK,2025-09-17,31933970
BLACKPINK,2025-09-18,31890684
BLACKPINK,2025-09-19,31847398
BLACKPINK,2025-09-20,31804114
BLACKPINK,2025-09-21,31701264
BLACKPINK,2025-09-22,31630874
BLACKPINK,2025-09-23,31533054
BLACKPINK,2025-09-24,31483850
BLACKPINK,2025-09-25,31434646
BLACKPINK,2025-09-26,31283950
BLACKPINK,2025-09-27,31133256
BLACKPINK,2025-09-28,30932580
BLACKPINK,2025-09-29,30843380
BLACKPINK,2025-09-30,30707466
BLACKPINK,2025-10-01,30591488
BLACKPINK,2025-10-02,30498276
BLACKPINK,2025-10-03,30396756
BLACKPINK,2025-10-04,30312996
BLACKPINK,2025-10-05,30143404
BLACKPINK,2025-10-06,30067788
BLACKPINK,2025-10-07,29992174
BLACKPINK,2025-10-08,29826564
BLACKPINK,2025-10-09,29660956
BLACKPINK,2025-10-10,29522088
BLACKPINK,2025-10-11,29384678
BLACKPINK,2025-10-12,29215046
BLACKPINK,2025-10-13,29084210
BLACKPINK,2025-10-14,28971488
BLACKPINK,2025-10-15,28848306
BLACKPINK,2025-10-16,28725120
BLACKPINK,2025-10-17,28666170
BLACKPINK,2025-10-18,28607220
BLACKPINK,2025-10-19,28483084
BLACKPINK,2025-10-20,28358948
BLACKPINK,2025-10-21,28276988
BLACKPINK,2025-10-22,28195028
BLACKPINK,2025-10-23,28146358
BLACKPINK,2025-10-24,28097686
BLACKPINK,2025-10-25,27913080
BLACKPINK,2025-10-26,27784144
BLACKPINK,2025-10-27,27665828
BLACKPINK,2025-10-28,27597816
BLACKPINK,2025-10-29,27533824
BLACKPINK,2025-10-30,27469832
BLACKPINK,2025-10-31,27405840
BLACKPINK,2025-11-01,27364710
BLACKPINK,2025-11-02,27319756
BLACKPINK,2025-11-03,27312282
BLACKPINK,2025-11-04,27304812
BLACKPINK,2025-11-05,27297340
BLACKPINK,2025-11-06,27289868
BLACKPINK,2025-11-07,27282396
BLACKPINK,2025-11-08,27274924
BLACKPINK,2025-11-09,27164142
BLACKPINK,2025-11-10,27127392
BLACKPINK,2025-11-11,27107940
BLACKPINK,2025-11-12,27094470
BLACKPINK,2025-11-13,27045644
BLACKPINK,2025-11-14,26996816
BLACKPINK,2025-11-15,26947988
BLACKPINK,2025-11-16,26793980
BLACKPINK,2025-11-17,26639972
BLACKPINK,2025-11-18,26568962
BLACKPINK,2025-11-19,26497952
BLACKPINK,2025-11-20,26451242
BLACKPINK,2025-11-21,26404530
BLACKPINK,2025-11-22,26357820
BLACKPINK,2025-11-23,26311108
BLACKPINK,2025-11-24,26252302
BLACKPINK,2025-11-25,26193496
BLACKPINK,2025-11-26,26152220
BLACKPINK,2025-11-27,26110946
BLACKPINK,2025-11-28,26069670
BLACKPINK,2025-11-29,26028396
BLACKPINK,2025-11-30,25987120
BLACKPINK,2025-12-01,25922880
BLACKPINK,2025-12-02,25858640
BLACKPINK,2025-12-03,25784402
BLACKPINK,2025-12-04,25710164
BLACKPINK,2025-12-05,25635724
BLACKPINK,2025-12-06,25608672
BLACKPINK,2025-12-07,25562332
BLACKPINK,2025-12-08,25515994
BLACKPINK,2025-12-09,25469528
BLACKPINK,2025-12-10,25429574
BLACKPINK,2025-12-11,25389620
BLACKPINK,2025-12-12,25325166
BLACKPINK,2025-12-13,25260712
BLACKPINK,2025-12-14,25186912
BLACKPINK,2025-12-15,25178956
BLACKPINK,2025-12-16,25171000
BLACKPINK,2025-12-17,25097936
BLACKPINK,2025-12-18,25065020
BLACKPINK,2025-12-19,25032104
BLACKPINK,2025-12-20,24996192
BLACKPINK,2025-12-21,24937480
BLACKPINK,2025-12-22,24880938
BLACKPINK,2025-12-23,24824396
BLACKPINK,2025-12-24,24767854
BLACKPINK,2025-12-25,24711312
BLACKPINK,2025-12-26,24654770
BLACKPINK,2025-12-27,24598228
BLACKPINK,2025-12-28,24541688
BLACKPINK,2025-12-29,24485146
BLACKPINK,2025-12-30,24428604
BLACKPINK,2025-12-31,24372062
BLACKPINK,2026-01-01,24386122
BLACKPINK,2026-01-02,24565064
BLACKPINK,2026-01-03,24467864
BLACKPINK,2026-01-04,24412308
BLACKPINK,2026-01-05,24376428
BLACKPINK,2026-01-06,24374948
BLACKPINK,2026-01-07,24373468
BLACKPINK,2026-01-08,24369272
BLACKPINK,2026-01-09,24345604
BLACKPINK,2026-01-10,24338636
BLACKPINK,2026-01-11,24302700
BLACKPINK,2026-01-12,24283948
BLACKPINK,2026-01-13,24267204
BLACKPINK,2026-01-14,24293586
BLACKPINK,2026-01-15,24261348
BLACKPINK,2026-01-16,24266488
BLACKPINK,2026-01-17,24291032
BLACKPINK,2026-01-18,24310958
BLACKPINK,2026-01-19,24298588
BLACKPINK,2026-01-20,24279510
BLACKPINK,2026-01-21,24255734
BLACKPINK,2026-01-22,24231958
BLACKPINK,2026-01-23,24264012
BLACKPINK,2026-01-24,24296068
BLACKPINK,2026-01-25,24312036
BLACKPINK,2026-01-26,24318304
BLACKPINK,2026-01-27,24208076
BLACKPINK,2026-01-28,24170372
BLACKPINK,2026-01-29,24132668
BLACKPINK,2026-01-30,23758848
BLACKPINK,2026-01-31,23719992
BLACKPINK,2026-02-01,23701136
BLACKPINK,2026-02-02,23682276
BLACKPINK,2026-02-03,23607546
BLACKPINK,2026-02-04,23465188
BLACKPINK,2026-02-05,23403906
BLACKPINK,2026-02-06,23342624
BLACKPINK,2026-02-07,23332652
BLACKPINK,2026-02-08,23322680
BLACKPINK,2026-02-09,23203912
BLACKPINK,2026-02-10,23172524
BLACKPINK,2026-02-11,23141134
BLACKPINK,2026-02-12,23103728
BLACKPINK,2026-02-13,23001468
BLACKPINK,2026-02-14,22902808
BLACKPINK,2026-02-15,22776884
BLACKPINK,2026-02-16,22760744
BLACKPINK,2026-02-17,22744600
BLACKPINK,2026-02-18,22695552
BLACKPINK,2026-02-19,22629736
BLACKPINK,2026-02-20,22602362
BLACKPINK,2026-02-21,22539472
BLACKPINK,2026-02-22,22420908
BLACKPINK,2026-02-23,22379128
BLACKPINK,2026-02-24,22337348
BLACKPINK,2026-02-25,22293220
BLACKPINK,2026-02-26,22269138
BLACKPINK,2026-02-27,22245056
BLACKPINK,2026-02-28,23276372
BLACKPINK,2026-03-01,23704476
BLACKPINK,2026-03-02,24050588
BLACKPINK,2026-03-03,24201236
BLACKPINK,2026-03-04,24351884
BLACKPINK,2026-03-05,24639116
BLACKPINK,2026-03-06,24927292
BLACKPINK,2026-03-07,25500728
BLACKPINK,2026-03-08,25616480
BLACKPINK,2026-03-09,25732232
BLACKPINK,2026-03-10,25897840
BLACKPINK,2026-03-11,26031400
BLACKPINK,2026-03-12,26284850
BLACKPINK,2026-03-13,26339460
BLACKPINK,2026-03-14,26394072
BLACKPINK,2026-03-15,26525562
BLACKPINK,2026-03-16,26628264
BLACKPINK,2026-03-17,26758166
BLACKPINK,2026-03-18,26794182
BLACKPINK,2026-03-19,26830196
BLACKPINK,2026-03-20,26987252
BLACKPINK,2026-03-21,27145124
BLACKPINK,2026-03-22,27309752
BLACKPINK,2026-03-23,27387500
BLACKPINK,2026-03-24,27465252
BLACKPINK,2026-03-25,27570536
BLACKPINK,2026-03-26,27672936
BLACKPINK,2026-03-27,27894444
BLACKPINK,2026-03-28,27330792
BLACKPINK,2026-03-29,27202032
BLACKPINK,2026-03-30,27073274
BLACKPINK,2026-03-31,26885688
BLACKPINK,2026-04-01,26702180
BLACKPINK,2026-04-02,26366682
BLACKPINK,2026-04-03,26156074
BLACKPINK,2026-04-04,25945468
BLACKPINK,2026-04-05,25790888
BLACKPINK,2026-04-06,25691604
BLACKPINK,2026-04-07,25592320
BLACKPINK,2026-04-08,25506212
BLACKPINK,2026-04-09,25420106
BLACKPINK,2026-04-10,25310432
BLACKPINK,2026-04-11,25200760
BLACKPINK,2026-04-12,25200760
BTS,2024-04-13,28436538
BTS,2024-04-14,28436538
BTS,2024-04-15,28436538
BTS,2024-04-16,28436538
BTS,2024-04-17,28436538
BTS,2024-04-18,28157500
BTS,2024-04-19,28133184
BTS,2024-04-20,28106256
BTS,2024-04-21,28106256
BTS,2024-04-22,28047854
BTS,2024-04-23,28012152
BTS,2024-04-24,27964664
BTS,2024-04-25,27961692
BTS,2024-04-26,27933728
BTS,2024-04-27,27899740
BTS,2024-04-28,27904276
BTS,2024-04-29,27904276
BTS,2024-04-30,27884600
BTS,2024-05-01,27883228
BTS,2024-05-02,27870934
BTS,2024-05-03,27841368
BTS,2024-05-04,27841368
BTS,2024-05-05,27778584
BTS,2024-05-06,27760548
BTS,2024-05-07,27738408
BTS,2024-05-08,27695284
BTS,2024-05-09,27692096
BTS,2024-05-10,27702628
BTS,2024-05-11,27709496
BTS,2024-05-12,27714816
BTS,2024-05-13,27701532
BTS,2024-05-14,27701532
BTS,2024-05-15,27701532
BTS,2024-05-16,27659138
BTS,2024-05-17,27622416
BTS,2024-05-18,27592484
BTS,2024-05-19,27568884
BTS,2024-05-20,27554262
BTS,2024-05-21,27559656
BTS,2024-05-22,27558432
BTS,2024-05-23,27558432
BTS,2024-05-24,27532156
BTS,2024-05-25,27477176
BTS,2024-05-26,27477176
BTS,2024-05-27,27443716
BTS,2024-05-28,27386128
BTS,2024-05-29,27386128
BTS,2024-05-30,27343720
BTS,2024-05-31,27322364
BTS,2024-06-01,27324760
BTS,2024-06-02,27392196
BTS,2024-06-03,27392196
BTS,2024-06-04,27449124
BTS,2024-06-05,27477934
BTS,2024-06-06,27493480
BTS,2024-06-07,27493480
BTS,2024-06-08,27476432
BTS,2024-06-09,27530640
BTS,2024-06-10,27521418
BTS,2024-06-11,27531222
BTS,2024-06-12,27531222
BTS,2024-06-13,27533190
BTS,2024-06-14,27539888
BTS,2024-06-15,27622176
BTS,2024-06-16,27622176
BTS,2024-06-17,27772578
BTS,2024-06-18,27772578
BTS,2024-06-19,27839442
BTS,2024-06-20,27868328
BTS,2024-06-21,27868328
BTS,2024-06-22,27944192
BTS,2024-06-23,27944192
BTS,2024-06-24,28018368
BTS,2024-06-25,28097652
BTS,2024-06-26,28152498
BTS,2024-06-27,28194348
BTS,2024-06-28,28234714
BTS,2024-06-29,28234714
BTS,2024-06-30,28302706
BTS,2024-07-01,433
BTS,2024-07-02,28271840
BTS,2024-07-03,28242628
BTS,2024-07-04,28242628
BTS,2024-07-05,28221824
BTS,2024-07-06,28219516
BTS,2024-07-07,28173552
BTS,2024-07-08,28113200
BTS,2024-07-09,28072364
BTS,2024-07-10,28033676
BTS,2024-07-11,27983474
BTS,2024-07-12,27983474
BTS,2024-07-13,27940012
BTS,2024-07-14,27879814
BTS,2024-07-15,27879814
BTS,2024-07-16,27620304
BTS,2024-07-17,27620304
BTS,2024-07-18,27506184
BTS,2024-07-19,27506184
BTS,2024-07-20,27411044
BTS,2024-07-21,27385366
BTS,2024-07-22,27359688
BTS,2024-07-23,27308958
BTS,2024-07-24,27225428
BTS,2024-07-25,27153568
BTS,2024-07-26,27096852
BTS,2024-07-27,26992284
BTS,2024-07-28,26887718
BTS,2024-07-29,26833962
BTS,2024-07-30,26820152
BTS,2024-07-31,26805664
BTS,2024-08-01,26783220
BTS,2024-08-02,26754228
BTS,2024-08-03,26725234
BTS,2024-08-04,26702740
BTS,2024-08-05,26680248
BTS,2024-08-06,26655600
BTS,2024-08-07,26669168
BTS,2024-08-08,26674960
BTS,2024-08-09,26680754
BTS,2024-08-10,26624236
BTS,2024-08-11,26605744
BTS,2024-08-12,26587250
BTS,2024-08-13,26575548
BTS,2024-08-14,26566626
BTS,2024-08-15,26557704
BTS,2024-08-16,26537856
BTS,2024-08-17,25744216
BTS,2024-08-18,25161100
BTS,2024-08-19,25855648
BTS,2024-08-20,26550196
BTS,2024-08-21,26547796
BTS,2024-08-22,26554502
BTS,2024-08-23,26549356
BTS,2024-08-24,26553560
BTS,2024-08-25,26571760
BTS,2024-08-26,26582048
BTS,2024-08-27,26587326
BTS,2024-08-28,26592604
BTS,2024-08-29,26565710
BTS,2024-08-30,26587186
BTS,2024-08-31,26608660
BTS,2024-09-01,26655068
BTS,2024-09-02,26735102
BTS,2024-09-03,26798660
BTS,2024-09-04,26841164
BTS,2024-09-05,26865392
BTS,2024-09-06,26909534
BTS,2024-09-07,26953680
BTS,2024-09-08,26999484
BTS,2024-09-09,27049712
BTS,2024-09-10,27095016
BTS,2024-09-11,27142800
BTS,2024-09-12,27169638
BTS,2024-09-13,27178872
BTS,2024-09-14,27187892
BTS,2024-09-15,27166874
BTS,2024-09-16,27145852
BTS,2024-09-17,27179628
BTS,2024-09-18,27170036
BTS,2024-09-19,27188440
BTS,2024-09-20,27244880
BTS,2024-09-21,27275364
BTS,2024-09-22,27331316
BTS,2024-09-23,27356780
BTS,2024-09-24,27382244
BTS,2024-09-25,27423918
BTS,2024-09-26,27465592
BTS,2024-09-27,27499848
BTS,2024-09-28,27506668
BTS,2024-09-29,27505488
BTS,2024-09-30,27460988
BTS,2024-10-01,27422796
BTS,2024-10-02,27384604
BTS,2024-10-03,27322636
BTS,2024-10-04,27270830
BTS,2024-10-05,27219022
BTS,2024-10-06,27157018
BTS,2024-10-07,27095012
BTS,2024-10-08,27077318
BTS,2024-10-09,27059620
BTS,2024-10-10,27172876
BTS,2024-10-11,27106146
BTS,2024-10-12,27039416
BTS,2024-10-13,27000592
BTS,2024-10-14,26965194
BTS,2024-10-15,26914456
BTS,2024-10-16,26852936
BTS,2024-10-17,26786032
BTS,2024-10-18,26701094
BTS,2024-10-19,26616160
BTS,2024-10-20,26531224
BTS,2024-10-21,26433542
BTS,2024-10-22,26355136
BTS,2024-10-23,26317230
BTS,2024-10-24,26279322
BTS,2024-10-25,26236620
BTS,2024-10-26,26125998
BTS,2024-10-27,26090160
BTS,2024-10-28,26054322
BTS,2024-10-29,25999152
BTS,2024-10-30,25941924
BTS,2024-10-31,25932408
BTS,2024-11-01,25965024
BTS,2024-11-02,25997640
BTS,2024-11-03,26041596
BTS,2024-11-04,26085552
BTS,2024-11-05,26185202
BTS,2024-11-06,26303664
BTS,2024-11-07,26327864
BTS,2024-11-08,26352066
BTS,2024-11-09,26376268
BTS,2024-11-10,26399694
BTS,2024-11-11,26423120
BTS,2024-11-12,26480812
BTS,2024-11-13,26501774
BTS,2024-11-14,26529290
BTS,2024-11-15,26556806
BTS,2024-11-16,26585266
BTS,2024-11-17,26609728
BTS,2024-11-18,26612350
BTS,2024-11-19,26614968
BTS,2024-11-20,26582146
BTS,2024-11-21,26549322
BTS,2024-11-22,26582512
BTS,2024-11-23,26575316
BTS,2024-11-24,26595430
BTS,2024-11-25,26615542
BTS,2024-11-26,26612958
BTS,2024-11-27,26646332
BTS,2024-11-28,26679704
BTS,2024-11-29,26686284
BTS,2024-11-30,26660162
BTS,2024-12-01,26625606
BTS,2024-12-02,26587936
BTS,2024-12-03,26535780
BTS,2024-12-04,26483624
BTS,2024-12-05,26453470
BTS,2024-12-06,26423312
BTS,2024-12-07,26393156
BTS,2024-12-08,26360732
BTS,2024-12-09,26328312
BTS,2024-12-10,26295890
BTS,2024-12-11,26272808
BTS,2024-12-12,26257984
BTS,2024-12-13,26191406
BTS,2024-12-14,26124828
BTS,2024-12-15,26032704
BTS,2024-12-16,25940580
BTS,2024-12-17,25918182
BTS,2024-12-18,25895784
BTS,2024-12-19,25814100
BTS,2024-12-20,25721144
BTS,2024-12-21,25646516
BTS,2024-12-22,25531772
BTS,2024-12-23,25479984
BTS,2024-12-24,25428194
BTS,2024-12-25,25378648
BTS,2024-12-26,25156490
BTS,2024-12-27,25070236
BTS,2024-12-28,24983984
BTS,2024-12-29,24897730
BTS,2024-12-30,24811476
BTS,2024-12-31,24731244
BTS,2025-01-01,24679400
BTS,2025-01-02,24708242
BTS,2025-01-03,24673356
BTS,2025-01-04,24644466
BTS,2025-01-05,24633500
BTS,2025-01-06,24626572
BTS,2025-01-07,24674728
BTS,2025-01-08,24690748
BTS,2025-01-09,24706768
BTS,2025-01-10,24698466
BTS,2025-01-11,24690164
BTS,2025-01-12,24792930
BTS,2025-01-13,12396643
BTS,2025-01-14,356
BTS,2025-01-15,24839996
BTS,2025-01-16,360
BTS,2025-01-17,24923636
BTS,2025-01-18,16615880
BTS,2025-01-19,8308123
BTS,2025-01-20,365
BTS,2025-01-21,25151652
BTS,2025-01-22,356
BTS,2025-01-23,359
BTS,2025-01-24,25304578
BTS,2025-01-25,16869844
BTS,2025-01-26,8435110
BTS,2025-01-27,376
BTS,2025-01-28,25572616
BTS,2025-01-29,12786498
BTS,2025-01-30,381
BTS,2025-01-31,25635312
BTS,2025-02-01,25713292
BTS,2025-02-02,25791272
BTS,2025-02-03,25869254
BTS,2025-02-04,376
BTS,2025-02-05,12978673
BTS,2025-02-06,25956968
BTS,2025-02-07,26005608
BTS,2025-02-08,26050968
BTS,2025-02-09,26085388
BTS,2025-02-10,26068376
BTS,2025-02-11,26074674
BTS,2025-02-12,26083784
BTS,2025-02-13,26099248
BTS,2025-02-14,26107958
BTS,2025-02-15,26122214
BTS,2025-02-16,26136468
BTS,2025-02-17,26131906
BTS,2025-02-18,26135504
BTS,2025-02-19,26139102
BTS,2025-02-20,26194322
BTS,2025-02-21,26203534
BTS,2025-02-22,26213844
BTS,2025-02-23,26210516
BTS,2025-02-24,26193782
BTS,2025-02-25,26177048
BTS,2025-02-26,26170200
BTS,2025-02-27,26159456
BTS,2025-02-28,26136850
BTS,2025-03-01,26122362
BTS,2025-03-02,26054140
BTS,2025-03-03,26012020
BTS,2025-03-04,25969900
BTS,2025-03-05,25902120
BTS,2025-03-06,25839964
BTS,2025-03-07,25777808
BTS,2025-03-08,25714268
BTS,2025-03-09,25624982
BTS,2025-03-10,25576942
BTS,2025-03-11,25528898
BTS,2025-03-12,25480856
BTS,2025-03-13,25432816
BTS,2025-03-14,25273340
BTS,2025-03-15,25202958
BTS,2025-03-16,25132578
BTS,2025-03-17,25062198
BTS,2025-03-18,24991818
BTS,2025-03-19,24921436
BTS,2025-03-20,24851054
BTS,2025-03-21,24780674
BTS,2025-03-22,24702352
BTS,2025-03-23,24641464
BTS,2025-03-24,24580576
BTS,2025-03-25,24519688
BTS,2025-03-26,24458798
BTS,2025-03-27,24398518
BTS,2025-03-28,24338240
BTS,2025-03-29,24234030
BTS,2025-03-30,24129820
BTS,2025-03-31,24111710
BTS,2025-04-01,24146170
BTS,2025-04-02,24180630
BTS,2025-04-03,24215092
BTS,2025-04-04,24300484
BTS,2025-04-05,24372712
BTS,2025-04-06,24437596
BTS,2025-04-07,24502480
BTS,2025-04-08,24549946
BTS,2025-04-09,24629514
BTS,2025-04-10,24709082
BTS,2025-04-11,24783634
BTS,2025-04-12,24863812
BTS,2025-04-13,24936758
BTS,2025-04-14,25017296
BTS,2025-04-15,25080542
BTS,2025-04-16,25136018
BTS,2025-04-17,25191492
BTS,2025-04-18,25231514
BTS,2025-04-19,25271532
BTS,2025-04-20,25299890
BTS,2025-04-21,25328248
BTS,2025-04-22,25376390
BTS,2025-04-23,25385012
BTS,2025-04-24,25435996
BTS,2025-04-25,25481746
BTS,2025-04-26,25527496
BTS,2025-04-27,25564968
BTS,2025-04-28,25650166
BTS,2025-04-29,25710124
BTS,2025-04-30,25783666
BTS,2025-05-01,25795406
BTS,2025-05-02,25769948
BTS,2025-05-03,25740246
BTS,2025-05-04,25710544
BTS,2025-05-05,25717156
BTS,2025-05-06,25656836
BTS,2025-05-07,25625364
BTS,2025-05-08,25614952
BTS,2025-05-09,25555548
BTS,2025-05-10,25565340
BTS,2025-05-11,25575132
BTS,2025-05-12,25571648
BTS,2025-05-13,25561464
BTS,2025-05-14,25561314
BTS,2025-05-15,25564468
BTS,2025-05-16,25567620
BTS,2025-05-17,25579050
BTS,2025-05-18,25595180
BTS,2025-05-19,25580080
BTS,2025-05-20,25565190
BTS,2025-05-21,25573824
BTS,2025-05-22,25573968
BTS,2025-05-23,25582148
BTS,2025-05-24,25590332
BTS,2025-05-25,25598512
BTS,2025-05-26,25608628
BTS,2025-05-27,25618740
BTS,2025-05-28,25597444
BTS,2025-05-29,25576146
BTS,2025-05-30,25579206
BTS,2025-05-31,25574966
BTS,2025-06-01,25570728
BTS,2025-06-02,25568484
BTS,2025-06-03,25574528
BTS,2025-06-04,25584670
BTS,2025-06-05,25594808
BTS,2025-06-06,25665354
BTS,2025-06-07,25735896
BTS,2025-06-08,25792440
BTS,2025-06-09,25822004
BTS,2025-06-10,25851568
BTS,2025-06-11,25912224
BTS,2025-06-12,26062816
BTS,2025-06-13,26213404
BTS,2025-06-14,26382584
BTS,2025-06-15,26551762
BTS,2025-06-16,26690068
BTS,2025-06-17,26801928
BTS,2025-06-18,26893124
BTS,2025-06-19,26984324
BTS,2025-06-20,27067778
BTS,2025-06-21,27114310
BTS,2025-06-22,27160846
BTS,2025-06-23,27209046
BTS,2025-06-24,27217174
BTS,2025-06-25,27228656
BTS,2025-06-26,27240140
BTS,2025-06-27,27265396
BTS,2025-06-28,27290656
BTS,2025-06-29,27335604
BTS,2025-06-30,27380490
BTS,2025-07-01,27425376
BTS,2025-07-02,27479698
BTS,2025-07-03,27509856
BTS,2025-07-04,27540014
BTS,2025-07-05,27585408
BTS,2025-07-06,27683360
BTS,2025-07-07,27720922
BTS,2025-07-08,27758488
BTS,2025-07-09,27767632
BTS,2025-07-10,27776778
BTS,2025-07-11,27746042
BTS,2025-07-12,27715306
BTS,2025-07-13,27736812
BTS,2025-07-14,27698008
BTS,2025-07-15,27642816
BTS,2025-07-16,27644212
BTS,2025-07-17,27644732
BTS,2025-07-18,27645252
BTS,2025-07-19,27597488
BTS,2025-07-20,27799516
BTS,2025-07-21,27917900
BTS,2025-07-22,27967232
BTS,2025-07-23,28016720
BTS,2025-07-24,28051544
BTS,2025-07-25,28072340
BTS,2025-07-26,28093136
BTS,2025-07-27,28093172
BTS,2025-07-28,28124296
BTS,2025-07-29,28173208
BTS,2025-07-30,28211878
BTS,2025-07-31,28230946
BTS,2025-08-01,28250012
BTS,2025-08-02,28242640
BTS,2025-08-03,28235268
BTS,2025-08-04,28224026
BTS,2025-08-05,28212784
BTS,2025-08-06,28192128
BTS,2025-08-07,28150186
BTS,2025-08-08,28108248
BTS,2025-08-09,28030782
BTS,2025-08-10,27953316
BTS,2025-08-11,27913706
BTS,2025-08-12,27874096
BTS,2025-08-13,27842134
BTS,2025-08-14,27800840
BTS,2025-08-15,27778246
BTS,2025-08-16,27642376
BTS,2025-08-17,27549500
BTS,2025-08-18,27407834
BTS,2025-08-19,27350750
BTS,2025-08-20,27297182
BTS,2025-08-21,27243930
BTS,2025-08-22,27198170
BTS,2025-08-23,27191148
BTS,2025-08-24,27149456
BTS,2025-08-25,27132228
BTS,2025-08-26,27093540
BTS,2025-08-27,27054852
BTS,2025-08-28,26993132
BTS,2025-08-29,26921858
BTS,2025-08-30,26850584
BTS,2025-08-31,26782338
BTS,2025-09-01,26714092
BTS,2025-09-02,26641150
BTS,2025-09-03,26568204
BTS,2025-09-04,26512752
BTS,2025-09-05,26496688
BTS,2025-09-06,26480624
BTS,2025-09-07,26411350
BTS,2025-09-08,26342076
BTS,2025-09-09,26294212
BTS,2025-09-10,26246348
BTS,2025-09-11,26198484
BTS,2025-09-12,26150622
BTS,2025-09-13,26102756
BTS,2025-09-14,26054892
BTS,2025-09-15,26007030
BTS,2025-09-16,25959164
BTS,2025-09-17,25871788
BTS,2025-09-18,25818656
BTS,2025-09-19,25781684
BTS,2025-09-20,25744712
BTS,2025-09-21,25671222
BTS,2025-09-22,25605870
BTS,2025-09-23,25540516
BTS,2025-09-24,25493770
BTS,2025-09-25,25447026
BTS,2025-09-26,25410772
BTS,2025-09-27,25374518
BTS,2025-09-28,25338966
BTS,2025-09-29,25252116
BTS,2025-09-30,25202328
BTS,2025-10-01,25234284
BTS,2025-10-02,25272804
BTS,2025-10-03,25310836
BTS,2025-10-04,25329940
BTS,2025-10-05,25341818
BTS,2025-10-06,25317788
BTS,2025-10-07,25317424
BTS,2025-10-08,25318152
BTS,2025-10-09,25299164
BTS,2025-10-10,25288516
BTS,2025-10-11,25277864
BTS,2025-10-12,25289876
BTS,2025-10-13,25266076
BTS,2025-10-14,25258332
BTS,2025-10-15,25242668
BTS,2025-10-16,25227004
BTS,2025-10-17,25221584
BTS,2025-10-18,25193030
BTS,2025-10-19,25156140
BTS,2025-10-20,25119248
BTS,2025-10-21,25101368
BTS,2025-10-22,25056476
BTS,2025-10-23,25003328
BTS,2025-10-24,24991140
BTS,2025-10-25,24978954
BTS,2025-10-26,24952704
BTS,2025-10-27,24919920
BTS,2025-10-28,24923704
BTS,2025-10-29,24904840
BTS,2025-10-30,24885978
BTS,2025-10-31,24786558
BTS,2025-11-01,24687140
BTS,2025-11-02,24682366
BTS,2025-11-03,24677592
BTS,2025-11-04,24672818
BTS,2025-11-05,24668044
BTS,2025-11-06,24663270
BTS,2025-11-07,24574904
BTS,2025-11-08,24510484
BTS,2025-11-09,24446068
BTS,2025-11-10,24419114
BTS,2025-11-11,24377332
BTS,2025-11-12,24335552
BTS,2025-11-13,24293770
BTS,2025-11-14,24264628
BTS,2025-11-15,24227928
BTS,2025-11-16,24191226
BTS,2025-11-17,24144834
BTS,2025-11-18,24098442
BTS,2025-11-19,24062450
BTS,2025-11-20,24026458
BTS,2025-11-21,23990466
BTS,2025-11-22,23954476
BTS,2025-11-23,23909046
BTS,2025-11-24,23880796
BTS,2025-11-25,23824436
BTS,2025-11-26,23824914
BTS,2025-11-27,23825394
BTS,2025-11-28,23825874
BTS,2025-11-29,23826352
BTS,2025-11-30,23826832
BTS,2025-12-01,23818554
BTS,2025-12-02,23810276
BTS,2025-12-03,23756250
BTS,2025-12-04,23757384
BTS,2025-12-05,23828634
BTS,2025-12-06,23827846
BTS,2025-12-07,23827058
BTS,2025-12-08,23839782
BTS,2025-12-09,23875464
BTS,2025-12-10,23917642
BTS,2025-12-11,23959820
BTS,2025-12-12,23977756
BTS,2025-12-13,23976704
BTS,2025-12-14,23975654
BTS,2025-12-15,24000868
BTS,2025-12-16,24005402
BTS,2025-12-17,24035228
BTS,2025-12-18,24094242
BTS,2025-12-19,24148266
BTS,2025-12-20,24162778
BTS,2025-12-21,24177288
BTS,2025-12-22,24215376
BTS,2025-12-23,24232120
BTS,2025-12-24,24248864
BTS,2025-12-25,24265608
BTS,2025-12-26,24282352
BTS,2025-12-27,24299096
BTS,2025-12-28,24315840
BTS,2025-12-29,24332584
BTS,2025-12-30,24349328
BTS,2025-12-31,24373892
BTS,2026-01-01,24398456
BTS,2026-01-02,24433906
BTS,2026-01-03,24457418
BTS,2026-01-04,24480930
BTS,2026-01-05,24504440
BTS,2026-01-06,24594472
BTS,2026-01-07,24684504
BTS,2026-01-08,24740988
BTS,2026-01-09,24797472
BTS,2026-01-10,24900538
BTS,2026-01-11,24946816
BTS,2026-01-12,24993092
BTS,2026-01-13,25060810
BTS,2026-01-14,25144106
BTS,2026-01-15,25308808
BTS,2026-01-16,25545202
BTS,2026-01-17,26201914
BTS,2026-01-18,26294662
BTS,2026-01-19,26387410
BTS,2026-01-20,26666476
BTS,2026-01-21,26737186
BTS,2026-01-22,26807896
BTS,2026-01-23,26901628
BTS,2026-01-24,27028924
BTS,2026-01-25,27419124
BTS,2026-01-26,27586220
BTS,2026-01-27,27622728
BTS,2026-01-28,27627788
BTS,2026-01-29,27572138
BTS,2026-01-30,27648936
BTS,2026-01-31,27743480
BTS,2026-02-01,27872004
BTS,2026-02-02,27908444
BTS,2026-02-03,27883100
BTS,2026-02-04,27902154
BTS,2026-02-05,27928640
BTS,2026-02-06,27925144
BTS,2026-02-07,27921648
BTS,2026-02-08,27942824
BTS,2026-02-09,27974094
BTS,2026-02-10,27962812
BTS,2026-02-11,27923196
BTS,2026-02-12,27883580
BTS,2026-02-13,27671800
BTS,2026-02-14,27494136
BTS,2026-02-15,27316472
BTS,2026-02-16,27281330
BTS,2026-02-17,27246188
BTS,2026-02-18,27131460
BTS,2026-02-19,27014394
BTS,2026-02-20,26923306
BTS,2026-02-21,26840808
BTS,2026-02-22,26520522
BTS,2026-02-23,26394916
BTS,2026-02-24,26329936
BTS,2026-02-25,26264956
BTS,2026-02-26,26240176
BTS,2026-02-27,26215396
BTS,2026-02-28,26156028
BTS,2026-03-01,26076944
BTS,2026-03-02,25843964
BTS,2026-03-03,25780848
BTS,2026-03-04,25703288
BTS,2026-03-05,25625728
BTS,2026-03-06,25562724
BTS,2026-03-07,25499722
BTS,2026-03-08,25412446
BTS,2026-03-09,25325172
BTS,2026-03-10,25272516
BTS,2026-03-11,25219862
BTS,2026-03-12,25174020
BTS,2026-03-13,25114384
BTS,2026-03-14,25103746
BTS,2026-03-15,25140064
BTS,2026-03-16,25113440
BTS,2026-03-17,25279712
BTS,2026-03-18,25313452
BTS,2026-03-19,25347192
BTS,2026-03-20,25400780
BTS,2026-03-21,28328908
BTS,2026-03-22,29632744
BTS,2026-03-23,30936580
BTS,2026-03-24,32240416
BTS,2026-03-25,32811440
BTS,2026-03-26,33382464
BTS,2026-03-27,34420164
BTS,2026-03-28,36292556
BTS,2026-03-29,37254828
BTS,2026-03-30,37967484
BTS,2026-03-31,38680144
BTS,2026-04-01,39367344
BTS,2026-04-02,40021890
BTS,2026-04-03,40648170
BTS,2026-04-04,41274444
BTS,2026-04-05,41825676
BTS,2026-04-06,42376908
BTS,2026-04-07,42606556
BTS,2026-04-08,42836210
BTS,2026-04-09,43284856
BTS,2026-04-10,43731040
BTS,2026-04-11,44151720
BTS,2026-04-12,44577364
CORTIS,2025-08-19,45714
CORTIS,2025-08-20,92127
CORTIS,2025-08-21,134835
CORTIS,2025-08-22,197879
CORTIS,2025-08-23,260924
CORTIS,2025-08-24,323968
CORTIS,2025-08-25,397276
CORTIS,2025-08-26,506989
CORTIS,2025-08-27,629103
CORTIS,2025-08-28,707787
CORTIS,2025-08-29,801521
CORTIS,2025-08-30,895256
CORTIS,2025-08-31,964992
CORTIS,2025-09-01,1034728
CORTIS,2025-09-02,1108717
CORTIS,2025-09-03,1182705
CORTIS,2025-09-04,1259486
CORTIS,2025-09-05,1295168
CORTIS,2025-09-06,1330849
CORTIS,2025-09-07,1437252
CORTIS,2025-09-08,1543655
CORTIS,2025-09-09,1769421
CORTIS,2025-09-10,1995188
CORTIS,2025-09-11,2220954
CORTIS,2025-09-12,2446720
CORTIS,2025-09-13,2672486
CORTIS,2025-09-14,2898253
CORTIS,2025-09-15,3124019
CORTIS,2025-09-16,3349785
CORTIS,2025-09-17,3637150
CORTIS,2025-09-18,3946466
CORTIS,2025-09-19,4222312
CORTIS,2025-09-20,4502862
CORTIS,2025-09-21,4758068
CORTIS,2025-09-22,4983597
CORTIS,2025-09-23,5192909
CORTIS,2025-09-24,5386856
CORTIS,2025-09-25,5580801
CORTIS,2025-09-26,5669033
CORTIS,2025-09-27,5757265
CORTIS,2025-09-28,6115559
CORTIS,2025-09-29,6284624
CORTIS,2025-09-30,6428931
CORTIS,2025-10-01,6567809
CORTIS,2025-10-02,6700789
CORTIS,2025-10-03,6831573
CORTIS,2025-10-04,6962355
CORTIS,2025-10-05,7103779
CORTIS,2025-10-06,7245202
CORTIS,2025-10-07,7345139
CORTIS,2025-10-08,7429642
CORTIS,2025-10-09,7507070
CORTIS,2025-10-10,7577407
CORTIS,2025-10-11,7570083
CORTIS,2025-10-12,7562759
CORTIS,2025-10-13,7524074
CORTIS,2025-10-14,7505542
CORTIS,2025-10-15,7487010
CORTIS,2025-10-16,7442610
CORTIS,2025-10-17,7394296
CORTIS,2025-10-18,7310395
CORTIS,2025-10-19,7254090
CORTIS,2025-10-20,7200514
CORTIS,2025-10-21,7146939
CORTIS,2025-10-22,7088859
CORTIS,2025-10-23,7028730
CORTIS,2025-10-24,6982959
CORTIS,2025-10-25,6937187
CORTIS,2025-10-26,6911545
CORTIS,2025-10-27,6885902
CORTIS,2025-10-28,6873704
CORTIS,2025-10-29,6862932
CORTIS,2025-10-30,6852159
CORTIS,2025-10-31,6841386
CORTIS,2025-11-01,6830613
CORTIS,2025-11-02,6813476
CORTIS,2025-11-03,6806204
CORTIS,2025-11-04,6798931
CORTIS,2025-11-05,6791658
CORTIS,2025-11-06,6784386
CORTIS,2025-11-07,6777113
CORTIS,2025-11-08,6783841
CORTIS,2025-11-09,6798198
CORTIS,2025-11-10,6812554
CORTIS,2025-11-11,6826911
CORTIS,2025-11-12,6841267
CORTIS,2025-11-13,6838097
CORTIS,2025-11-14,6834927
CORTIS,2025-11-15,6831756
CORTIS,2025-11-16,6845788
CORTIS,2025-11-17,6859820
CORTIS,2025-11-18,6867613
CORTIS,2025-11-19,6875406
CORTIS,2025-11-20,6883199
CORTIS,2025-11-21,6890992
CORTIS,2025-11-22,6898785
CORTIS,2025-11-23,6904188
CORTIS,2025-11-24,6917899
CORTIS,2025-11-25,6931609
CORTIS,2025-11-26,6945320
CORTIS,2025-11-27,6959031
CORTIS,2025-11-28,6972741
CORTIS,2025-11-29,6986452
CORTIS,2025-11-30,7000162
CORTIS,2025-12-01,7042424
CORTIS,2025-12-02,7084686
CORTIS,2025-12-03,7106591
CORTIS,2025-12-04,7128496
CORTIS,2025-12-05,7238802
CORTIS,2025-12-06,7279998
CORTIS,2025-12-07,7304707
CORTIS,2025-12-08,7329416
CORTIS,2025-12-09,7419955
CORTIS,2025-12-10,7463448
CORTIS,2025-12-11,7506922
CORTIS,2025-12-12,7550395
CORTIS,2025-12-13,7568623
CORTIS,2025-12-14,7586851
CORTIS,2025-12-15,7627293
CORTIS,2025-12-16,7665026
CORTIS,2025-12-17,7697369
CORTIS,2025-12-18,7726183
CORTIS,2025-12-19,7761899
CORTIS,2025-12-20,7795457
CORTIS,2025-12-21,7829059
CORTIS,2025-12-22,7863103
CORTIS,2025-12-23,7890765
CORTIS,2025-12-24,7918427
CORTIS,2025-12-25,7946090
CORTIS,2025-12-26,7973752
CORTIS,2025-12-27,8001414
CORTIS,2025-12-28,8029076
CORTIS,2025-12-29,8056738
CORTIS,2025-12-30,8084400
CORTIS,2025-12-31,8104775
CORTIS,2026-01-01,8128341
CORTIS,2026-01-02,8151906
CORTIS,2026-01-03,8160509
CORTIS,2026-01-04,8169112
CORTIS,2026-01-05,8177714
CORTIS,2026-01-06,8203520
CORTIS,2026-01-07,8237285
CORTIS,2026-01-08,8254911
CORTIS,2026-01-09,8264947
CORTIS,2026-01-10,8274983
CORTIS,2026-01-11,8295987
CORTIS,2026-01-12,8298346
CORTIS,2026-01-13,8330595
CORTIS,2026-01-14,8340128
CORTIS,2026-01-15,8349660
CORTIS,2026-01-16,8351240
CORTIS,2026-01-17,8352350
CORTIS,2026-01-18,8359195
CORTIS,2026-01-19,8366039
CORTIS,2026-01-20,8368980
CORTIS,2026-01-21,8344597
CORTIS,2026-01-22,8338849
CORTIS,2026-01-23,8333101
CORTIS,2026-01-24,8336480
CORTIS,2026-01-25,8330119
CORTIS,2026-01-26,8313573
CORTIS,2026-01-27,8271061
CORTIS,2026-01-28,8232436
CORTIS,2026-01-29,8193810
CORTIS,2026-01-30,8188278
CORTIS,2026-01-31,8182745
CORTIS,2026-02-01,8159182
CORTIS,2026-02-02,8133693
CORTIS,2026-02-03,8087910
CORTIS,2026-02-04,8050732
CORTIS,2026-02-05,8013640
CORTIS,2026-02-06,7972946
CORTIS,2026-02-07,7928729
CORTIS,2026-02-08,7844899
CORTIS,2026-02-09,7799138
CORTIS,2026-02-10,7753376
CORTIS,2026-02-11,7728550
CORTIS,2026-02-12,7703724
CORTIS,2026-02-13,7629669
CORTIS,2026-02-14,7658546
CORTIS,2026-02-15,7687422
CORTIS,2026-02-16,7713242
CORTIS,2026-02-17,7722475
CORTIS,2026-02-18,7720410
CORTIS,2026-02-19,7720372
CORTIS,2026-02-20,7720333
CORTIS,2026-02-21,7746860
CORTIS,2026-02-22,7757041
CORTIS,2026-02-23,7754621
CORTIS,2026-02-24,7767054
CORTIS,2026-02-25,7772164
CORTIS,2026-02-26,7755875
CORTIS,2026-02-27,7707850
CORTIS,2026-02-28,7702539
CORTIS,2026-03-01,7713493
CORTIS,2026-03-02,7709393
CORTIS,2026-03-03,7705292
CORTIS,2026-03-04,7685691
CORTIS,2026-03-05,7661380
CORTIS,2026-03-06,7658988
CORTIS,2026-03-07,7656595
CORTIS,2026-03-08,7636609
CORTIS,2026-03-09,7632218
CORTIS,2026-03-10,7627827
CORTIS,2026-03-11,7625055
CORTIS,2026-03-12,7618817
CORTIS,2026-03-13,7609940
CORTIS,2026-03-14,7601063
CORTIS,2026-03-15,7506775
CORTIS,2026-03-16,7436018
CORTIS,2026-03-17,7365261
CORTIS,2026-03-18,7353136
CORTIS,2026-03-19,7341010
CORTIS,2026-03-20,7262524
CORTIS,2026-03-21,7266228
CORTIS,2026-03-22,7256455
CORTIS,2026-03-23,7246682
CORTIS,2026-03-24,7236908
CORTIS,2026-03-25,7235903
CORTIS,2026-03-26,7251337
CORTIS,2026-03-27,7254017
CORTIS,2026-03-28,7253666
CORTIS,2026-03-29,7247087
CORTIS,2026-03-30,7240508
CORTIS,2026-03-31,7233109
CORTIS,2026-04-01,7240927
CORTIS,2026-04-02,7250442
CORTIS,2026-04-03,7249654
CORTIS,2026-04-04,7230647
CORTIS,2026-04-05,7229004
CORTIS,2026-04-06,7227360
CORTIS,2026-04-07,7227916
CORTIS,2026-04-08,7228471
CORTIS,2026-04-09,7216373
CORTIS,2026-04-10,7205681
CORTIS,2026-04-11,7207302
CORTIS,2026-04-12,7200919
Hearts2Hearts,2025-02-25,81533
Hearts2Hearts,2025-02-26,165189
Hearts2Hearts,2025-02-27,245525
Hearts2Hearts,2025-02-28,284905
Hearts2Hearts,2025-03-01,324285
Hearts2Hearts,2025-03-02,497715
Hearts2Hearts,2025-03-03,593622
Hearts2Hearts,2025-03-04,704640
Hearts2Hearts,2025-03-05,817002
Hearts2Hearts,2025-03-06,870805
Hearts2Hearts,2025-03-07,924608
Hearts2Hearts,2025-03-08,1028287
Hearts2Hearts,2025-03-09,1251501
Hearts2Hearts,2025-03-10,1351251
Hearts2Hearts,2025-03-11,1451000
Hearts2Hearts,2025-03-12,1550750
Hearts2Hearts,2025-03-13,1594587
Hearts2Hearts,2025-03-14,1638424
Hearts2Hearts,2025-03-15,1723193
Hearts2Hearts,2025-03-16,1807962
Hearts2Hearts,2025-03-17,1892731
Hearts2Hearts,2025-03-18,1977501
Hearts2Hearts,2025-03-19,2062270
Hearts2Hearts,2025-03-20,2147039
Hearts2Hearts,2025-03-21,2231808
Hearts2Hearts,2025-03-22,2316577
Hearts2Hearts,2025-03-23,2403832
Hearts2Hearts,2025-03-24,2485715
Hearts2Hearts,2025-03-25,2556773
Hearts2Hearts,2025-03-26,2659476
Hearts2Hearts,2025-03-27,2702043
Hearts2Hearts,2025-03-28,2720054
Hearts2Hearts,2025-03-29,2738064
Hearts2Hearts,2025-03-30,2762773
Hearts2Hearts,2025-03-31,2803382
Hearts2Hearts,2025-04-01,2813076
Hearts2Hearts,2025-04-02,2822770
Hearts2Hearts,2025-04-03,2828566
Hearts2Hearts,2025-04-04,2834362
Hearts2Hearts,2025-04-05,2847698
Hearts2Hearts,2025-04-06,2845648
Hearts2Hearts,2025-04-07,2848131
Hearts2Hearts,2025-04-08,2848056
Hearts2Hearts,2025-04-09,2859792
Hearts2Hearts,2025-04-10,2863922
Hearts2Hearts,2025-04-11,2868051
Hearts2Hearts,2025-04-12,2872112
Hearts2Hearts,2025-04-13,2882953
Hearts2Hearts,2025-04-14,2885033
Hearts2Hearts,2025-04-15,2886874
Hearts2Hearts,2025-04-16,2888715
Hearts2Hearts,2025-04-17,2872423
Hearts2Hearts,2025-04-18,2861321
Hearts2Hearts,2025-04-19,2850219
Hearts2Hearts,2025-04-20,2839117
Hearts2Hearts,2025-04-21,2819251
Hearts2Hearts,2025-04-22,2810793
Hearts2Hearts,2025-04-23,2796257
Hearts2Hearts,2025-04-24,2787376
Hearts2Hearts,2025-04-25,2778495
Hearts2Hearts,2025-04-26,2779007
Hearts2Hearts,2025-04-27,2762192
Hearts2Hearts,2025-04-28,2758509
Hearts2Hearts,2025-04-29,2769193
Hearts2Hearts,2025-04-30,2756535
Hearts2Hearts,2025-05-01,2743876
Hearts2Hearts,2025-05-02,2738009
Hearts2Hearts,2025-05-03,2732142
Hearts2Hearts,2025-05-04,2707776
Hearts2Hearts,2025-05-05,2696365
Hearts2Hearts,2025-05-06,2684953
Hearts2Hearts,2025-05-07,2663822
Hearts2Hearts,2025-05-08,2647884
Hearts2Hearts,2025-05-09,2641067
Hearts2Hearts,2025-05-10,2634249
Hearts2Hearts,2025-05-11,2593568
Hearts2Hearts,2025-05-12,2569890
Hearts2Hearts,2025-05-13,2546212
Hearts2Hearts,2025-05-14,2528175
Hearts2Hearts,2025-05-15,2515919
Hearts2Hearts,2025-05-16,2510196
Hearts2Hearts,2025-05-17,2504473
Hearts2Hearts,2025-05-18,2492029
Hearts2Hearts,2025-05-19,2482857
Hearts2Hearts,2025-05-20,2474359
Hearts2Hearts,2025-05-21,2470581
Hearts2Hearts,2025-05-22,2466804
Hearts2Hearts,2025-05-23,2459886
Hearts2Hearts,2025-05-24,2452968
Hearts2Hearts,2025-05-25,2446050
Hearts2Hearts,2025-05-26,2427397
Hearts2Hearts,2025-05-27,2409061
Hearts2Hearts,2025-05-28,2394046
Hearts2Hearts,2025-05-29,2380829
Hearts2Hearts,2025-05-30,2367612
Hearts2Hearts,2025-05-31,2354394
Hearts2Hearts,2025-06-01,2341177
Hearts2Hearts,2025-06-02,2324630
Hearts2Hearts,2025-06-03,2308083
Hearts2Hearts,2025-06-04,2302303
Hearts2Hearts,2025-06-05,2296523
Hearts2Hearts,2025-06-06,2280355
Hearts2Hearts,2025-06-07,2264187
Hearts2Hearts,2025-06-08,2248019
Hearts2Hearts,2025-06-09,2231851
Hearts2Hearts,2025-06-10,2227203
Hearts2Hearts,2025-06-11,2227724
Hearts2Hearts,2025-06-12,2217838
Hearts2Hearts,2025-06-13,2206699
Hearts2Hearts,2025-06-14,2196913
Hearts2Hearts,2025-06-15,2174385
Hearts2Hearts,2025-06-16,2157585
Hearts2Hearts,2025-06-17,2148667
Hearts2Hearts,2025-06-18,2139749
Hearts2Hearts,2025-06-19,2154254
Hearts2Hearts,2025-06-20,2192502
Hearts2Hearts,2025-06-21,2261415
Hearts2Hearts,2025-06-22,2337162
Hearts2Hearts,2025-06-23,2412909
Hearts2Hearts,2025-06-24,2485978
Hearts2Hearts,2025-06-25,2563883
Hearts2Hearts,2025-06-26,2641788
Hearts2Hearts,2025-06-27,2735164
Hearts2Hearts,2025-06-28,2835828
Hearts2Hearts,2025-06-29,2936492
Hearts2Hearts,2025-06-30,3033674
Hearts2Hearts,2025-07-01,3130856
Hearts2Hearts,2025-07-02,3215579
Hearts2Hearts,2025-07-03,3254832
Hearts2Hearts,2025-07-04,3294085
Hearts2Hearts,2025-07-05,3371964
Hearts2Hearts,2025-07-06,3494661
Hearts2Hearts,2025-07-07,3539006
Hearts2Hearts,2025-07-08,3583351
Hearts2Hearts,2025-07-09,3632885
Hearts2Hearts,2025-07-10,3682418
Hearts2Hearts,2025-07-11,3736639
Hearts2Hearts,2025-07-12,3797919
Hearts2Hearts,2025-07-13,3847256
Hearts2Hearts,2025-07-14,3896593
Hearts2Hearts,2025-07-15,3941504
Hearts2Hearts,2025-07-16,3986415
Hearts2Hearts,2025-07-17,4021682
Hearts2Hearts,2025-07-18,4031300
Hearts2Hearts,2025-07-19,4040918
Hearts2Hearts,2025-07-20,4024452
Hearts2Hearts,2025-07-21,4035787
Hearts2Hearts,2025-07-22,4035577
Hearts2Hearts,2025-07-23,4031419
Hearts2Hearts,2025-07-24,4014791
Hearts2Hearts,2025-07-25,3999728
Hearts2Hearts,2025-07-26,3984665
Hearts2Hearts,2025-07-27,3935268
Hearts2Hearts,2025-07-28,3903625
Hearts2Hearts,2025-07-29,3864544
Hearts2Hearts,2025-07-30,3836529
Hearts2Hearts,2025-07-31,3821315
Hearts2Hearts,2025-08-01,3806101
Hearts2Hearts,2025-08-02,3774279
Hearts2Hearts,2025-08-03,3763764
Hearts2Hearts,2025-08-04,3750705
Hearts2Hearts,2025-08-05,3750656
Hearts2Hearts,2025-08-06,3750606
Hearts2Hearts,2025-08-07,3741141
Hearts2Hearts,2025-08-08,3731567
Hearts2Hearts,2025-08-09,3721992
Hearts2Hearts,2025-08-10,3677790
Hearts2Hearts,2025-08-11,3673076
Hearts2Hearts,2025-08-12,3668362
Hearts2Hearts,2025-08-13,3655644
Hearts2Hearts,2025-08-14,3642577
Hearts2Hearts,2025-08-15,3642998
Hearts2Hearts,2025-08-16,3643418
Hearts2Hearts,2025-08-17,3638759
Hearts2Hearts,2025-08-18,3625326
Hearts2Hearts,2025-08-19,3620530
Hearts2Hearts,2025-08-20,3619459
Hearts2Hearts,2025-08-21,3618387
Hearts2Hearts,2025-08-22,3622827
Hearts2Hearts,2025-08-23,3612209
Hearts2Hearts,2025-08-24,3601109
Hearts2Hearts,2025-08-25,3590008
Hearts2Hearts,2025-08-26,3586024
Hearts2Hearts,2025-08-27,3582040
Hearts2Hearts,2025-08-28,3581613
Hearts2Hearts,2025-08-29,3580109
Hearts2Hearts,2025-08-30,3578604
Hearts2Hearts,2025-08-31,3555432
Hearts2Hearts,2025-09-01,3532259
Hearts2Hearts,2025-09-02,3526483
Hearts2Hearts,2025-09-03,3520707
Hearts2Hearts,2025-09-04,3511104
Hearts2Hearts,2025-09-05,3508054
Hearts2Hearts,2025-09-06,3505004
Hearts2Hearts,2025-09-07,3491400
Hearts2Hearts,2025-09-08,3477796
Hearts2Hearts,2025-09-09,3464688
Hearts2Hearts,2025-09-10,3451580
Hearts2Hearts,2025-09-11,3438472
Hearts2Hearts,2025-09-12,3425364
Hearts2Hearts,2025-09-13,3412256
Hearts2Hearts,2025-09-14,3399148
Hearts2Hearts,2025-09-15,3386040
Hearts2Hearts,2025-09-16,3372932
Hearts2Hearts,2025-09-17,3352910
Hearts2Hearts,2025-09-18,3332888
Hearts2Hearts,2025-09-19,3328894
Hearts2Hearts,2025-09-20,3325782
Hearts2Hearts,2025-09-21,3319291
Hearts2Hearts,2025-09-22,3312990
Hearts2Hearts,2025-09-23,3306688
Hearts2Hearts,2025-09-24,3300821
Hearts2Hearts,2025-09-25,3294025
Hearts2Hearts,2025-09-26,3302272
Hearts2Hearts,2025-09-27,3310519
Hearts2Hearts,2025-09-28,3328609
Hearts2Hearts,2025-09-29,3346698
Hearts2Hearts,2025-09-30,3355575
Hearts2Hearts,2025-10-01,3351913
Hearts2Hearts,2025-10-02,3360568
Hearts2Hearts,2025-10-03,3385835
Hearts2Hearts,2025-10-04,3388201
Hearts2Hearts,2025-10-05,3395008
Hearts2Hearts,2025-10-06,3397709
Hearts2Hearts,2025-10-07,3400409
Hearts2Hearts,2025-10-08,3409188
Hearts2Hearts,2025-10-09,3410353
Hearts2Hearts,2025-10-10,3413677
Hearts2Hearts,2025-10-11,3417859
Hearts2Hearts,2025-10-12,3422041
Hearts2Hearts,2025-10-13,3426714
Hearts2Hearts,2025-10-14,3433107
Hearts2Hearts,2025-10-15,3436829
Hearts2Hearts,2025-10-16,3443850
Hearts2Hearts,2025-10-17,3446311
Hearts2Hearts,2025-10-18,3453819
Hearts2Hearts,2025-10-19,3454602
Hearts2Hearts,2025-10-20,3468359
Hearts2Hearts,2025-10-21,3482116
Hearts2Hearts,2025-10-22,3515109
Hearts2Hearts,2025-10-23,3548101
Hearts2Hearts,2025-10-24,3596449
Hearts2Hearts,2025-10-25,3644797
Hearts2Hearts,2025-10-26,3665298
Hearts2Hearts,2025-10-27,3704069
Hearts2Hearts,2025-10-28,3740538
Hearts2Hearts,2025-10-29,3751020
Hearts2Hearts,2025-10-30,3761501
Hearts2Hearts,2025-10-31,3796437
Hearts2Hearts,2025-11-01,3820880
Hearts2Hearts,2025-11-02,3841195
Hearts2Hearts,2025-11-03,3861510
Hearts2Hearts,2025-11-04,3881825
Hearts2Hearts,2025-11-05,3902139
Hearts2Hearts,2025-11-06,3922454
Hearts2Hearts,2025-11-07,3949017
Hearts2Hearts,2025-11-08,3975580
Hearts2Hearts,2025-11-09,3989413
Hearts2Hearts,2025-11-10,4003246
Hearts2Hearts,2025-11-11,4017079
Hearts2Hearts,2025-11-12,4030912
Hearts2Hearts,2025-11-13,4044745
Hearts2Hearts,2025-11-14,4045258
Hearts2Hearts,2025-11-15,4048003
Hearts2Hearts,2025-11-16,4050748
Hearts2Hearts,2025-11-17,4077607
Hearts2Hearts,2025-11-18,4068787
Hearts2Hearts,2025-11-19,4046045
Hearts2Hearts,2025-11-20,4023303
Hearts2Hearts,2025-11-21,4000561
Hearts2Hearts,2025-11-22,3977818
Hearts2Hearts,2025-11-23,3955076
Hearts2Hearts,2025-11-24,3910768
Hearts2Hearts,2025-11-25,3866459
Hearts2Hearts,2025-11-26,3838005
Hearts2Hearts,2025-11-27,3820918
Hearts2Hearts,2025-11-28,3803832
Hearts2Hearts,2025-11-29,3786745
Hearts2Hearts,2025-11-30,3769658
Hearts2Hearts,2025-12-01,3745185
Hearts2Hearts,2025-12-02,3720712
Hearts2Hearts,2025-12-03,3716924
Hearts2Hearts,2025-12-04,3714979
Hearts2Hearts,2025-12-05,3724035
Hearts2Hearts,2025-12-06,3722632
Hearts2Hearts,2025-12-07,3721229
Hearts2Hearts,2025-12-08,3724508
Hearts2Hearts,2025-12-09,3733999
Hearts2Hearts,2025-12-10,3736855
Hearts2Hearts,2025-12-11,3741079
Hearts2Hearts,2025-12-12,3745302
Hearts2Hearts,2025-12-13,3760511
Hearts2Hearts,2025-12-14,3767839
Hearts2Hearts,2025-12-15,3760308
Hearts2Hearts,2025-12-16,3768886
Hearts2Hearts,2025-12-17,3776296
Hearts2Hearts,2025-12-18,3800685
Hearts2Hearts,2025-12-19,3805468
Hearts2Hearts,2025-12-20,3810251
Hearts2Hearts,2025-12-21,3821742
Hearts2Hearts,2025-12-22,3833232
Hearts2Hearts,2025-12-23,3846396
Hearts2Hearts,2025-12-24,3859559
Hearts2Hearts,2025-12-25,3872722
Hearts2Hearts,2025-12-26,3885886
Hearts2Hearts,2025-12-27,3899049
Hearts2Hearts,2025-12-28,3912212
Hearts2Hearts,2025-12-29,3925376
Hearts2Hearts,2025-12-30,3938539
Hearts2Hearts,2025-12-31,3941990
Hearts2Hearts,2026-01-01,3945440
Hearts2Hearts,2026-01-02,3954590
Hearts2Hearts,2026-01-03,3947610
Hearts2Hearts,2026-01-04,3962750
Hearts2Hearts,2026-01-05,3967575
Hearts2Hearts,2026-01-06,3972400
Hearts2Hearts,2026-01-07,3990630
Hearts2Hearts,2026-01-08,3998886
Hearts2Hearts,2026-01-09,4007142
Hearts2Hearts,2026-01-10,4010871
Hearts2Hearts,2026-01-11,4017120
Hearts2Hearts,2026-01-12,4023368
Hearts2Hearts,2026-01-13,4028733
Hearts2Hearts,2026-01-14,4030693
Hearts2Hearts,2026-01-15,4038648
Hearts2Hearts,2026-01-16,4034967
Hearts2Hearts,2026-01-17,4026738
Hearts2Hearts,2026-01-18,4027741
Hearts2Hearts,2026-01-19,4028743
Hearts2Hearts,2026-01-20,4030222
Hearts2Hearts,2026-01-21,4022189
Hearts2Hearts,2026-01-22,4002992
Hearts2Hearts,2026-01-23,3993693
Hearts2Hearts,2026-01-24,3996976
Hearts2Hearts,2026-01-25,3998816
Hearts2Hearts,2026-01-26,3986111
Hearts2Hearts,2026-01-27,3960171
Hearts2Hearts,2026-01-28,3951465
Hearts2Hearts,2026-01-29,3942759
Hearts2Hearts,2026-01-30,3920834
Hearts2Hearts,2026-01-31,3917227
Hearts2Hearts,2026-02-01,3893628
Hearts2Hearts,2026-02-02,3888175
Hearts2Hearts,2026-02-03,3882721
Hearts2Hearts,2026-02-04,3856888
Hearts2Hearts,2026-02-05,3849769
Hearts2Hearts,2026-02-06,3842649
Hearts2Hearts,2026-02-07,3816750
Hearts2Hearts,2026-02-08,3802711
Hearts2Hearts,2026-02-09,3797110
Hearts2Hearts,2026-02-10,3791508
Hearts2Hearts,2026-02-11,3779145
Hearts2Hearts,2026-02-12,3774928
Hearts2Hearts,2026-02-13,3774112
Hearts2Hearts,2026-02-14,3767253
Hearts2Hearts,2026-02-15,3755798
Hearts2Hearts,2026-02-16,3751621
Hearts2Hearts,2026-02-17,3734031
Hearts2Hearts,2026-02-18,3738227
Hearts2Hearts,2026-02-19,3742422
Hearts2Hearts,2026-02-20,3746941
Hearts2Hearts,2026-02-21,3785569
Hearts2Hearts,2026-02-22,3807525
Hearts2Hearts,2026-02-23,3829481
Hearts2Hearts,2026-02-24,3893171
Hearts2Hearts,2026-02-25,3995105
Hearts2Hearts,2026-02-26,4067221
Hearts2Hearts,2026-02-27,4246643
Hearts2Hearts,2026-02-28,4318835
Hearts2Hearts,2026-03-01,4391026
Hearts2Hearts,2026-03-02,4515421
Hearts2Hearts,2026-03-03,4619405
Hearts2Hearts,2026-03-04,4854007
Hearts2Hearts,2026-03-05,4912575
Hearts2Hearts,2026-03-06,4971143
Hearts2Hearts,2026-03-07,5101268
Hearts2Hearts,2026-03-08,5362893
Hearts2Hearts,2026-03-09,5495532
Hearts2Hearts,2026-03-10,5555621
Hearts2Hearts,2026-03-11,5615710
Hearts2Hearts,2026-03-12,5732981
Hearts2Hearts,2026-03-13,5964748
Hearts2Hearts,2026-03-14,6085209
Hearts2Hearts,2026-03-15,6158352
Hearts2Hearts,2026-03-16,6231495
Hearts2Hearts,2026-03-17,6381977
Hearts2Hearts,2026-03-18,6638119
Hearts2Hearts,2026-03-19,6772879
Hearts2Hearts,2026-03-20,6907638
Hearts2Hearts,2026-03-21,7016558
Hearts2Hearts,2026-03-22,7088918
Hearts2Hearts,2026-03-23,7161277
Hearts2Hearts,2026-03-24,7233636
Hearts2Hearts,2026-03-25,7317269
Hearts2Hearts,2026-03-26,7420525
Hearts2Hearts,2026-03-27,7512097
Hearts2Hearts,2026-03-28,7638829
Hearts2Hearts,2026-03-29,7715778
Hearts2Hearts,2026-03-30,7815463
Hearts2Hearts,2026-03-31,7853651
Hearts2Hearts,2026-04-01,7891838
Hearts2Hearts,2026-04-02,8022548
Hearts2Hearts,2026-04-03,8108822
Hearts2Hearts,2026-04-04,8195095
Hearts2Hearts,2026-04-05,8233168
Hearts2Hearts,2026-04-06,8271241
Hearts2Hearts,2026-04-07,8356551
Hearts2Hearts,2026-04-08,8500269
Hearts2Hearts,2026-04-09,8529750
Hearts2Hearts,2026-04-10,8559230
Hearts2Hearts,2026-04-11,8699292
Hearts2Hearts,2026-04-12,8699292
ILLIT,2024-04-13,6259409
ILLIT,2024-04-14,6259409
ILLIT,2024-04-15,6259409
ILLIT,2024-04-16,6259409
ILLIT,2024-04-17,6259409
ILLIT,2024-04-18,11773414
ILLIT,2024-04-19,12917405
ILLIT,2024-04-20,13463898
ILLIT,2024-04-21,13463898
ILLIT,2024-04-22,14593592
ILLIT,2024-04-23,15027492
ILLIT,2024-04-24,15494065
ILLIT,2024-04-25,15825597
ILLIT,2024-04-26,16119329
ILLIT,2024-04-27,16372051
ILLIT,2024-04-28,16636345
ILLIT,2024-04-29,16871388
ILLIT,2024-04-30,17079504
ILLIT,2024-05-01,17269420
ILLIT,2024-05-02,17413056
ILLIT,2024-05-03,17534700
ILLIT,2024-05-04,17613984
ILLIT,2024-05-05,17719780
ILLIT,2024-05-06,17767940
ILLIT,2024-05-07,17783316
ILLIT,2024-05-08,17789768
ILLIT,2024-05-09,17831012
ILLIT,2024-05-10,17867538
ILLIT,2024-05-11,17828212
ILLIT,2024-05-12,17802180
ILLIT,2024-05-13,17757604
ILLIT,2024-05-14,17697410
ILLIT,2024-05-15,17618888
ILLIT,2024-05-16,17527112
ILLIT,2024-05-17,17427264
ILLIT,2024-05-18,17307404
ILLIT,2024-05-19,17163898
ILLIT,2024-05-20,17012856
ILLIT,2024-05-21,16917894
ILLIT,2024-05-22,16760848
ILLIT,2024-05-23,16760848
ILLIT,2024-05-24,16701841
ILLIT,2024-05-25,16631096
ILLIT,2024-05-26,16481022
ILLIT,2024-05-27,16481022
ILLIT,2024-05-28,16332506
ILLIT,2024-05-29,16332506
ILLIT,2024-05-30,16201153
ILLIT,2024-05-31,16201153
ILLIT,2024-06-01,16142684
ILLIT,2024-06-02,16083183
ILLIT,2024-06-03,16073767
ILLIT,2024-06-04,16065850
ILLIT,2024-06-05,16065850
ILLIT,2024-06-06,16008556
ILLIT,2024-06-07,16008556
ILLIT,2024-06-08,15937988
ILLIT,2024-06-09,15870974
ILLIT,2024-06-10,15870974
ILLIT,2024-06-11,15838133
ILLIT,2024-06-12,15782704
ILLIT,2024-06-13,15713619
ILLIT,2024-06-14,15713619
ILLIT,2024-06-15,15658925
ILLIT,2024-06-16,15583544
ILLIT,2024-06-17,15530094
ILLIT,2024-06-18,15489642
ILLIT,2024-06-19,15470672
ILLIT,2024-06-20,15440789
ILLIT,2024-06-21,15440789
ILLIT,2024-06-22,15387530
ILLIT,2024-06-23,15293214
ILLIT,2024-06-24,15293214
ILLIT,2024-06-25,15194131
ILLIT,2024-06-26,15109341
ILLIT,2024-06-27,15032017
ILLIT,2024-06-28,15032017
ILLIT,2024-06-29,14975166
ILLIT,2024-06-30,14793927
ILLIT,2024-07-01,14793927
ILLIT,2024-07-02,14696995
ILLIT,2024-07-03,14531677
ILLIT,2024-07-04,14461871
ILLIT,2024-07-05,14461871
ILLIT,2024-07-06,14391365
ILLIT,2024-07-07,14301695
ILLIT,2024-07-08,14202512
ILLIT,2024-07-09,14117538
ILLIT,2024-07-10,14035264
ILLIT,2024-07-11,13861570
ILLIT,2024-07-12,13861570
ILLIT,2024-07-13,13693102
ILLIT,2024-07-14,13693102
ILLIT,2024-07-15,13629497
ILLIT,2024-07-16,13504108
ILLIT,2024-07-17,13420701
ILLIT,2024-07-18,13420701
ILLIT,2024-07-19,13243096
ILLIT,2024-07-20,13145744
ILLIT,2024-07-21,13048391
ILLIT,2024-07-22,12973543
ILLIT,2024-07-23,12915535
ILLIT,2024-07-24,12892051
ILLIT,2024-07-25,12868568
ILLIT,2024-07-26,12791238
ILLIT,2024-07-27,12693538
ILLIT,2024-07-28,12530657
ILLIT,2024-07-29,12455615
ILLIT,2024-07-30,12380573
ILLIT,2024-07-31,12295044
ILLIT,2024-08-01,12237740
ILLIT,2024-08-02,12180435
ILLIT,2024-08-03,12149028
ILLIT,2024-08-04,12104952
ILLIT,2024-08-05,12048074
ILLIT,2024-08-06,11988422
ILLIT,2024-08-07,11928770
ILLIT,2024-08-08,11910523
ILLIT,2024-08-09,11892276
ILLIT,2024-08-10,11788182
ILLIT,2024-08-11,11712554
ILLIT,2024-08-12,11687840
ILLIT,2024-08-13,11663126
ILLIT,2024-08-14,11614109
ILLIT,2024-08-15,11490428
ILLIT,2024-08-16,11343898
ILLIT,2024-08-17,11197368
ILLIT,2024-08-18,10967025
ILLIT,2024-08-19,11092529
ILLIT,2024-08-20,11218033
ILLIT,2024-08-21,11163822
ILLIT,2024-08-22,11146612
ILLIT,2024-08-23,11129403
ILLIT,2024-08-24,11171117
ILLIT,2024-08-25,11169504
ILLIT,2024-08-26,11149655
ILLIT,2024-08-27,11163841
ILLIT,2024-08-28,11178026
ILLIT,2024-08-29,11189875
ILLIT,2024-08-30,11151748
ILLIT,2024-08-31,11083563
ILLIT,2024-09-01,11045957
ILLIT,2024-09-02,11029818
ILLIT,2024-09-03,11013678
ILLIT,2024-09-04,11003929
ILLIT,2024-09-05,10982720
ILLIT,2024-09-06,10961511
ILLIT,2024-09-07,10851609
ILLIT,2024-09-08,10813648
ILLIT,2024-09-09,10764441
ILLIT,2024-09-10,10710907
ILLIT,2024-09-11,10668061
ILLIT,2024-09-12,10608951
ILLIT,2024-09-13,10571732
ILLIT,2024-09-14,10542370
ILLIT,2024-09-15,10517936
ILLIT,2024-09-16,10493501
ILLIT,2024-09-17,10475269
ILLIT,2024-09-18,10453811
ILLIT,2024-09-19,10424464
ILLIT,2024-09-20,10351561
ILLIT,2024-09-21,10278659
ILLIT,2024-09-22,10218918
ILLIT,2024-09-23,10172248
ILLIT,2024-09-24,10113400
ILLIT,2024-09-25,10055715
ILLIT,2024-09-26,10046141
ILLIT,2024-09-27,10036568
ILLIT,2024-09-28,9956935
ILLIT,2024-09-29,9932682
ILLIT,2024-09-30,9919663
ILLIT,2024-10-01,9906644
ILLIT,2024-10-02,9893625
ILLIT,2024-10-03,9859917
ILLIT,2024-10-04,9829516
ILLIT,2024-10-05,9829140
ILLIT,2024-10-06,9833034
ILLIT,2024-10-07,9851525
ILLIT,2024-10-08,9857143
ILLIT,2024-10-09,9862761
ILLIT,2024-10-10,9875641
ILLIT,2024-10-11,9877468
ILLIT,2024-10-12,9879297
ILLIT,2024-10-13,9889522
ILLIT,2024-10-14,9899747
ILLIT,2024-10-15,9870199
ILLIT,2024-10-16,9865799
ILLIT,2024-10-17,9861398
ILLIT,2024-10-18,9875791
ILLIT,2024-10-19,9886370
ILLIT,2024-10-20,9933475
ILLIT,2024-10-21,9980579
ILLIT,2024-10-22,10121640
ILLIT,2024-10-23,10262701
ILLIT,2024-10-24,10454071
ILLIT,2024-10-25,10598142
ILLIT,2024-10-26,10742213
ILLIT,2024-10-27,10797750
ILLIT,2024-10-28,10853287
ILLIT,2024-10-29,10952101
ILLIT,2024-10-30,11249240
ILLIT,2024-10-31,11313090
ILLIT,2024-11-01,11376940
ILLIT,2024-11-02,11543719
ILLIT,2024-11-03,11621982
ILLIT,2024-11-04,11679465
ILLIT,2024-11-05,11736393
ILLIT,2024-11-06,11793322
ILLIT,2024-11-07,11842026
ILLIT,2024-11-08,11878919
ILLIT,2024-11-09,11915812
ILLIT,2024-11-10,11938836
ILLIT,2024-11-11,11975986
ILLIT,2024-11-12,11994772
ILLIT,2024-11-13,12013557
ILLIT,2024-11-14,12060434
ILLIT,2024-11-15,12098597
ILLIT,2024-11-16,12136759
ILLIT,2024-11-17,12135949
ILLIT,2024-11-18,12135139
ILLIT,2024-11-19,12158096
ILLIT,2024-11-20,12078292
ILLIT,2024-11-21,11984307
ILLIT,2024-11-22,11964523
ILLIT,2024-11-23,11944738
ILLIT,2024-11-24,11953534
ILLIT,2024-11-25,11964486
ILLIT,2024-11-26,11956541
ILLIT,2024-11-27,11948595
ILLIT,2024-11-28,11897241
ILLIT,2024-11-29,11910043
ILLIT,2024-11-30,11922845
ILLIT,2024-12-01,11904676
ILLIT,2024-12-02,11886507
ILLIT,2024-12-03,11878564
ILLIT,2024-12-04,11870620
ILLIT,2024-12-05,11879294
ILLIT,2024-12-06,11913810
ILLIT,2024-12-07,12170508
ILLIT,2024-12-08,12212941
ILLIT,2024-12-09,12255374
ILLIT,2024-12-10,12297807
ILLIT,2024-12-11,12317831
ILLIT,2024-12-12,12337855
ILLIT,2024-12-13,12373487
ILLIT,2024-12-14,12437136
ILLIT,2024-12-15,12465921
ILLIT,2024-12-16,12494707
ILLIT,2024-12-17,12516356
ILLIT,2024-12-18,12538005
ILLIT,2024-12-19,12543509
ILLIT,2024-12-20,12549013
ILLIT,2024-12-21,12525464
ILLIT,2024-12-22,12487330
ILLIT,2024-12-23,12466024
ILLIT,2024-12-24,12460066
ILLIT,2024-12-25,12454109
ILLIT,2024-12-26,12426871
ILLIT,2024-12-27,12396021
ILLIT,2024-12-28,12393205
ILLIT,2024-12-29,12390388
ILLIT,2024-12-30,12387572
ILLIT,2024-12-31,12383081
ILLIT,2025-01-01,12404821
ILLIT,2025-01-02,12472318
ILLIT,2025-01-03,12445856
ILLIT,2025-01-04,12391321
ILLIT,2025-01-05,12365727
ILLIT,2025-01-06,12340133
ILLIT,2025-01-07,12272872
ILLIT,2025-01-08,12271874
ILLIT,2025-01-09,12270875
ILLIT,2025-01-10,12246982
ILLIT,2025-01-11,12188668
ILLIT,2025-01-12,12174290
ILLIT,2025-01-13,12159913
ILLIT,2025-01-14,12151731
ILLIT,2025-01-15,12143549
ILLIT,2025-01-16,12135779
ILLIT,2025-01-17,12113305
ILLIT,2025-01-18,12089539
ILLIT,2025-01-19,12065773
ILLIT,2025-01-20,12042007
ILLIT,2025-01-21,12004325
ILLIT,2025-01-22,11974246
ILLIT,2025-01-23,11952431
ILLIT,2025-01-24,11909484
ILLIT,2025-01-25,11866539
ILLIT,2025-01-26,11823592
ILLIT,2025-01-27,11780645
ILLIT,2025-01-28,11710610
ILLIT,2025-01-29,11636088
ILLIT,2025-01-30,11561566
ILLIT,2025-01-31,11497811
ILLIT,2025-02-01,11434056
ILLIT,2025-02-02,11370301
ILLIT,2025-02-03,11306546
ILLIT,2025-02-04,11271753
ILLIT,2025-02-05,11236960
ILLIT,2025-02-06,11110171
ILLIT,2025-02-07,11062333
ILLIT,2025-02-08,11003825
ILLIT,2025-02-09,10937540
ILLIT,2025-02-10,10863827
ILLIT,2025-02-11,10803459
ILLIT,2025-02-12,10731110
ILLIT,2025-02-13,10642349
ILLIT,2025-02-14,10566021
ILLIT,2025-02-15,10516034
ILLIT,2025-02-16,10466048
ILLIT,2025-02-17,10405268
ILLIT,2025-02-18,10351271
ILLIT,2025-02-19,10297273
ILLIT,2025-02-20,10286268
ILLIT,2025-02-21,10245641
ILLIT,2025-02-22,10196842
ILLIT,2025-02-23,10137466
ILLIT,2025-02-24,10069950
ILLIT,2025-02-25,10004736
ILLIT,2025-02-26,9950802
ILLIT,2025-02-27,9876487
ILLIT,2025-02-28,9822428
ILLIT,2025-03-01,9785691
ILLIT,2025-03-02,9748954
ILLIT,2025-03-03,9686312
ILLIT,2025-03-04,9629212
ILLIT,2025-03-05,9587744
ILLIT,2025-03-06,9555698
ILLIT,2025-03-07,9523653
ILLIT,2025-03-08,9481193
ILLIT,2025-03-09,9443389
ILLIT,2025-03-10,9415782
ILLIT,2025-03-11,9388175
ILLIT,2025-03-12,9360567
ILLIT,2025-03-13,9340229
ILLIT,2025-03-14,9325822
ILLIT,2025-03-15,9305832
ILLIT,2025-03-16,9285843
ILLIT,2025-03-17,9265853
ILLIT,2025-03-18,9245863
ILLIT,2025-03-19,9225874
ILLIT,2025-03-20,9205884
ILLIT,2025-03-21,9185894
ILLIT,2025-03-22,9158425
ILLIT,2025-03-23,9140130
ILLIT,2025-03-24,9124988
ILLIT,2025-03-25,9113998
ILLIT,2025-03-26,9113407
ILLIT,2025-03-27,9114476
ILLIT,2025-03-28,9115545
ILLIT,2025-03-29,9109742
ILLIT,2025-03-30,9124416
ILLIT,2025-03-31,9159506
ILLIT,2025-04-01,9172829
ILLIT,2025-04-02,9195845
ILLIT,2025-04-03,9205951
ILLIT,2025-04-04,9218269
ILLIT,2025-04-05,9230587
ILLIT,2025-04-06,9247820
ILLIT,2025-04-07,9265052
ILLIT,2025-04-08,9310167
ILLIT,2025-04-09,9334070
ILLIT,2025-04-10,9354267
ILLIT,2025-04-11,9374463
ILLIT,2025-04-12,9373961
ILLIT,2025-04-13,9373460
ILLIT,2025-04-14,9379062
ILLIT,2025-04-15,9379131
ILLIT,2025-04-16,9379200
ILLIT,2025-04-17,9379269
ILLIT,2025-04-18,9410694
ILLIT,2025-04-19,9413928
ILLIT,2025-04-20,9417161
ILLIT,2025-04-21,9427619
ILLIT,2025-04-22,9426347
ILLIT,2025-04-23,9425075
ILLIT,2025-04-24,9401054
ILLIT,2025-04-25,9389818
ILLIT,2025-04-26,9378881
ILLIT,2025-04-27,9375863
ILLIT,2025-04-28,9377033
ILLIT,2025-04-29,9378203
ILLIT,2025-04-30,9396006
ILLIT,2025-05-01,9387686
ILLIT,2025-05-02,9396590
ILLIT,2025-05-03,9407957
ILLIT,2025-05-04,9419325
ILLIT,2025-05-05,9430692
ILLIT,2025-05-06,9442060
ILLIT,2025-05-07,9428735
ILLIT,2025-05-08,9431011
ILLIT,2025-05-09,9417203
ILLIT,2025-05-10,9441783
ILLIT,2025-05-11,9466363
ILLIT,2025-05-12,9452569
ILLIT,2025-05-13,9447952
ILLIT,2025-05-14,9443335
ILLIT,2025-05-15,9446263
ILLIT,2025-05-16,9449190
ILLIT,2025-05-17,9451022
ILLIT,2025-05-18,9453784
ILLIT,2025-05-19,9445228
ILLIT,2025-05-20,9445736
ILLIT,2025-05-21,9457612
ILLIT,2025-05-22,9436681
ILLIT,2025-05-23,9424590
ILLIT,2025-05-24,9412498
ILLIT,2025-05-25,9400407
ILLIT,2025-05-26,9388316
ILLIT,2025-05-27,9368216
ILLIT,2025-05-28,9345621
ILLIT,2025-05-29,9323027
ILLIT,2025-05-30,9294471
ILLIT,2025-05-31,9262192
ILLIT,2025-06-01,9243132
ILLIT,2025-06-02,9224072
ILLIT,2025-06-03,9167888
ILLIT,2025-06-04,9111703
ILLIT,2025-06-05,9105978
ILLIT,2025-06-06,9100251
ILLIT,2025-06-07,9094526
ILLIT,2025-06-08,9046431
ILLIT,2025-06-09,8999536
ILLIT,2025-06-10,8968169
ILLIT,2025-06-11,8938606
ILLIT,2025-06-12,8913304
ILLIT,2025-06-13,8888002
ILLIT,2025-06-14,8870170
ILLIT,2025-06-15,8852337
ILLIT,2025-06-16,8821970
ILLIT,2025-06-17,8830424
ILLIT,2025-06-18,8863179
ILLIT,2025-06-19,8895934
ILLIT,2025-06-20,9017699
ILLIT,2025-06-21,9139465
ILLIT,2025-06-22,9241540
ILLIT,2025-06-23,9284741
ILLIT,2025-06-24,9327941
ILLIT,2025-06-25,9429443
ILLIT,2025-06-26,9624102
ILLIT,2025-06-27,9729703
ILLIT,2025-06-28,9796454
ILLIT,2025-06-29,9863206
ILLIT,2025-06-30,10148712
ILLIT,2025-07-01,10277188
ILLIT,2025-07-02,10405664
ILLIT,2025-07-03,10514421
ILLIT,2025-07-04,10557304
ILLIT,2025-07-05,10600188
ILLIT,2025-07-06,10812141
ILLIT,2025-07-07,10899553
ILLIT,2025-07-08,10969544
ILLIT,2025-07-09,11004566
ILLIT,2025-07-10,11039589
ILLIT,2025-07-11,11219515
ILLIT,2025-07-12,11312004
ILLIT,2025-07-13,11404493
ILLIT,2025-07-14,11466731
ILLIT,2025-07-15,11534062
ILLIT,2025-07-16,11601394
ILLIT,2025-07-17,11650810
ILLIT,2025-07-18,11656332
ILLIT,2025-07-19,11661853
ILLIT,2025-07-20,11636914
ILLIT,2025-07-21,11635309
ILLIT,2025-07-22,11633704
ILLIT,2025-07-23,11600817
ILLIT,2025-07-24,11593403
ILLIT,2025-07-25,11554183
ILLIT,2025-07-26,11514963
ILLIT,2025-07-27,11458996
ILLIT,2025-07-28,11393929
ILLIT,2025-07-29,11331179
ILLIT,2025-07-30,11320227
ILLIT,2025-07-31,11278064
ILLIT,2025-08-01,11262488
ILLIT,2025-08-02,11246912
ILLIT,2025-08-03,11239525
ILLIT,2025-08-04,11247316
ILLIT,2025-08-05,11236781
ILLIT,2025-08-06,11226246
ILLIT,2025-08-07,11216265
ILLIT,2025-08-08,11205347
ILLIT,2025-08-09,11182476
ILLIT,2025-08-10,11159604
ILLIT,2025-08-11,11180887
ILLIT,2025-08-12,11202170
ILLIT,2025-08-13,11203714
ILLIT,2025-08-14,11214051
ILLIT,2025-08-15,11232773
ILLIT,2025-08-16,11251494
ILLIT,2025-08-17,11255001
ILLIT,2025-08-18,11243316
ILLIT,2025-08-19,11262309
ILLIT,2025-08-20,11290893
ILLIT,2025-08-21,11298105
ILLIT,2025-08-22,11305317
ILLIT,2025-08-23,11339845
ILLIT,2025-08-24,11369612
ILLIT,2025-08-25,11405157
ILLIT,2025-08-26,11421631
ILLIT,2025-08-27,11423698
ILLIT,2025-08-28,11429399
ILLIT,2025-08-29,11429812
ILLIT,2025-08-30,11430225
ILLIT,2025-08-31,11414065
ILLIT,2025-09-01,11397906
ILLIT,2025-09-02,11395297
ILLIT,2025-09-03,11373117
ILLIT,2025-09-04,11342565
ILLIT,2025-09-05,11313802
ILLIT,2025-09-06,11316303
ILLIT,2025-09-07,11318806
ILLIT,2025-09-08,11321308
ILLIT,2025-09-09,11291068
ILLIT,2025-09-10,11260829
ILLIT,2025-09-11,11230590
ILLIT,2025-09-12,11200350
ILLIT,2025-09-13,11170110
ILLIT,2025-09-14,11139871
ILLIT,2025-09-15,11109631
ILLIT,2025-09-16,11079391
ILLIT,2025-09-17,11049152
ILLIT,2025-09-18,11027296
ILLIT,2025-09-19,10996325
ILLIT,2025-09-20,10996556
ILLIT,2025-09-21,11001503
ILLIT,2025-09-22,10982350
ILLIT,2025-09-23,10963197
ILLIT,2025-09-24,10943585
ILLIT,2025-09-25,10917345
ILLIT,2025-09-26,10908100
ILLIT,2025-09-27,10898855
ILLIT,2025-09-28,10918197
ILLIT,2025-09-29,10928564
ILLIT,2025-09-30,10938932
ILLIT,2025-10-01,10913733
ILLIT,2025-10-02,10910482
ILLIT,2025-10-03,10907229
ILLIT,2025-10-04,10921096
ILLIT,2025-10-05,10894612
ILLIT,2025-10-06,10885322
ILLIT,2025-10-07,10870633
ILLIT,2025-10-08,10855027
ILLIT,2025-10-09,10851130
ILLIT,2025-10-10,10853284
ILLIT,2025-10-11,10855438
ILLIT,2025-10-12,10880956
ILLIT,2025-10-13,10877273
ILLIT,2025-10-14,10874522
ILLIT,2025-10-15,10864005
ILLIT,2025-10-16,10853488
ILLIT,2025-10-17,10851018
ILLIT,2025-10-18,10848547
ILLIT,2025-10-19,10844957
ILLIT,2025-10-20,10841368
ILLIT,2025-10-21,10839692
ILLIT,2025-10-22,10839222
ILLIT,2025-10-23,10833862
ILLIT,2025-10-24,10828503
ILLIT,2025-10-25,10818207
ILLIT,2025-10-26,10808978
ILLIT,2025-10-27,10793947
ILLIT,2025-10-28,10778916
ILLIT,2025-10-29,10763174
ILLIT,2025-10-30,10760490
ILLIT,2025-10-31,10757807
ILLIT,2025-11-01,10708890
ILLIT,2025-11-02,10689958
ILLIT,2025-11-03,10671026
ILLIT,2025-11-04,10652094
ILLIT,2025-11-05,10644208
ILLIT,2025-11-06,10652253
ILLIT,2025-11-07,10639639
ILLIT,2025-11-08,10634315
ILLIT,2025-11-09,10628991
ILLIT,2025-11-10,10623870
ILLIT,2025-11-11,10618749
ILLIT,2025-11-12,10571777
ILLIT,2025-11-13,10579113
ILLIT,2025-11-14,10569395
ILLIT,2025-11-15,10559678
ILLIT,2025-11-16,10549960
ILLIT,2025-11-17,10539071
ILLIT,2025-11-18,10533923
ILLIT,2025-11-19,10528775
ILLIT,2025-11-20,10523627
ILLIT,2025-11-21,10518479
ILLIT,2025-11-22,10513331
ILLIT,2025-11-23,10510855
ILLIT,2025-11-24,10529020
ILLIT,2025-11-25,10547185
ILLIT,2025-11-26,10571955
ILLIT,2025-11-27,10662204
ILLIT,2025-11-28,10752452
ILLIT,2025-11-29,10842700
ILLIT,2025-11-30,10932949
ILLIT,2025-12-01,11147931
ILLIT,2025-12-02,11362913
ILLIT,2025-12-03,11487871
ILLIT,2025-12-04,11624756
ILLIT,2025-12-05,11761640
ILLIT,2025-12-06,11914786
ILLIT,2025-12-07,12067931
ILLIT,2025-12-08,12215652
ILLIT,2025-12-09,12363373
ILLIT,2025-12-10,12425200
ILLIT,2025-12-11,12487028
ILLIT,2025-12-12,12697888
ILLIT,2025-12-13,12908749
ILLIT,2025-12-14,13057584
ILLIT,2025-12-15,13175945
ILLIT,2025-12-16,13288256
ILLIT,2025-12-17,13417130
ILLIT,2025-12-18,13546003
ILLIT,2025-12-19,13686084
ILLIT,2025-12-20,13826164
ILLIT,2025-12-21,13972936
ILLIT,2025-12-22,14070971
ILLIT,2025-12-23,14169006
ILLIT,2025-12-24,14267041
ILLIT,2025-12-25,14365076
ILLIT,2025-12-26,14463112
ILLIT,2025-12-27,14561147
ILLIT,2025-12-28,14659182
ILLIT,2025-12-29,14757217
ILLIT,2025-12-30,14855252
ILLIT,2025-12-31,14980019
ILLIT,2026-01-01,15155680
ILLIT,2026-01-02,15331340
ILLIT,2026-01-03,15390222
ILLIT,2026-01-04,15449105
ILLIT,2026-01-05,15507987
ILLIT,2026-01-06,15630868
ILLIT,2026-01-07,15761996
ILLIT,2026-01-08,15971032
ILLIT,2026-01-09,16062322
ILLIT,2026-01-10,16100757
ILLIT,2026-01-11,16139192
ILLIT,2026-01-12,16229623
ILLIT,2026-01-13,16304160
ILLIT,2026-01-14,16387842
ILLIT,2026-01-15,16453137
ILLIT,2026-01-16,16520442
ILLIT,2026-01-17,16581674
ILLIT,2026-01-18,16620909
ILLIT,2026-01-19,16676490
ILLIT,2026-01-20,16721779
ILLIT,2026-01-21,16716459
ILLIT,2026-01-22,16702889
ILLIT,2026-01-23,16675787
ILLIT,2026-01-24,16699480
ILLIT,2026-01-25,16701139
ILLIT,2026-01-26,16698799
ILLIT,2026-01-27,16688741
ILLIT,2026-01-28,16642410
ILLIT,2026-01-29,16577373
ILLIT,2026-01-30,16460212
ILLIT,2026-01-31,16433101
ILLIT,2026-02-01,16382063
ILLIT,2026-02-02,16251527
ILLIT,2026-02-03,16164241
ILLIT,2026-02-04,16076955
ILLIT,2026-02-05,16030836
ILLIT,2026-02-06,15984717
ILLIT,2026-02-07,15883665
ILLIT,2026-02-08,15805516
ILLIT,2026-02-09,15736903
ILLIT,2026-02-10,15620651
ILLIT,2026-02-11,15541432
ILLIT,2026-02-12,15492580
ILLIT,2026-02-13,15443728
ILLIT,2026-02-14,15373526
ILLIT,2026-02-15,15303325
ILLIT,2026-02-16,15238991
ILLIT,2026-02-17,15187490
ILLIT,2026-02-18,15135989
ILLIT,2026-02-19,15108280
ILLIT,2026-02-20,15080570
ILLIT,2026-02-21,15024573
ILLIT,2026-02-22,14971060
ILLIT,2026-02-23,14920042
ILLIT,2026-02-24,14867059
ILLIT,2026-02-25,14757703
ILLIT,2026-02-26,14670878
ILLIT,2026-02-27,14610613
ILLIT,2026-02-28,14549588
ILLIT,2026-03-01,14514796
ILLIT,2026-03-02,14480003
ILLIT,2026-03-03,14423722
ILLIT,2026-03-04,14352569
ILLIT,2026-03-05,14246734
ILLIT,2026-03-06,14223648
ILLIT,2026-03-07,14200563
ILLIT,2026-03-08,14134962
ILLIT,2026-03-09,14080586
ILLIT,2026-03-10,14010801
ILLIT,2026-03-11,13940447
ILLIT,2026-03-12,13854405
ILLIT,2026-03-13,13683294
ILLIT,2026-03-14,13641310
ILLIT,2026-03-15,13599325
ILLIT,2026-03-16,13520895
ILLIT,2026-03-17,13468769
ILLIT,2026-03-18,13389712
ILLIT,2026-03-19,13318041
ILLIT,2026-03-20,13172729
ILLIT,2026-03-21,13128833
ILLIT,2026-03-22,13079756
ILLIT,2026-03-23,13030679
ILLIT,2026-03-24,12981602
ILLIT,2026-03-25,12951100
ILLIT,2026-03-26,12905125
ILLIT,2026-03-27,12859150
ILLIT,2026-03-28,12830488
ILLIT,2026-03-29,12801827
ILLIT,2026-03-30,12789578
ILLIT,2026-03-31,12778985
ILLIT,2026-04-01,12706190
ILLIT,2026-04-02,12714920
ILLIT,2026-04-03,12723649
ILLIT,2026-04-04,12734934
ILLIT,2026-04-05,12735671
ILLIT,2026-04-06,12736408
ILLIT,2026-04-07,12729004
ILLIT,2026-04-08,12723748
ILLIT,2026-04-09,12724912
ILLIT,2026-04-10,12726077
ILLIT,2026-04-11,12737864
ILLIT,2026-04-12,12777254
ITZY,2024-04-13,6346765
ITZY,2024-04-14,6346765
ITZY,2024-04-15,6346765
ITZY,2024-04-16,6346765
ITZY,2024-04-17,6255094
ITZY,2024-04-18,6255094
ITZY,2024-04-19,6273468
ITZY,2024-04-20,6273468
ITZY,2024-04-21,6273468
ITZY,2024-04-22,6273468
ITZY,2024-04-23,6273468
ITZY,2024-04-24,6241022
ITZY,2024-04-25,6230113
ITZY,2024-04-26,6220030
ITZY,2024-04-27,6216659
ITZY,2024-04-28,6219076
ITZY,2024-04-29,6211278
ITZY,2024-04-30,6213505
ITZY,2024-05-01,6210439
ITZY,2024-05-02,6234925
ITZY,2024-05-03,6247905
ITZY,2024-05-04,6247905
ITZY,2024-05-05,6258793
ITZY,2024-05-06,6255687
ITZY,2024-05-07,6253842
ITZY,2024-05-08,6250369
ITZY,2024-05-09,6250702
ITZY,2024-05-10,6248813
ITZY,2024-05-11,6243229
ITZY,2024-05-12,6240889
ITZY,2024-05-13,6232782
ITZY,2024-05-14,6232782
ITZY,2024-05-15,6232782
ITZY,2024-05-16,6206359
ITZY,2024-05-17,6192424
ITZY,2024-05-18,6192981
ITZY,2024-05-19,6191579
ITZY,2024-05-20,6189207
ITZY,2024-05-21,6185081
ITZY,2024-05-22,6185081
ITZY,2024-05-23,6186996
ITZY,2024-05-24,6173983
ITZY,2024-05-25,6153421
ITZY,2024-05-26,6128616
ITZY,2024-05-27,6102717
ITZY,2024-05-28,6050196
ITZY,2024-05-29,6050196
ITZY,2024-05-30,6028341
ITZY,2024-05-31,5987552
ITZY,2024-06-01,5946101
ITZY,2024-06-02,5916201
ITZY,2024-06-03,5895143
ITZY,2024-06-04,5860570
ITZY,2024-06-05,5860570
ITZY,2024-06-06,5843809
ITZY,2024-06-07,5827724
ITZY,2024-06-08,5808983
ITZY,2024-06-09,5793158
ITZY,2024-06-10,5772755
ITZY,2024-06-11,5751084
ITZY,2024-06-12,5709153
ITZY,2024-06-13,5709153
ITZY,2024-06-14,5680408
ITZY,2024-06-15,5615231
ITZY,2024-06-16,5615231
ITZY,2024-06-17,5578915
ITZY,2024-06-18,5541881
ITZY,2024-06-19,5508350
ITZY,2024-06-20,5471207
ITZY,2024-06-21,5440209
ITZY,2024-06-22,5416372
ITZY,2024-06-23,5394298
ITZY,2024-06-24,5368480
ITZY,2024-06-25,5351009
ITZY,2024-06-26,5341133
ITZY,2024-06-27,5330915
ITZY,2024-06-28,5318432
ITZY,2024-06-29,5303451
ITZY,2024-06-30,5297017
ITZY,2024-07-01,5285415
ITZY,2024-07-02,5268729
ITZY,2024-07-03,5260455
ITZY,2024-07-04,5260455
ITZY,2024-07-05,5250250
ITZY,2024-07-06,5278389
ITZY,2024-07-07,5249468
ITZY,2024-07-08,5224235
ITZY,2024-07-09,5210331
ITZY,2024-07-10,5199169
ITZY,2024-07-11,5185591
ITZY,2024-07-12,5180824
ITZY,2024-07-13,5184748
ITZY,2024-07-14,5180404
ITZY,2024-07-15,5168862
ITZY,2024-07-16,5154168
ITZY,2024-07-17,5154168
ITZY,2024-07-18,5141696
ITZY,2024-07-19,5117979
ITZY,2024-07-20,5093756
ITZY,2024-07-21,5087358
ITZY,2024-07-22,5080960
ITZY,2024-07-23,5069828
ITZY,2024-07-24,5057568
ITZY,2024-07-25,5046311
ITZY,2024-07-26,5030679
ITZY,2024-07-27,5011867
ITZY,2024-07-28,4993055
ITZY,2024-07-29,4965470
ITZY,2024-07-30,4923162
ITZY,2024-07-31,4900327
ITZY,2024-08-01,4888420
ITZY,2024-08-02,4876513
ITZY,2024-08-03,4849958
ITZY,2024-08-04,4847413
ITZY,2024-08-05,4844868
ITZY,2024-08-06,4840410
ITZY,2024-08-07,4803165
ITZY,2024-08-08,4795416
ITZY,2024-08-09,4787667
ITZY,2024-08-10,4758371
ITZY,2024-08-11,4746584
ITZY,2024-08-12,4734796
ITZY,2024-08-13,4726328
ITZY,2024-08-14,4721589
ITZY,2024-08-15,4716850
ITZY,2024-08-16,4707099
ITZY,2024-08-17,4541107
ITZY,2024-08-18,4476336
ITZY,2024-08-19,4411564
ITZY,2024-08-20,4346792
ITZY,2024-08-21,4636103
ITZY,2024-08-22,4628394
ITZY,2024-08-23,4634856
ITZY,2024-08-24,4636187
ITZY,2024-08-25,4633942
ITZY,2024-08-26,4636648
ITZY,2024-08-27,4639354
ITZY,2024-08-28,4639270
ITZY,2024-08-29,4640022
ITZY,2024-08-30,4632946
ITZY,2024-08-31,4616158
ITZY,2024-09-01,4607621
ITZY,2024-09-02,4599072
ITZY,2024-09-03,4598831
ITZY,2024-09-04,4593305
ITZY,2024-09-05,4589796
ITZY,2024-09-06,4585910
ITZY,2024-09-07,4582023
ITZY,2024-09-08,4587944
ITZY,2024-09-09,4593864
ITZY,2024-09-10,4594824
ITZY,2024-09-11,4592586
ITZY,2024-09-12,4584080
ITZY,2024-09-13,4571096
ITZY,2024-09-14,4572585
ITZY,2024-09-15,4574074
ITZY,2024-09-16,4575563
ITZY,2024-09-17,4573601
ITZY,2024-09-18,4576506
ITZY,2024-09-19,4568908
ITZY,2024-09-20,4556187
ITZY,2024-09-21,4549347
ITZY,2024-09-22,4546483
ITZY,2024-09-23,4543618
ITZY,2024-09-24,4526466
ITZY,2024-09-25,4518877
ITZY,2024-09-26,4511287
ITZY,2024-09-27,4506570
ITZY,2024-09-28,4501142
ITZY,2024-09-29,4496010
ITZY,2024-09-30,4490877
ITZY,2024-10-01,4482754
ITZY,2024-10-02,4474631
ITZY,2024-10-03,4472422
ITZY,2024-10-04,4459476
ITZY,2024-10-05,4447313
ITZY,2024-10-06,4446203
ITZY,2024-10-07,4445093
ITZY,2024-10-08,4443983
ITZY,2024-10-09,4442045
ITZY,2024-10-10,4430520
ITZY,2024-10-11,4430809
ITZY,2024-10-12,4431097
ITZY,2024-10-13,4428358
ITZY,2024-10-14,4425619
ITZY,2024-10-15,4415188
ITZY,2024-10-16,4456052
ITZY,2024-10-17,4496915
ITZY,2024-10-18,4557779
ITZY,2024-10-19,4619759
ITZY,2024-10-20,4681738
ITZY,2024-10-21,4743718
ITZY,2024-10-22,4840437
ITZY,2024-10-23,4937156
ITZY,2024-10-24,5033371
ITZY,2024-10-25,5119623
ITZY,2024-10-26,5246854
ITZY,2024-10-27,5272658
ITZY,2024-10-28,5298461
ITZY,2024-10-29,5351645
ITZY,2024-10-30,5458198
ITZY,2024-10-31,5477058
ITZY,2024-11-01,5495918
ITZY,2024-11-02,5556540
ITZY,2024-11-03,5581325
ITZY,2024-11-04,5591495
ITZY,2024-11-05,5601664
ITZY,2024-11-06,5625072
ITZY,2024-11-07,5649800
ITZY,2024-11-08,5674565
ITZY,2024-11-09,5741416
ITZY,2024-11-10,5775675
ITZY,2024-11-11,5789727
ITZY,2024-11-12,5803779
ITZY,2024-11-13,5828662
ITZY,2024-11-14,5835201
ITZY,2024-11-15,5818724
ITZY,2024-11-16,5802246
ITZY,2024-11-17,5792576
ITZY,2024-11-18,5782906
ITZY,2024-11-19,5742085
ITZY,2024-11-20,5678248
ITZY,2024-11-21,5572270
ITZY,2024-11-22,5533225
ITZY,2024-11-23,5494180
ITZY,2024-11-24,5479904
ITZY,2024-11-25,5465628
ITZY,2024-11-26,5434162
ITZY,2024-11-27,5410711
ITZY,2024-11-28,5385794
ITZY,2024-11-29,5377779
ITZY,2024-11-30,5369762
ITZY,2024-12-01,5353041
ITZY,2024-12-02,5336320
ITZY,2024-12-03,5316564
ITZY,2024-12-04,5307854
ITZY,2024-12-05,5299143
ITZY,2024-12-06,5296368
ITZY,2024-12-07,5276964
ITZY,2024-12-08,5268875
ITZY,2024-12-09,5260786
ITZY,2024-12-10,5252696
ITZY,2024-12-11,5241215
ITZY,2024-12-12,5229733
ITZY,2024-12-13,5215161
ITZY,2024-12-14,5177604
ITZY,2024-12-15,5163971
ITZY,2024-12-16,5150338
ITZY,2024-12-17,5136704
ITZY,2024-12-18,5116815
ITZY,2024-12-19,5101474
ITZY,2024-12-20,5075974
ITZY,2024-12-21,5021942
ITZY,2024-12-22,5003561
ITZY,2024-12-23,4992548
ITZY,2024-12-24,4981534
ITZY,2024-12-25,4916993
ITZY,2024-12-26,4892832
ITZY,2024-12-27,4868669
ITZY,2024-12-28,4844552
ITZY,2024-12-29,4820435
ITZY,2024-12-30,4796318
ITZY,2024-12-31,4770833
ITZY,2025-01-01,4761092
ITZY,2025-01-02,4712820
ITZY,2025-01-03,4687141
ITZY,2025-01-04,4661461
ITZY,2025-01-05,4656685
ITZY,2025-01-06,4651908
ITZY,2025-01-07,4634785
ITZY,2025-01-08,4592002
ITZY,2025-01-09,4582004
ITZY,2025-01-10,4572006
ITZY,2025-01-11,4544208
ITZY,2025-01-12,4538179
ITZY,2025-01-13,4532149
ITZY,2025-01-14,4529966
ITZY,2025-01-15,4527783
ITZY,2025-01-16,4521015
ITZY,2025-01-17,4517761
ITZY,2025-01-18,4517308
ITZY,2025-01-19,4516855
ITZY,2025-01-20,4516401
ITZY,2025-01-21,4516470
ITZY,2025-01-22,4520039
ITZY,2025-01-23,4528990
ITZY,2025-01-24,4531043
ITZY,2025-01-25,4533095
ITZY,2025-01-26,4535148
ITZY,2025-01-27,4537200
ITZY,2025-01-28,4516065
ITZY,2025-01-29,4518973
ITZY,2025-01-30,4521881
ITZY,2025-01-31,4521723
ITZY,2025-02-01,4521564
ITZY,2025-02-02,4521406
ITZY,2025-02-03,4521247
ITZY,2025-02-04,4506309
ITZY,2025-02-05,4497297
ITZY,2025-02-06,4478821
ITZY,2025-02-07,4470993
ITZY,2025-02-08,4467812
ITZY,2025-02-09,4468006
ITZY,2025-02-10,4460916
ITZY,2025-02-11,4449275
ITZY,2025-02-12,4440567
ITZY,2025-02-13,4432328
ITZY,2025-02-14,4421746
ITZY,2025-02-15,4405222
ITZY,2025-02-16,4388697
ITZY,2025-02-17,4375606
ITZY,2025-02-18,4362883
ITZY,2025-02-19,4350159
ITZY,2025-02-20,4346572
ITZY,2025-02-21,4330343
ITZY,2025-02-22,4311067
ITZY,2025-02-23,4301235
ITZY,2025-02-24,4287283
ITZY,2025-02-25,4272056
ITZY,2025-02-26,4261926
ITZY,2025-02-27,4244079
ITZY,2025-02-28,4217148
ITZY,2025-03-01,4188073
ITZY,2025-03-02,4158997
ITZY,2025-03-03,4136176
ITZY,2025-03-04,4117597
ITZY,2025-03-05,4100764
ITZY,2025-03-06,4086110
ITZY,2025-03-07,4071456
ITZY,2025-03-08,4049360
ITZY,2025-03-09,4021707
ITZY,2025-03-10,4002765
ITZY,2025-03-11,3983824
ITZY,2025-03-12,3964882
ITZY,2025-03-13,3940041
ITZY,2025-03-14,3918281
ITZY,2025-03-15,3904866
ITZY,2025-03-16,3891452
ITZY,2025-03-17,3878037
ITZY,2025-03-18,3864622
ITZY,2025-03-19,3851207
ITZY,2025-03-20,3837792
ITZY,2025-03-21,3824377
ITZY,2025-03-22,3806951
ITZY,2025-03-23,3790100
ITZY,2025-03-24,3780847
ITZY,2025-03-25,3766728
ITZY,2025-03-26,3758250
ITZY,2025-03-27,3749771
ITZY,2025-03-28,3713513
ITZY,2025-03-29,3699061
ITZY,2025-03-30,3688994
ITZY,2025-03-31,3684572
ITZY,2025-04-01,3675404
ITZY,2025-04-02,3665417
ITZY,2025-04-03,3662143
ITZY,2025-04-04,3658868
ITZY,2025-04-05,3654370
ITZY,2025-04-06,3649871
ITZY,2025-04-07,3645373
ITZY,2025-04-08,3640874
ITZY,2025-04-09,3641928
ITZY,2025-04-10,3642981
ITZY,2025-04-11,3644035
ITZY,2025-04-12,3648139
ITZY,2025-04-13,3652242
ITZY,2025-04-14,3648909
ITZY,2025-04-15,3660780
ITZY,2025-04-16,3672651
ITZY,2025-04-17,3684521
ITZY,2025-04-18,3696392
ITZY,2025-04-19,3699319
ITZY,2025-04-20,3702245
ITZY,2025-04-21,3705670
ITZY,2025-04-22,3709095
ITZY,2025-04-23,3720800
ITZY,2025-04-24,3731325
ITZY,2025-04-25,3741850
ITZY,2025-04-26,3752376
ITZY,2025-04-27,3762901
ITZY,2025-04-28,3773426
ITZY,2025-04-29,3786343
ITZY,2025-04-30,3799260
ITZY,2025-05-01,3812176
ITZY,2025-05-02,3825093
ITZY,2025-05-03,3838347
ITZY,2025-05-04,3850302
ITZY,2025-05-05,3862257
ITZY,2025-05-06,3874211
ITZY,2025-05-07,3882352
ITZY,2025-05-08,3881082
ITZY,2025-05-09,3883262
ITZY,2025-05-10,3889150
ITZY,2025-05-11,3895038
ITZY,2025-05-12,3896248
ITZY,2025-05-13,3896663
ITZY,2025-05-14,3897077
ITZY,2025-05-15,3894554
ITZY,2025-05-16,3892030
ITZY,2025-05-17,3887456
ITZY,2025-05-18,3884680
ITZY,2025-05-19,3885374
ITZY,2025-05-20,3883672
ITZY,2025-05-21,3871952
ITZY,2025-05-22,3870534
ITZY,2025-05-23,3869116
ITZY,2025-05-24,3864217
ITZY,2025-05-25,3859318
ITZY,2025-05-26,3854419
ITZY,2025-05-27,3853076
ITZY,2025-05-28,3842426
ITZY,2025-05-29,3831775
ITZY,2025-05-30,3829609
ITZY,2025-05-31,3827443
ITZY,2025-06-01,3825276
ITZY,2025-06-02,3815157
ITZY,2025-06-03,3805037
ITZY,2025-06-04,3803368
ITZY,2025-06-05,3801277
ITZY,2025-06-06,3799185
ITZY,2025-06-07,3797094
ITZY,2025-06-08,3791808
ITZY,2025-06-09,3790613
ITZY,2025-06-10,3836722
ITZY,2025-06-11,3874085
ITZY,2025-06-12,3907847
ITZY,2025-06-13,3960980
ITZY,2025-06-14,4031633
ITZY,2025-06-15,4102286
ITZY,2025-06-16,4166986
ITZY,2025-06-17,4231686
ITZY,2025-06-18,4274769
ITZY,2025-06-19,4317852
ITZY,2025-06-20,4360935
ITZY,2025-06-21,4404017
ITZY,2025-06-22,4511199
ITZY,2025-06-23,4534994
ITZY,2025-06-24,4558788
ITZY,2025-06-25,4616524
ITZY,2025-06-26,4677336
ITZY,2025-06-27,4742135
ITZY,2025-06-28,4829220
ITZY,2025-06-29,4930638
ITZY,2025-06-30,5119554
ITZY,2025-07-01,5196244
ITZY,2025-07-02,5272933
ITZY,2025-07-03,5301296
ITZY,2025-07-04,5329659
ITZY,2025-07-05,5403249
ITZY,2025-07-06,5536504
ITZY,2025-07-07,5574151
ITZY,2025-07-08,5611798
ITZY,2025-07-09,5630449
ITZY,2025-07-10,5649099
ITZY,2025-07-11,5674305
ITZY,2025-07-12,5680920
ITZY,2025-07-13,5696745
ITZY,2025-07-14,5692265
ITZY,2025-07-15,5687785
ITZY,2025-07-16,5682361
ITZY,2025-07-17,5673271
ITZY,2025-07-18,5666897
ITZY,2025-07-19,5660523
ITZY,2025-07-20,5656090
ITZY,2025-07-21,5647368
ITZY,2025-07-22,5638646
ITZY,2025-07-23,5617374
ITZY,2025-07-24,5600534
ITZY,2025-07-25,5583694
ITZY,2025-07-26,5472099
ITZY,2025-07-27,5411836
ITZY,2025-07-28,5351572
ITZY,2025-07-29,5293027
ITZY,2025-07-30,5239425
ITZY,2025-07-31,5185822
ITZY,2025-08-01,5152333
ITZY,2025-08-02,5118843
ITZY,2025-08-03,5099751
ITZY,2025-08-04,5080659
ITZY,2025-08-05,5033453
ITZY,2025-08-06,5015260
ITZY,2025-08-07,4997066
ITZY,2025-08-08,4965986
ITZY,2025-08-09,4940934
ITZY,2025-08-10,4911070
ITZY,2025-08-11,4881206
ITZY,2025-08-12,4834249
ITZY,2025-08-13,4808042
ITZY,2025-08-14,4787891
ITZY,2025-08-15,4767740
ITZY,2025-08-16,4741945
ITZY,2025-08-17,4716150
ITZY,2025-08-18,4681754
ITZY,2025-08-19,4657749
ITZY,2025-08-20,4630237
ITZY,2025-08-21,4609660
ITZY,2025-08-22,4589083
ITZY,2025-08-23,4579728
ITZY,2025-08-24,4570373
ITZY,2025-08-25,4556061
ITZY,2025-08-26,4551601
ITZY,2025-08-27,4534835
ITZY,2025-08-28,4518068
ITZY,2025-08-29,4496546
ITZY,2025-08-30,4475024
ITZY,2025-08-31,4431189
ITZY,2025-09-01,4387354
ITZY,2025-09-02,4362040
ITZY,2025-09-03,4326412
ITZY,2025-09-04,4300568
ITZY,2025-09-05,4288475
ITZY,2025-09-06,4276381
ITZY,2025-09-07,4235843
ITZY,2025-09-08,4195304
ITZY,2025-09-09,4172981
ITZY,2025-09-10,4150658
ITZY,2025-09-11,4128334
ITZY,2025-09-12,4106011
ITZY,2025-09-13,4083688
ITZY,2025-09-14,4061365
ITZY,2025-09-15,4039041
ITZY,2025-09-16,4016718
ITZY,2025-09-17,4004911
ITZY,2025-09-18,3993103
ITZY,2025-09-19,3981522
ITZY,2025-09-20,3973303
ITZY,2025-09-21,3965084
ITZY,2025-09-22,3953173
ITZY,2025-09-23,3936868
ITZY,2025-09-24,3932200
ITZY,2025-09-25,3924627
ITZY,2025-09-26,3922360
ITZY,2025-09-27,3920093
ITZY,2025-09-28,3909345
ITZY,2025-09-29,3910205
ITZY,2025-09-30,3900863
ITZY,2025-10-01,3907191
ITZY,2025-10-02,3911203
ITZY,2025-10-03,3915215
ITZY,2025-10-04,3917345
ITZY,2025-10-05,3921462
ITZY,2025-10-06,3925579
ITZY,2025-10-07,3925445
ITZY,2025-10-08,3926842
ITZY,2025-10-09,3928239
ITZY,2025-10-10,3945544
ITZY,2025-10-11,3985849
ITZY,2025-10-12,4003741
ITZY,2025-10-13,4021632
ITZY,2025-10-14,4042446
ITZY,2025-10-15,4063260
ITZY,2025-10-16,4084274
ITZY,2025-10-17,4091587
ITZY,2025-10-18,4098899
ITZY,2025-10-19,4107082
ITZY,2025-10-20,4104099
ITZY,2025-10-21,4096101
ITZY,2025-10-22,4092237
ITZY,2025-10-23,4082181
ITZY,2025-10-24,4079438
ITZY,2025-10-25,4087078
ITZY,2025-10-26,4089227
ITZY,2025-10-27,4091375
ITZY,2025-10-28,4102687
ITZY,2025-10-29,4104835
ITZY,2025-10-30,4107832
ITZY,2025-10-31,4110828
ITZY,2025-11-01,4116744
ITZY,2025-11-02,4111860
ITZY,2025-11-03,4106975
ITZY,2025-11-04,4102090
ITZY,2025-11-05,4096185
ITZY,2025-11-06,4099129
ITZY,2025-11-07,4102072
ITZY,2025-11-08,4094380
ITZY,2025-11-09,4056916
ITZY,2025-11-10,4039720
ITZY,2025-11-11,4023195
ITZY,2025-11-12,4032055
ITZY,2025-11-13,4032333
ITZY,2025-11-14,4032611
ITZY,2025-11-15,4062040
ITZY,2025-11-16,4091470
ITZY,2025-11-17,4120899
ITZY,2025-11-18,4150328
ITZY,2025-11-19,4179758
ITZY,2025-11-20,4209187
ITZY,2025-11-21,4254255
ITZY,2025-11-22,4299322
ITZY,2025-11-23,4325158
ITZY,2025-11-24,4350993
ITZY,2025-11-25,4376828
ITZY,2025-11-26,4399348
ITZY,2025-11-27,4421868
ITZY,2025-11-28,4444388
ITZY,2025-11-29,4466908
ITZY,2025-11-30,4489428
ITZY,2025-12-01,4506455
ITZY,2025-12-02,4523481
ITZY,2025-12-03,4540508
ITZY,2025-12-04,4557534
ITZY,2025-12-05,4593946
ITZY,2025-12-06,4613913
ITZY,2025-12-07,4633880
ITZY,2025-12-08,4639539
ITZY,2025-12-09,4645197
ITZY,2025-12-10,4642102
ITZY,2025-12-11,4639006
ITZY,2025-12-12,4637183
ITZY,2025-12-13,4621994
ITZY,2025-12-14,4606804
ITZY,2025-12-15,4569257
ITZY,2025-12-16,4551788
ITZY,2025-12-17,4534319
ITZY,2025-12-18,4524970
ITZY,2025-12-19,4515620
ITZY,2025-12-20,4465924
ITZY,2025-12-21,4453773
ITZY,2025-12-22,4441622
ITZY,2025-12-23,4417063
ITZY,2025-12-24,4392503
ITZY,2025-12-25,4367944
ITZY,2025-12-26,4343384
ITZY,2025-12-27,4318825
ITZY,2025-12-28,4294265
ITZY,2025-12-29,4269706
ITZY,2025-12-30,4245146
ITZY,2025-12-31,4223475
ITZY,2026-01-01,4190284
ITZY,2026-01-02,4177012
ITZY,2026-01-03,4163739
ITZY,2026-01-04,4148070
ITZY,2026-01-05,4132401
ITZY,2026-01-06,4133013
ITZY,2026-01-07,4135462
ITZY,2026-01-08,4133960
ITZY,2026-01-09,4132457
ITZY,2026-01-10,4129317
ITZY,2026-01-11,4118338
ITZY,2026-01-12,4118167
ITZY,2026-01-13,4117995
ITZY,2026-01-14,4116864
ITZY,2026-01-15,4115732
ITZY,2026-01-16,4113934
ITZY,2026-01-17,4123420
ITZY,2026-01-18,4142548
ITZY,2026-01-19,4166482
ITZY,2026-01-20,4171305
ITZY,2026-01-21,4173714
ITZY,2026-01-22,4174560
ITZY,2026-01-23,4182083
ITZY,2026-01-24,4181034
ITZY,2026-01-25,4179985
ITZY,2026-01-26,4176598
ITZY,2026-01-27,4173211
ITZY,2026-01-28,4141138
ITZY,2026-01-29,4134190
ITZY,2026-01-30,4127242
ITZY,2026-01-31,4131634
ITZY,2026-02-01,4130833
ITZY,2026-02-02,4130031
ITZY,2026-02-03,4105169
ITZY,2026-02-04,4100212
ITZY,2026-02-05,4095255
ITZY,2026-02-06,4090759
ITZY,2026-02-07,4086262
ITZY,2026-02-08,4074211
ITZY,2026-02-09,4064168
ITZY,2026-02-10,4054125
ITZY,2026-02-11,4049886
ITZY,2026-02-12,4045646
ITZY,2026-02-13,4033022
ITZY,2026-02-14,4026869
ITZY,2026-02-15,4005220
ITZY,2026-02-16,3979576
ITZY,2026-02-17,3964101
ITZY,2026-02-18,3954266
ITZY,2026-02-19,3945682
ITZY,2026-02-20,3937262
ITZY,2026-02-21,3931165
ITZY,2026-02-22,3927229
ITZY,2026-02-23,3933214
ITZY,2026-02-24,3939199
ITZY,2026-02-25,3952160
ITZY,2026-02-26,3958811
ITZY,2026-02-27,3960045
ITZY,2026-02-28,3961278
ITZY,2026-03-01,3955404
ITZY,2026-03-02,3946023
ITZY,2026-03-03,3943418
ITZY,2026-03-04,3946241
ITZY,2026-03-05,3925775
ITZY,2026-03-06,3915683
ITZY,2026-03-07,3911392
ITZY,2026-03-08,3907101
ITZY,2026-03-09,3900064
ITZY,2026-03-10,3893066
ITZY,2026-03-11,3891411
ITZY,2026-03-12,3888670
ITZY,2026-03-13,3887900
ITZY,2026-03-14,3889311
ITZY,2026-03-15,3888831
ITZY,2026-03-16,3899373
ITZY,2026-03-17,3914215
ITZY,2026-03-18,3920740
ITZY,2026-03-19,3933038
ITZY,2026-03-20,3945335
ITZY,2026-03-21,4094636
ITZY,2026-03-22,4129929
ITZY,2026-03-23,4165223
ITZY,2026-03-24,4200516
ITZY,2026-03-25,4266669
ITZY,2026-03-26,4308209
ITZY,2026-03-27,4347970
ITZY,2026-03-28,4387731
ITZY,2026-03-29,4433216
ITZY,2026-03-30,4452972
ITZY,2026-03-31,4472727
ITZY,2026-04-01,4507510
ITZY,2026-04-02,4585311
ITZY,2026-04-03,4626109
ITZY,2026-04-04,4667332
ITZY,2026-04-05,4711543
ITZY,2026-04-06,4737269
ITZY,2026-04-07,4762994
ITZY,2026-04-08,4800331
ITZY,2026-04-09,4833539
ITZY,2026-04-10,4892525
ITZY,2026-04-11,4905996
ITZY,2026-04-12,4919467
JENNIE,2024-04-13,33321160
JENNIE,2024-04-14,33321160
JENNIE,2024-04-15,33321160
JENNIE,2024-04-16,33321160
JENNIE,2024-04-17,33289592
JENNIE,2024-04-18,33289592
JENNIE,2024-04-19,33407998
JENNIE,2024-04-20,33407998
JENNIE,2024-04-21,33407998
JENNIE,2024-04-22,33407998
JENNIE,2024-04-23,33407998
JENNIE,2024-04-24,33448028
JENNIE,2024-04-25,33433960
JENNIE,2024-04-26,33444562
JENNIE,2024-04-27,33496622
JENNIE,2024-04-28,33533222
JENNIE,2024-04-29,33589520
JENNIE,2024-04-30,33635184
JENNIE,2024-05-01,33998820
JENNIE,2024-05-02,34268356
JENNIE,2024-05-03,34461576
JENNIE,2024-05-04,34461576
JENNIE,2024-05-05,34823090
JENNIE,2024-05-06,35032972
JENNIE,2024-05-07,35186656
JENNIE,2024-05-08,35295984
JENNIE,2024-05-09,35463596
JENNIE,2024-05-10,35525244
JENNIE,2024-05-11,35584560
JENNIE,2024-05-12,35666070
JENNIE,2024-05-13,35773904
JENNIE,2024-05-14,35773904
JENNIE,2024-05-15,35773904
JENNIE,2024-05-16,36098210
JENNIE,2024-05-17,36175344
JENNIE,2024-05-18,36259376
JENNIE,2024-05-19,36336744
JENNIE,2024-05-20,36420384
JENNIE,2024-05-21,36558784
JENNIE,2024-05-22,36558784
JENNIE,2024-05-23,36641850
JENNIE,2024-05-24,36738828
JENNIE,2024-05-25,36794664
JENNIE,2024-05-26,36848096
JENNIE,2024-05-27,36897120
JENNIE,2024-05-28,36919668
JENNIE,2024-05-29,36926090
JENNIE,2024-05-30,36886656
JENNIE,2024-05-31,36840772
JENNIE,2024-06-01,36807628
JENNIE,2024-06-02,36657916
JENNIE,2024-06-03,36657916
JENNIE,2024-06-04,36507290
JENNIE,2024-06-05,36507290
JENNIE,2024-06-06,36365996
JENNIE,2024-06-07,36365996
JENNIE,2024-06-08,36271696
JENNIE,2024-06-09,36167204
JENNIE,2024-06-10,36059120
JENNIE,2024-06-11,35937196
JENNIE,2024-06-12,35831830
JENNIE,2024-06-13,35720016
JENNIE,2024-06-14,35640024
JENNIE,2024-06-15,35517590
JENNIE,2024-06-16,35396732
JENNIE,2024-06-17,35311770
JENNIE,2024-06-18,35242836
JENNIE,2024-06-19,35161220
JENNIE,2024-06-20,35077784
JENNIE,2024-06-21,34950864
JENNIE,2024-06-22,34816456
JENNIE,2024-06-23,34663000
JENNIE,2024-06-24,34511310
JENNIE,2024-06-25,34381530
JENNIE,2024-06-26,34256020
JENNIE,2024-06-27,34086572
JENNIE,2024-06-28,33976340
JENNIE,2024-06-29,33833150
JENNIE,2024-06-30,33745376
JENNIE,2024-07-01,33637772
JENNIE,2024-07-02,33513182
JENNIE,2024-07-03,33459286
JENNIE,2024-07-04,33425984
JENNIE,2024-07-05,33369088
JENNIE,2024-07-06,33318144
JENNIE,2024-07-07,33256028
JENNIE,2024-07-08,33186522
JENNIE,2024-07-09,33119640
JENNIE,2024-07-10,33069686
JENNIE,2024-07-11,33002690
JENNIE,2024-07-12,32899048
JENNIE,2024-07-13,32829688
JENNIE,2024-07-14,32783508
JENNIE,2024-07-15,32683030
JENNIE,2024-07-16,32601404
JENNIE,2024-07-17,32503236
JENNIE,2024-07-18,32437624
JENNIE,2024-07-19,32394000
JENNIE,2024-07-20,32336564
JENNIE,2024-07-21,32331004
JENNIE,2024-07-22,32325444
JENNIE,2024-07-23,32318592
JENNIE,2024-07-24,32316016
JENNIE,2024-07-25,32327246
JENNIE,2024-07-26,32276760
JENNIE,2024-07-27,32246794
JENNIE,2024-07-28,32216828
JENNIE,2024-07-29,32179384
JENNIE,2024-07-30,32096560
JENNIE,2024-07-31,32042644
JENNIE,2024-08-01,31988728
JENNIE,2024-08-02,31909156
JENNIE,2024-08-03,31721306
JENNIE,2024-08-04,31687544
JENNIE,2024-08-05,31653782
JENNIE,2024-08-06,31592872
JENNIE,2024-08-07,31520180
JENNIE,2024-08-08,31447488
JENNIE,2024-08-09,31400988
JENNIE,2024-08-10,31279352
JENNIE,2024-08-11,31259058
JENNIE,2024-08-12,31238764
JENNIE,2024-08-13,31232484
JENNIE,2024-08-14,31207992
JENNIE,2024-08-15,31183500
JENNIE,2024-08-16,31106864
JENNIE,2024-08-17,30089534
JENNIE,2024-08-18,30352850
JENNIE,2024-08-19,30616164
JENNIE,2024-08-20,30879480
JENNIE,2024-08-21,30883020
JENNIE,2024-08-22,30901992
JENNIE,2024-08-23,30882732
JENNIE,2024-08-24,30854368
JENNIE,2024-08-25,30815068
JENNIE,2024-08-26,30795876
JENNIE,2024-08-27,30776680
JENNIE,2024-08-28,30757488
JENNIE,2024-08-29,30718412
JENNIE,2024-08-30,30677172
JENNIE,2024-08-31,30679132
JENNIE,2024-09-01,30669784
JENNIE,2024-09-02,30658792
JENNIE,2024-09-03,30664684
JENNIE,2024-09-04,30672802
JENNIE,2024-09-05,30678168
JENNIE,2024-09-06,30695508
JENNIE,2024-09-07,30712848
JENNIE,2024-09-08,30683052
JENNIE,2024-09-09,30653254
JENNIE,2024-09-10,30654392
JENNIE,2024-09-11,30678190
JENNIE,2024-09-12,30732856
JENNIE,2024-09-13,30809122
JENNIE,2024-09-14,30857838
JENNIE,2024-09-15,30906556
JENNIE,2024-09-16,30955272
JENNIE,2024-09-17,31021750
JENNIE,2024-09-18,31033810
JENNIE,2024-09-19,31024508
JENNIE,2024-09-20,31015204
JENNIE,2024-09-21,31009064
JENNIE,2024-09-22,31070420
JENNIE,2024-09-23,31131776
JENNIE,2024-09-24,31220584
JENNIE,2024-09-25,31232364
JENNIE,2024-09-26,31284956
JENNIE,2024-09-27,31287458
JENNIE,2024-09-28,31225060
JENNIE,2024-09-29,31211220
JENNIE,2024-09-30,31197378
JENNIE,2024-10-01,31172968
JENNIE,2024-10-02,31148556
JENNIE,2024-10-03,31137712
JENNIE,2024-10-04,31126864
JENNIE,2024-10-05,31069300
JENNIE,2024-10-06,31087126
JENNIE,2024-10-07,31104954
JENNIE,2024-10-08,31122782
JENNIE,2024-10-09,31122180
JENNIE,2024-10-10,31243062
JENNIE,2024-10-11,31483004
JENNIE,2024-10-12,31722944
JENNIE,2024-10-13,31885646
JENNIE,2024-10-14,32048348
JENNIE,2024-10-15,32346002
JENNIE,2024-10-16,32590868
JENNIE,2024-10-17,32805764
JENNIE,2024-10-18,33172854
JENNIE,2024-10-19,33539940
JENNIE,2024-10-20,33907030
JENNIE,2024-10-21,34274120
JENNIE,2024-10-22,34819228
JENNIE,2024-10-23,35364336
JENNIE,2024-10-24,35845652
JENNIE,2024-10-25,36181612
JENNIE,2024-10-26,36694656
JENNIE,2024-10-27,36841436
JENNIE,2024-10-28,36988212
JENNIE,2024-10-29,37336616
JENNIE,2024-10-30,37721804
JENNIE,2024-10-31,37983224
JENNIE,2024-11-01,38244640
JENNIE,2024-11-02,38681660
JENNIE,2024-11-03,38758984
JENNIE,2024-11-04,38836304
JENNIE,2024-11-05,39062910
JENNIE,2024-11-06,39268410
JENNIE,2024-11-07,39388764
JENNIE,2024-11-08,39437500
JENNIE,2024-11-09,39486240
JENNIE,2024-11-10,39505516
JENNIE,2024-11-11,39524796
JENNIE,2024-11-12,39517880
JENNIE,2024-11-13,39522330
JENNIE,2024-11-14,39510390
JENNIE,2024-11-15,39404144
JENNIE,2024-11-16,39297900
JENNIE,2024-11-17,39197040
JENNIE,2024-11-18,39096180
JENNIE,2024-11-19,38808428
JENNIE,2024-11-20,38550060
JENNIE,2024-11-21,38293610
JENNIE,2024-11-22,38116348
JENNIE,2024-11-23,37862496
JENNIE,2024-11-24,37815790
JENNIE,2024-11-25,37769084
JENNIE,2024-11-26,37614916
JENNIE,2024-11-27,37524620
JENNIE,2024-11-28,37434332
JENNIE,2024-11-29,37344036
JENNIE,2024-11-30,37250056
JENNIE,2024-12-01,37210576
JENNIE,2024-12-02,37171096
JENNIE,2024-12-03,37093376
JENNIE,2024-12-04,37034480
JENNIE,2024-12-05,36913252
JENNIE,2024-12-06,37029984
JENNIE,2024-12-07,37581304
JENNIE,2024-12-08,37620020
JENNIE,2024-12-09,37658740
JENNIE,2024-12-10,37697460
JENNIE,2024-12-11,37727612
JENNIE,2024-12-12,37757770
JENNIE,2024-12-13,37763356
JENNIE,2024-12-14,37776484
JENNIE,2024-12-15,37781452
JENNIE,2024-12-16,37786420
JENNIE,2024-12-17,37791388
JENNIE,2024-12-18,37731600
JENNIE,2024-12-19,37721732
JENNIE,2024-12-20,37722892
JENNIE,2024-12-21,37754864
JENNIE,2024-12-22,37791960
JENNIE,2024-12-23,37767436
JENNIE,2024-12-24,37742904
JENNIE,2024-12-25,37800816
JENNIE,2024-12-26,37805264
JENNIE,2024-12-27,37661060
JENNIE,2024-12-28,37591040
JENNIE,2024-12-29,37521020
JENNIE,2024-12-30,37451000
JENNIE,2024-12-31,37406308
JENNIE,2025-01-01,37384296
JENNIE,2025-01-02,37474788
JENNIE,2025-01-03,37271868
JENNIE,2025-01-04,36920844
JENNIE,2025-01-05,36878464
JENNIE,2025-01-06,36836084
JENNIE,2025-01-07,36820460
JENNIE,2025-01-08,36693850
JENNIE,2025-01-09,36673080
JENNIE,2025-01-10,36652310
JENNIE,2025-01-11,36670064
JENNIE,2025-01-12,36712956
JENNIE,2025-01-13,36755850
JENNIE,2025-01-14,36771816
JENNIE,2025-01-15,36787784
JENNIE,2025-01-16,36849960
JENNIE,2025-01-17,36897184
JENNIE,2025-01-18,36871256
JENNIE,2025-01-19,36845324
JENNIE,2025-01-20,36819390
JENNIE,2025-01-21,36833456
JENNIE,2025-01-22,36765084
JENNIE,2025-01-23,36663520
JENNIE,2025-01-24,36746176
JENNIE,2025-01-25,36729456
JENNIE,2025-01-26,36712740
JENNIE,2025-01-27,36696020
JENNIE,2025-01-28,36662550
JENNIE,2025-01-29,36581920
JENNIE,2025-01-30,36501284
JENNIE,2025-01-31,36673110
JENNIE,2025-02-01,37089310
JENNIE,2025-02-02,37505508
JENNIE,2025-02-03,37921708
JENNIE,2025-02-04,38197436
JENNIE,2025-02-05,38481360
JENNIE,2025-02-06,39114896
JENNIE,2025-02-07,39297896
JENNIE,2025-02-08,39560990
JENNIE,2025-02-09,39760620
JENNIE,2025-02-10,39903740
JENNIE,2025-02-11,40026120
JENNIE,2025-02-12,40159070
JENNIE,2025-02-13,40292024
JENNIE,2025-02-14,40369570
JENNIE,2025-02-15,40512670
JENNIE,2025-02-16,40655776
JENNIE,2025-02-17,40746130
JENNIE,2025-02-18,40746130
JENNIE,2025-02-19,40852620
JENNIE,2025-02-20,40905870
JENNIE,2025-02-21,40959120
JENNIE,2025-02-22,41439830
JENNIE,2025-02-23,41920544
JENNIE,2025-02-24,42115788
JENNIE,2025-02-25,42311030
JENNIE,2025-02-26,42500652
JENNIE,2025-02-27,42690268
JENNIE,2025-02-28,42879890
JENNIE,2025-03-01,42785336
JENNIE,2025-03-02,42690784
JENNIE,2025-03-03,42624760
JENNIE,2025-03-04,42558740
JENNIE,2025-03-05,42212336
JENNIE,2025-03-06,42151172
JENNIE,2025-03-07,42090010
JENNIE,2025-03-08,43061492
JENNIE,2025-03-09,43743040
JENNIE,2025-03-10,44081196
JENNIE,2025-03-11,44419348
JENNIE,2025-03-12,44757508
JENNIE,2025-03-13,45095656
JENNIE,2025-03-14,45538610
JENNIE,2025-03-15,45981560
JENNIE,2025-03-16,46424508
JENNIE,2025-03-17,46867460
JENNIE,2025-03-18,47310410
JENNIE,2025-03-19,47753356
JENNIE,2025-03-20,48196308
JENNIE,2025-03-21,48639256
JENNIE,2025-03-22,48778532
JENNIE,2025-03-23,48917810
JENNIE,2025-03-24,49057080
JENNIE,2025-03-25,49196356
JENNIE,2025-03-26,49390540
JENNIE,2025-03-27,49584724
JENNIE,2025-03-28,49778904
JENNIE,2025-03-29,49973084
JENNIE,2025-03-30,50167270
JENNIE,2025-03-31,50428976
JENNIE,2025-04-01,50631876
JENNIE,2025-04-02,50834776
JENNIE,2025-04-03,50828200
JENNIE,2025-04-04,50821624
JENNIE,2025-04-05,50815040
JENNIE,2025-04-06,50808464
JENNIE,2025-04-07,50438840
JENNIE,2025-04-08,50340204
JENNIE,2025-04-09,50260068
JENNIE,2025-04-10,50179930
JENNIE,2025-04-11,49738990
JENNIE,2025-04-12,49662850
JENNIE,2025-04-13,49586708
JENNIE,2025-04-14,49510564
JENNIE,2025-04-15,49532530
JENNIE,2025-04-16,49554496
JENNIE,2025-04-17,49576464
JENNIE,2025-04-18,49598428
JENNIE,2025-04-19,49620396
JENNIE,2025-04-20,49642360
JENNIE,2025-04-21,49664324
JENNIE,2025-04-22,49686292
JENNIE,2025-04-23,49683350
JENNIE,2025-04-24,49680412
JENNIE,2025-04-25,49677468
JENNIE,2025-04-26,49674530
JENNIE,2025-04-27,49671588
JENNIE,2025-04-28,49668644
JENNIE,2025-04-29,49691490
JENNIE,2025-04-30,49714332
JENNIE,2025-05-01,49737172
JENNIE,2025-05-02,49760016
JENNIE,2025-05-03,49768784
JENNIE,2025-05-04,49777556
JENNIE,2025-05-05,49786324
JENNIE,2025-05-06,49795096
JENNIE,2025-05-07,49779850
JENNIE,2025-05-08,49759696
JENNIE,2025-05-09,49754984
JENNIE,2025-05-10,49789708
JENNIE,2025-05-11,49824430
JENNIE,2025-05-12,49857240
JENNIE,2025-05-13,49879620
JENNIE,2025-05-14,49820224
JENNIE,2025-05-15,49834132
JENNIE,2025-05-16,49848040
JENNIE,2025-05-17,49762564
JENNIE,2025-05-18,49713890
JENNIE,2025-05-19,49687076
JENNIE,2025-05-20,49660264
JENNIE,2025-05-21,49637050
JENNIE,2025-05-22,49518348
JENNIE,2025-05-23,49399650
JENNIE,2025-05-24,49280948
JENNIE,2025-05-25,49162252
JENNIE,2025-05-26,49043550
JENNIE,2025-05-27,48924850
JENNIE,2025-05-28,48806150
JENNIE,2025-05-29,48687452
JENNIE,2025-05-30,48568750
JENNIE,2025-05-31,48450052
JENNIE,2025-06-01,48331356
JENNIE,2025-06-02,48212656
JENNIE,2025-06-03,48093956
JENNIE,2025-06-04,47975260
JENNIE,2025-06-05,49241380
JENNIE,2025-06-06,48845720
JENNIE,2025-06-07,48450052
JENNIE,2025-06-08,48054388
JENNIE,2025-06-09,47658730
JENNIE,2025-06-10,47263064
JENNIE,2025-06-11,47043716
JENNIE,2025-06-12,46795160
JENNIE,2025-06-13,46546610
JENNIE,2025-06-14,46298052
JENNIE,2025-06-15,46049500
JENNIE,2025-06-16,45800944
JENNIE,2025-06-17,45698784
JENNIE,2025-06-18,45596620
JENNIE,2025-06-19,45158644
JENNIE,2025-06-20,45007684
JENNIE,2025-06-21,44856720
JENNIE,2025-06-22,44741764
JENNIE,2025-06-23,44626810
JENNIE,2025-06-24,44454230
JENNIE,2025-06-25,44240424
JENNIE,2025-06-26,44026620
JENNIE,2025-06-27,43812816
JENNIE,2025-06-28,43694944
JENNIE,2025-06-29,43577064
JENNIE,2025-06-30,43459190
JENNIE,2025-07-01,43310264
JENNIE,2025-07-02,43170670
JENNIE,2025-07-03,43031076
JENNIE,2025-07-04,42891484
JENNIE,2025-07-05,42712540
JENNIE,2025-07-06,42533590
JENNIE,2025-07-07,42434344
JENNIE,2025-07-08,42335096
JENNIE,2025-07-09,42273520
JENNIE,2025-07-10,42211944
JENNIE,2025-07-11,42150372
JENNIE,2025-07-12,42088796
JENNIE,2025-07-13,42027224
JENNIE,2025-07-14,41965650
JENNIE,2025-07-15,41920268
JENNIE,2025-07-16,41874890
JENNIE,2025-07-17,41847390
JENNIE,2025-07-18,41820224
JENNIE,2025-07-19,41799740
JENNIE,2025-07-20,41779264
JENNIE,2025-07-21,41710070
JENNIE,2025-07-22,41640880
JENNIE,2025-07-23,41580250
JENNIE,2025-07-24,41519616
JENNIE,2025-07-25,41431516
JENNIE,2025-07-26,41343412
JENNIE,2025-07-27,41311230
JENNIE,2025-07-28,41279050
JENNIE,2025-07-29,41246864
JENNIE,2025-07-30,41214684
JENNIE,2025-07-31,41255828
JENNIE,2025-08-01,41296972
JENNIE,2025-08-02,41330224
JENNIE,2025-08-03,41363470
JENNIE,2025-08-04,41398316
JENNIE,2025-08-05,41433164
JENNIE,2025-08-06,41495108
JENNIE,2025-08-07,41557060
JENNIE,2025-08-08,41619004
JENNIE,2025-08-09,41680950
JENNIE,2025-08-10,41676100
JENNIE,2025-08-11,41673450
JENNIE,2025-08-12,41605236
JENNIE,2025-08-13,41537024
JENNIE,2025-08-14,41468812
JENNIE,2025-08-15,41400600
JENNIE,2025-08-16,41332388
JENNIE,2025-08-17,41264176
JENNIE,2025-08-18,41126544
JENNIE,2025-08-19,40988910
JENNIE,2025-08-20,40851280
JENNIE,2025-08-21,40830080
JENNIE,2025-08-22,40808884
JENNIE,2025-08-23,40787684
JENNIE,2025-08-24,40718140
JENNIE,2025-08-25,40648600
JENNIE,2025-08-26,40579056
JENNIE,2025-08-27,40509510
JENNIE,2025-08-28,40439970
JENNIE,2025-08-29,40370424
JENNIE,2025-08-30,40352076
JENNIE,2025-08-31,40329690
JENNIE,2025-09-01,40307300
JENNIE,2025-09-02,40266600
JENNIE,2025-09-03,40225908
JENNIE,2025-09-04,40022930
JENNIE,2025-09-05,40007340
JENNIE,2025-09-06,39991756
JENNIE,2025-09-07,40088932
JENNIE,2025-09-08,40186110
JENNIE,2025-09-09,40301744
JENNIE,2025-09-10,40417388
JENNIE,2025-09-11,40533024
JENNIE,2025-09-12,40648660
JENNIE,2025-09-13,40764296
JENNIE,2025-09-14,40879936
JENNIE,2025-09-15,40995572
JENNIE,2025-09-16,41111210
JENNIE,2025-09-17,41158176
JENNIE,2025-09-18,41205144
JENNIE,2025-09-19,41340520
JENNIE,2025-09-20,41475896
JENNIE,2025-09-21,41769820
JENNIE,2025-09-22,41846852
JENNIE,2025-09-23,41899588
JENNIE,2025-09-24,41952324
JENNIE,2025-09-25,41987696
JENNIE,2025-09-26,42064300
JENNIE,2025-09-27,42140904
JENNIE,2025-09-28,42217508
JENNIE,2025-09-29,42376028
JENNIE,2025-09-30,42417852
JENNIE,2025-10-01,42459680
JENNIE,2025-10-02,42548570
JENNIE,2025-10-03,42593748
JENNIE,2025-10-04,42638932
JENNIE,2025-10-05,42684116
JENNIE,2025-10-06,42729300
JENNIE,2025-10-07,42782548
JENNIE,2025-10-08,42744150
JENNIE,2025-10-09,42705756
JENNIE,2025-10-10,42667364
JENNIE,2025-10-11,42621108
JENNIE,2025-10-12,42602084
JENNIE,2025-10-13,42531000
JENNIE,2025-10-14,42433836
JENNIE,2025-10-15,42370496
JENNIE,2025-10-16,42361756
JENNIE,2025-10-17,42353020
JENNIE,2025-10-18,42344280
JENNIE,2025-10-19,42242336
JENNIE,2025-10-20,42189748
JENNIE,2025-10-21,42161970
JENNIE,2025-10-22,42275004
JENNIE,2025-10-23,42313860
JENNIE,2025-10-24,42352710
JENNIE,2025-10-25,42389244
JENNIE,2025-10-26,42342336
JENNIE,2025-10-27,42340932
JENNIE,2025-10-28,42339536
JENNIE,2025-10-29,42382520
JENNIE,2025-10-30,42425504
JENNIE,2025-10-31,42468490
JENNIE,2025-11-01,42429116
JENNIE,2025-11-02,42394176
JENNIE,2025-11-03,42359236
JENNIE,2025-11-04,42350710
JENNIE,2025-11-05,42342188
JENNIE,2025-11-06,42354750
JENNIE,2025-11-07,42367316
JENNIE,2025-11-08,42403076
JENNIE,2025-11-09,42438836
JENNIE,2025-11-10,42474596
JENNIE,2025-11-11,42436180
JENNIE,2025-11-12,42427710
JENNIE,2025-11-13,42408664
JENNIE,2025-11-14,42389616
JENNIE,2025-11-15,42370564
JENNIE,2025-11-16,42351510
JENNIE,2025-11-17,42332464
JENNIE,2025-11-18,42313416
JENNIE,2025-11-19,42282420
JENNIE,2025-11-20,42251428
JENNIE,2025-11-21,42220436
JENNIE,2025-11-22,42189440
JENNIE,2025-11-23,42174936
JENNIE,2025-11-24,42160436
JENNIE,2025-11-25,42145932
JENNIE,2025-11-26,42052544
JENNIE,2025-11-27,41959156
JENNIE,2025-11-28,41865770
JENNIE,2025-11-29,41772376
JENNIE,2025-11-30,41678988
JENNIE,2025-12-01,41686570
JENNIE,2025-12-02,41694148
JENNIE,2025-12-03,41701730
JENNIE,2025-12-04,41709304
JENNIE,2025-12-05,41806132
JENNIE,2025-12-06,41902960
JENNIE,2025-12-07,41999788
JENNIE,2025-12-08,42204820
JENNIE,2025-12-09,42297524
JENNIE,2025-12-10,42381290
JENNIE,2025-12-11,42449664
JENNIE,2025-12-12,42458344
JENNIE,2025-12-13,42467024
JENNIE,2025-12-14,42475704
JENNIE,2025-12-15,42449028
JENNIE,2025-12-16,42452670
JENNIE,2025-12-17,42456310
JENNIE,2025-12-18,42404016
JENNIE,2025-12-19,42351724
JENNIE,2025-12-20,42335300
JENNIE,2025-12-21,42318880
JENNIE,2025-12-22,42385140
JENNIE,2025-12-23,42451404
JENNIE,2025-12-24,42517664
JENNIE,2025-12-25,42583930
JENNIE,2025-12-26,42650188
JENNIE,2025-12-27,42716450
JENNIE,2025-12-28,42782710
JENNIE,2025-12-29,42848972
JENNIE,2025-12-30,42915230
JENNIE,2025-12-31,43050110
JENNIE,2026-01-01,43000204
JENNIE,2026-01-02,42950296
JENNIE,2026-01-03,42900388
JENNIE,2026-01-04,42850480
JENNIE,2026-01-05,42800572
JENNIE,2026-01-06,42692170
JENNIE,2026-01-07,42583770
JENNIE,2026-01-08,42475370
JENNIE,2026-01-09,42391736
JENNIE,2026-01-10,42480656
JENNIE,2026-01-11,42569576
JENNIE,2026-01-12,42611724
JENNIE,2026-01-13,42653876
JENNIE,2026-01-14,42696550
JENNIE,2026-01-15,42745384
JENNIE,2026-01-16,42719028
JENNIE,2026-01-17,42684336
JENNIE,2026-01-18,42649650
JENNIE,2026-01-19,42614960
JENNIE,2026-01-20,42535316
JENNIE,2026-01-21,42520468
JENNIE,2026-01-22,42505616
JENNIE,2026-01-23,42490764
JENNIE,2026-01-24,42429772
JENNIE,2026-01-25,42319176
JENNIE,2026-01-26,42208584
JENNIE,2026-01-27,42097990
JENNIE,2026-01-28,41987396
JENNIE,2026-01-29,41876804
JENNIE,2026-01-30,41707140
JENNIE,2026-01-31,41537480
JENNIE,2026-02-01,41497190
JENNIE,2026-02-02,41456904
JENNIE,2026-02-03,41535304
JENNIE,2026-02-04,41508290
JENNIE,2026-02-05,41481268
JENNIE,2026-02-06,41455132
JENNIE,2026-02-07,41428996
JENNIE,2026-02-08,41800132
JENNIE,2026-02-09,42171268
JENNIE,2026-02-10,42239308
JENNIE,2026-02-11,42307344
JENNIE,2026-02-12,42495316
JENNIE,2026-02-13,42683290
JENNIE,2026-02-14,42906620
JENNIE,2026-02-15,43129956
JENNIE,2026-02-16,43353290
JENNIE,2026-02-17,43392976
JENNIE,2026-02-18,43432660
JENNIE,2026-02-19,43420040
JENNIE,2026-02-20,43407424
JENNIE,2026-02-21,43453336
JENNIE,2026-02-22,43499252
JENNIE,2026-02-23,43597630
JENNIE,2026-02-24,43713388
JENNIE,2026-02-25,43829144
JENNIE,2026-02-26,43936850
JENNIE,2026-02-27,44044550
JENNIE,2026-02-28,44152256
JENNIE,2026-03-01,44259964
JENNIE,2026-03-02,44372840
JENNIE,2026-03-03,44485720
JENNIE,2026-03-04,44556560
JENNIE,2026-03-05,44627400
JENNIE,2026-03-06,44797896
JENNIE,2026-03-07,44631370
JENNIE,2026-03-08,44464830
JENNIE,2026-03-09,44466664
JENNIE,2026-03-10,44468496
JENNIE,2026-03-11,44421076
JENNIE,2026-03-12,44373656
JENNIE,2026-03-13,44355464
JENNIE,2026-03-14,44337270
JENNIE,2026-03-15,44390450
JENNIE,2026-03-16,44443624
JENNIE,2026-03-17,44496800
JENNIE,2026-03-18,44669616
JENNIE,2026-03-19,44842428
JENNIE,2026-03-20,45046652
JENNIE,2026-03-21,45250870
JENNIE,2026-03-22,45314420
JENNIE,2026-03-23,45377970
JENNIE,2026-03-24,45441520
JENNIE,2026-03-25,45946164
JENNIE,2026-03-26,46450810
JENNIE,2026-03-27,46604264
JENNIE,2026-03-28,46757720
JENNIE,2026-03-29,47071190
JENNIE,2026-03-30,47335724
JENNIE,2026-03-31,47600256
JENNIE,2026-04-01,47726668
JENNIE,2026-04-02,47853084
JENNIE,2026-04-03,48249572
JENNIE,2026-04-04,49095710
JENNIE,2026-04-05,49254124
JENNIE,2026-04-06,49412540
JENNIE,2026-04-07,50036356
JENNIE,2026-04-08,50331228
JENNIE,2026-04-09,50536470
JENNIE,2026-04-10,50741716
JENNIE,2026-04-11,51066684
JENNIE,2026-04-12,51066684
Jung Kook,2024-04-13,27518216
Jung Kook,2024-04-14,27518216
Jung Kook,2024-04-15,27518216
Jung Kook,2024-04-16,27518216
Jung Kook,2024-04-17,27518216
Jung Kook,2024-04-18,27518216
Jung Kook,2024-04-19,26782118
Jung Kook,2024-04-20,26782118
Jung Kook,2024-04-21,26782118
Jung Kook,2024-04-22,26782118
Jung Kook,2024-04-23,26782118
Jung Kook,2024-04-24,26381372
Jung Kook,2024-04-25,26275404
Jung Kook,2024-04-26,26190992
Jung Kook,2024-04-27,26069984
Jung Kook,2024-04-28,25985976
Jung Kook,2024-04-29,25914704
Jung Kook,2024-04-30,25835990
Jung Kook,2024-05-01,25753722
Jung Kook,2024-05-02,25661554
Jung Kook,2024-05-03,25568866
Jung Kook,2024-05-04,25568866
Jung Kook,2024-05-05,25347632
Jung Kook,2024-05-06,25240548
Jung Kook,2024-05-07,25128184
Jung Kook,2024-05-08,24986460
Jung Kook,2024-05-09,24898270
Jung Kook,2024-05-10,24801920
Jung Kook,2024-05-11,24708524
Jung Kook,2024-05-12,24624988
Jung Kook,2024-05-13,24527470
Jung Kook,2024-05-14,24527470
Jung Kook,2024-05-15,24527470
Jung Kook,2024-05-16,24295940
Jung Kook,2024-05-17,24193000
Jung Kook,2024-05-18,24087840
Jung Kook,2024-05-19,23999154
Jung Kook,2024-05-20,23944010
Jung Kook,2024-05-21,23912304
Jung Kook,2024-05-22,23858748
Jung Kook,2024-05-23,23858748
Jung Kook,2024-05-24,23793564
Jung Kook,2024-05-25,23631984
Jung Kook,2024-05-26,23538948
Jung Kook,2024-05-27,23538948
Jung Kook,2024-05-28,23384974
Jung Kook,2024-05-29,23300028
Jung Kook,2024-05-30,23300028
Jung Kook,2024-05-31,23229880
Jung Kook,2024-06-01,23145456
Jung Kook,2024-06-02,22959352
Jung Kook,2024-06-03,22883060
Jung Kook,2024-06-04,22808358
Jung Kook,2024-06-05,22808358
Jung Kook,2024-06-06,22683818
Jung Kook,2024-06-07,22683818
Jung Kook,2024-06-08,22613778
Jung Kook,2024-06-09,22845956
Jung Kook,2024-06-10,22915086
Jung Kook,2024-06-11,23021296
Jung Kook,2024-06-12,23183442
Jung Kook,2024-06-13,23268004
Jung Kook,2024-06-14,23325232
Jung Kook,2024-06-15,23372694
Jung Kook,2024-06-16,23431104
Jung Kook,2024-06-17,23431104
Jung Kook,2024-06-18,23414516
Jung Kook,2024-06-19,23414516
Jung Kook,2024-06-20,23453632
Jung Kook,2024-06-21,23485676
Jung Kook,2024-06-22,23518028
Jung Kook,2024-06-23,23514246
Jung Kook,2024-06-24,23540440
Jung Kook,2024-06-25,23540440
Jung Kook,2024-06-26,23570958
Jung Kook,2024-06-27,23579044
Jung Kook,2024-06-28,23623532
Jung Kook,2024-06-29,23623532
Jung Kook,2024-06-30,23664000
Jung Kook,2024-07-01,23668676
Jung Kook,2024-07-02,23684104
Jung Kook,2024-07-03,23738888
Jung Kook,2024-07-04,23738888
Jung Kook,2024-07-05,23751480
Jung Kook,2024-07-06,23547736
Jung Kook,2024-07-07,23547736
Jung Kook,2024-07-08,23416100
Jung Kook,2024-07-09,23049376
Jung Kook,2024-07-10,23049376
Jung Kook,2024-07-11,22890556
Jung Kook,2024-07-12,22771032
Jung Kook,2024-07-13,22668960
Jung Kook,2024-07-14,22541964
Jung Kook,2024-07-15,22342288
Jung Kook,2024-07-16,22342288
Jung Kook,2024-07-17,22262186
Jung Kook,2024-07-18,22171764
Jung Kook,2024-07-19,22088606
Jung Kook,2024-07-20,21991480
Jung Kook,2024-07-21,21963020
Jung Kook,2024-07-22,21934558
Jung Kook,2024-07-23,21886244
Jung Kook,2024-07-24,21835040
Jung Kook,2024-07-25,21803156
Jung Kook,2024-07-26,21748432
Jung Kook,2024-07-27,21596088
Jung Kook,2024-07-28,21529558
Jung Kook,2024-07-29,21455832
Jung Kook,2024-07-30,21382108
Jung Kook,2024-07-31,21302312
Jung Kook,2024-08-01,21236952
Jung Kook,2024-08-02,21179284
Jung Kook,2024-08-03,21121616
Jung Kook,2024-08-04,21069180
Jung Kook,2024-08-05,21044840
Jung Kook,2024-08-06,21020502
Jung Kook,2024-08-07,20989018
Jung Kook,2024-08-08,20957534
Jung Kook,2024-08-09,20955512
Jung Kook,2024-08-10,20917212
Jung Kook,2024-08-11,20890904
Jung Kook,2024-08-12,20876372
Jung Kook,2024-08-13,20878738
Jung Kook,2024-08-14,20881104
Jung Kook,2024-08-15,20845540
Jung Kook,2024-08-16,20672926
Jung Kook,2024-08-17,20232458
Jung Kook,2024-08-18,19789180
Jung Kook,2024-08-19,19346804
Jung Kook,2024-08-20,20693418
Jung Kook,2024-08-21,20652704
Jung Kook,2024-08-22,20626400
Jung Kook,2024-08-23,20643458
Jung Kook,2024-08-24,20681784
Jung Kook,2024-08-25,20685148
Jung Kook,2024-08-26,20708252
Jung Kook,2024-08-27,20731356
Jung Kook,2024-08-28,20739690
Jung Kook,2024-08-29,20748024
Jung Kook,2024-08-30,20719708
Jung Kook,2024-08-31,20687568
Jung Kook,2024-09-01,20721496
Jung Kook,2024-09-02,20724596
Jung Kook,2024-09-03,20709900
Jung Kook,2024-09-04,20682338
Jung Kook,2024-09-05,20634468
Jung Kook,2024-09-06,20602236
Jung Kook,2024-09-07,20570004
Jung Kook,2024-09-08,20547162
Jung Kook,2024-09-09,20524318
Jung Kook,2024-09-10,20489084
Jung Kook,2024-09-11,20459652
Jung Kook,2024-09-12,20397294
Jung Kook,2024-09-13,20358364
Jung Kook,2024-09-14,20321820
Jung Kook,2024-09-15,20285276
Jung Kook,2024-09-16,20234682
Jung Kook,2024-09-17,20228200
Jung Kook,2024-09-18,20189828
Jung Kook,2024-09-19,20173572
Jung Kook,2024-09-20,20157316
Jung Kook,2024-09-21,20103100
Jung Kook,2024-09-22,20148614
Jung Kook,2024-09-23,20194130
Jung Kook,2024-09-24,20249964
Jung Kook,2024-09-25,20245836
Jung Kook,2024-09-26,20237746
Jung Kook,2024-09-27,20229654
Jung Kook,2024-09-28,20175890
Jung Kook,2024-09-29,20117452
Jung Kook,2024-09-30,20094296
Jung Kook,2024-10-01,20071142
Jung Kook,2024-10-02,20047984
Jung Kook,2024-10-03,20008480
Jung Kook,2024-10-04,19982788
Jung Kook,2024-10-05,19923746
Jung Kook,2024-10-06,19920390
Jung Kook,2024-10-07,19917036
Jung Kook,2024-10-08,19913680
Jung Kook,2024-10-09,19912036
Jung Kook,2024-10-10,19989112
Jung Kook,2024-10-11,19982698
Jung Kook,2024-10-12,19976284
Jung Kook,2024-10-13,19973022
Jung Kook,2024-10-14,19969758
Jung Kook,2024-10-15,19974740
Jung Kook,2024-10-16,19932384
Jung Kook,2024-10-17,19922552
Jung Kook,2024-10-18,19866184
Jung Kook,2024-10-19,19836098
Jung Kook,2024-10-20,19806016
Jung Kook,2024-10-21,19775932
Jung Kook,2024-10-22,19685988
Jung Kook,2024-10-23,19596044
Jung Kook,2024-10-24,19596340
Jung Kook,2024-10-25,19606900
Jung Kook,2024-10-26,19619662
Jung Kook,2024-10-27,19601740
Jung Kook,2024-10-28,19583820
Jung Kook,2024-10-29,19580376
Jung Kook,2024-10-30,19576664
Jung Kook,2024-10-31,19571150
Jung Kook,2024-11-01,19565636
Jung Kook,2024-11-02,19519842
Jung Kook,2024-11-03,19512664
Jung Kook,2024-11-04,19505484
Jung Kook,2024-11-05,19496516
Jung Kook,2024-11-06,19461914
Jung Kook,2024-11-07,19430276
Jung Kook,2024-11-08,19338350
Jung Kook,2024-11-09,19282872
Jung Kook,2024-11-10,19266146
Jung Kook,2024-11-11,19249418
Jung Kook,2024-11-12,19244656
Jung Kook,2024-11-13,19202780
Jung Kook,2024-11-14,19115658
Jung Kook,2024-11-15,19048582
Jung Kook,2024-11-16,18981508
Jung Kook,2024-11-17,18901776
Jung Kook,2024-11-18,18874010
Jung Kook,2024-11-19,18846244
Jung Kook,2024-11-20,18789968
Jung Kook,2024-11-21,18706532
Jung Kook,2024-11-22,18643492
Jung Kook,2024-11-23,18535160
Jung Kook,2024-11-24,18518350
Jung Kook,2024-11-25,18501536
Jung Kook,2024-11-26,18486468
Jung Kook,2024-11-27,18446112
Jung Kook,2024-11-28,18405758
Jung Kook,2024-11-29,18365402
Jung Kook,2024-11-30,18309372
Jung Kook,2024-12-01,18277366
Jung Kook,2024-12-02,18245358
Jung Kook,2024-12-03,18215160
Jung Kook,2024-12-04,18195924
Jung Kook,2024-12-05,18213454
Jung Kook,2024-12-06,18230984
Jung Kook,2024-12-07,18529668
Jung Kook,2024-12-08,18549894
Jung Kook,2024-12-09,18570124
Jung Kook,2024-12-10,18590352
Jung Kook,2024-12-11,18608760
Jung Kook,2024-12-12,18632152
Jung Kook,2024-12-13,18655544
Jung Kook,2024-12-14,18685052
Jung Kook,2024-12-15,18700312
Jung Kook,2024-12-16,18715576
Jung Kook,2024-12-17,18730836
Jung Kook,2024-12-18,18750968
Jung Kook,2024-12-19,18772984
Jung Kook,2024-12-20,18769928
Jung Kook,2024-12-21,18705906
Jung Kook,2024-12-22,18680462
Jung Kook,2024-12-23,18662594
Jung Kook,2024-12-24,18644724
Jung Kook,2024-12-25,18610756
Jung Kook,2024-12-26,18591756
Jung Kook,2024-12-27,18515504
Jung Kook,2024-12-28,18484168
Jung Kook,2024-12-29,18452830
Jung Kook,2024-12-30,18421492
Jung Kook,2024-12-31,18392636
Jung Kook,2025-01-01,18371408
Jung Kook,2025-01-02,18388628
Jung Kook,2025-01-03,18271730
Jung Kook,2025-01-04,18003400
Jung Kook,2025-01-05,17953638
Jung Kook,2025-01-06,17903878
Jung Kook,2025-01-07,17850356
Jung Kook,2025-01-08,17803600
Jung Kook,2025-01-09,17812664
Jung Kook,2025-01-10,17821728
Jung Kook,2025-01-11,17815192
Jung Kook,2025-01-12,17849970
Jung Kook,2025-01-13,17884748
Jung Kook,2025-01-14,17890760
Jung Kook,2025-01-15,17893452
Jung Kook,2025-01-16,17896146
Jung Kook,2025-01-17,17906080
Jung Kook,2025-01-18,17912074
Jung Kook,2025-01-19,17918066
Jung Kook,2025-01-20,17924060
Jung Kook,2025-01-21,17938804
Jung Kook,2025-01-22,17971820
Jung Kook,2025-01-23,18019264
Jung Kook,2025-01-24,18096670
Jung Kook,2025-01-25,18139000
Jung Kook,2025-01-26,18181330
Jung Kook,2025-01-27,18223660
Jung Kook,2025-01-28,18224004
Jung Kook,2025-01-29,18200838
Jung Kook,2025-01-30,18177672
Jung Kook,2025-01-31,18296204
Jung Kook,2025-02-01,18344458
Jung Kook,2025-02-02,18392708
Jung Kook,2025-02-03,18440962
Jung Kook,2025-02-04,18427572
Jung Kook,2025-02-05,18431592
Jung Kook,2025-02-06,18349980
Jung Kook,2025-02-07,18336316
Jung Kook,2025-02-08,18324872
Jung Kook,2025-02-09,18280300
Jung Kook,2025-02-10,18240062
Jung Kook,2025-02-11,18205044
Jung Kook,2025-02-12,18153038
Jung Kook,2025-02-13,18101034
Jung Kook,2025-02-14,18068830
Jung Kook,2025-02-15,18049776
Jung Kook,2025-02-16,18030720
Jung Kook,2025-02-17,18014324
Jung Kook,2025-02-18,18014326
Jung Kook,2025-02-19,17943824
Jung Kook,2025-02-20,17908574
Jung Kook,2025-02-21,17873324
Jung Kook,2025-02-22,17806714
Jung Kook,2025-02-23,17740106
Jung Kook,2025-02-24,17661564
Jung Kook,2025-02-25,17583024
Jung Kook,2025-02-26,17493760
Jung Kook,2025-02-27,17386520
Jung Kook,2025-02-28,17267476
Jung Kook,2025-03-01,17213200
Jung Kook,2025-03-02,17158924
Jung Kook,2025-03-03,17129372
Jung Kook,2025-03-04,17099820
Jung Kook,2025-03-05,16988992
Jung Kook,2025-03-06,16930470
Jung Kook,2025-03-07,16871948
Jung Kook,2025-03-08,16798144
Jung Kook,2025-03-09,16739753
Jung Kook,2025-03-10,16689729
Jung Kook,2025-03-11,16639705
Jung Kook,2025-03-12,16589680
Jung Kook,2025-03-13,16545513
Jung Kook,2025-03-14,16501346
Jung Kook,2025-03-15,16457180
Jung Kook,2025-03-16,16413013
Jung Kook,2025-03-17,16368846
Jung Kook,2025-03-18,16324679
Jung Kook,2025-03-19,16280513
Jung Kook,2025-03-20,16236346
Jung Kook,2025-03-21,16192179
Jung Kook,2025-03-22,16168176
Jung Kook,2025-03-23,16144173
Jung Kook,2025-03-24,16120170
Jung Kook,2025-03-25,16096167
Jung Kook,2025-03-26,16082228
Jung Kook,2025-03-27,16068288
Jung Kook,2025-03-28,16054350
Jung Kook,2025-03-29,16040410
Jung Kook,2025-03-30,16026471
Jung Kook,2025-03-31,16033171
Jung Kook,2025-04-01,16039870
Jung Kook,2025-04-02,16046569
Jung Kook,2025-04-03,16053270
Jung Kook,2025-04-04,16059969
Jung Kook,2025-04-05,16066668
Jung Kook,2025-04-06,16073368
Jung Kook,2025-04-07,16080067
Jung Kook,2025-04-08,16086767
Jung Kook,2025-04-09,16095798
Jung Kook,2025-04-10,16104829
Jung Kook,2025-04-11,16113860
Jung Kook,2025-04-12,16122891
Jung Kook,2025-04-13,16131922
Jung Kook,2025-04-14,16140953
Jung Kook,2025-04-15,16149984
Jung Kook,2025-04-16,16159015
Jung Kook,2025-04-17,16168046
Jung Kook,2025-04-18,16163716
Jung Kook,2025-04-19,16159386
Jung Kook,2025-04-20,16155056
Jung Kook,2025-04-21,16130568
Jung Kook,2025-04-22,16127425
Jung Kook,2025-04-23,16124282
Jung Kook,2025-04-24,16150345
Jung Kook,2025-04-25,16176408
Jung Kook,2025-04-26,16202472
Jung Kook,2025-04-27,16228535
Jung Kook,2025-04-28,16254598
Jung Kook,2025-04-29,16291961
Jung Kook,2025-04-30,16329325
Jung Kook,2025-05-01,16338515
Jung Kook,2025-05-02,16347705
Jung Kook,2025-05-03,16329920
Jung Kook,2025-05-04,16312135
Jung Kook,2025-05-05,16294349
Jung Kook,2025-05-06,16269137
Jung Kook,2025-05-07,16266892
Jung Kook,2025-05-08,16282781
Jung Kook,2025-05-09,16282482
Jung Kook,2025-05-10,16286470
Jung Kook,2025-05-11,16290457
Jung Kook,2025-05-12,16331708
Jung Kook,2025-05-13,16338900
Jung Kook,2025-05-14,16339301
Jung Kook,2025-05-15,16345041
Jung Kook,2025-05-16,16350782
Jung Kook,2025-05-17,16416143
Jung Kook,2025-05-18,16446281
Jung Kook,2025-05-19,16456226
Jung Kook,2025-05-20,16466171
Jung Kook,2025-05-21,16461279
Jung Kook,2025-05-22,16449499
Jung Kook,2025-05-23,16437721
Jung Kook,2025-05-24,16425941
Jung Kook,2025-05-25,16414161
Jung Kook,2025-05-26,16402383
Jung Kook,2025-05-27,16390603
Jung Kook,2025-05-28,16392616
Jung Kook,2025-05-29,16385427
Jung Kook,2025-05-30,16391488
Jung Kook,2025-05-31,16397548
Jung Kook,2025-06-01,16403608
Jung Kook,2025-06-02,16409669
Jung Kook,2025-06-03,16415730
Jung Kook,2025-06-04,16421790
Jung Kook,2025-06-05,16427850
Jung Kook,2025-06-06,16433911
Jung Kook,2025-06-07,16439972
Jung Kook,2025-06-08,16446032
Jung Kook,2025-06-09,16452092
Jung Kook,2025-06-10,16458153
Jung Kook,2025-06-11,16449513
Jung Kook,2025-06-12,16479196
Jung Kook,2025-06-13,16508879
Jung Kook,2025-06-14,16526226
Jung Kook,2025-06-15,16584889
Jung Kook,2025-06-16,16645942
Jung Kook,2025-06-17,16713960
Jung Kook,2025-06-18,16767251
Jung Kook,2025-06-19,16824774
Jung Kook,2025-06-20,16882294
Jung Kook,2025-06-21,16939816
Jung Kook,2025-06-22,16987968
Jung Kook,2025-06-23,17046224
Jung Kook,2025-06-24,17132904
Jung Kook,2025-06-25,17144518
Jung Kook,2025-06-26,17156132
Jung Kook,2025-06-27,17188972
Jung Kook,2025-06-28,17224780
Jung Kook,2025-06-29,17292836
Jung Kook,2025-06-30,17344436
Jung Kook,2025-07-01,17371204
Jung Kook,2025-07-02,17397972
Jung Kook,2025-07-03,17420728
Jung Kook,2025-07-04,17490086
Jung Kook,2025-07-05,17508336
Jung Kook,2025-07-06,17516910
Jung Kook,2025-07-07,17525488
Jung Kook,2025-07-08,17532486
Jung Kook,2025-07-09,17561356
Jung Kook,2025-07-10,17590228
Jung Kook,2025-07-11,17597878
Jung Kook,2025-07-12,17605528
Jung Kook,2025-07-13,17609464
Jung Kook,2025-07-14,17630124
Jung Kook,2025-07-15,17616028
Jung Kook,2025-07-16,17601936
Jung Kook,2025-07-17,17592138
Jung Kook,2025-07-18,17576484
Jung Kook,2025-07-19,17570804
Jung Kook,2025-07-20,17603532
Jung Kook,2025-07-21,17599504
Jung Kook,2025-07-22,17587716
Jung Kook,2025-07-23,17575928
Jung Kook,2025-07-24,17570338
Jung Kook,2025-07-25,17564748
Jung Kook,2025-07-26,17538888
Jung Kook,2025-07-27,17527346
Jung Kook,2025-07-28,17523362
Jung Kook,2025-07-29,17534082
Jung Kook,2025-07-30,17544802
Jung Kook,2025-07-31,17552556
Jung Kook,2025-08-01,17560308
Jung Kook,2025-08-02,17555396
Jung Kook,2025-08-03,17535780
Jung Kook,2025-08-04,17536482
Jung Kook,2025-08-05,17544712
Jung Kook,2025-08-06,17519642
Jung Kook,2025-08-07,17494572
Jung Kook,2025-08-08,17472002
Jung Kook,2025-08-09,17449434
Jung Kook,2025-08-10,17385726
Jung Kook,2025-08-11,17365430
Jung Kook,2025-08-12,17345132
Jung Kook,2025-08-13,17333952
Jung Kook,2025-08-14,17322772
Jung Kook,2025-08-15,17284794
Jung Kook,2025-08-16,17252148
Jung Kook,2025-08-17,17186342
Jung Kook,2025-08-18,17158204
Jung Kook,2025-08-19,17139980
Jung Kook,2025-08-20,17140322
Jung Kook,2025-08-21,17116770
Jung Kook,2025-08-22,17080880
Jung Kook,2025-08-23,17042528
Jung Kook,2025-08-24,17027666
Jung Kook,2025-08-25,17012804
Jung Kook,2025-08-26,16993400
Jung Kook,2025-08-27,16982744
Jung Kook,2025-08-28,16972088
Jung Kook,2025-08-29,16924668
Jung Kook,2025-08-30,16899594
Jung Kook,2025-08-31,16874522
Jung Kook,2025-09-01,16849448
Jung Kook,2025-09-02,16816470
Jung Kook,2025-09-03,16810250
Jung Kook,2025-09-04,16810034
Jung Kook,2025-09-05,16809816
Jung Kook,2025-09-06,16786720
Jung Kook,2025-09-07,16773035
Jung Kook,2025-09-08,16759351
Jung Kook,2025-09-09,16740837
Jung Kook,2025-09-10,16722323
Jung Kook,2025-09-11,16703808
Jung Kook,2025-09-12,16685294
Jung Kook,2025-09-13,16666780
Jung Kook,2025-09-14,16648265
Jung Kook,2025-09-15,16629752
Jung Kook,2025-09-16,16611237
Jung Kook,2025-09-17,16592723
Jung Kook,2025-09-18,16609860
Jung Kook,2025-09-19,16574092
Jung Kook,2025-09-20,16549508
Jung Kook,2025-09-21,16531236
Jung Kook,2025-09-22,16530077
Jung Kook,2025-09-23,16528918
Jung Kook,2025-09-24,16525958
Jung Kook,2025-09-25,16522998
Jung Kook,2025-09-26,16499093
Jung Kook,2025-09-27,16475187
Jung Kook,2025-09-28,16483948
Jung Kook,2025-09-29,16492709
Jung Kook,2025-09-30,16527731
Jung Kook,2025-10-01,16523489
Jung Kook,2025-10-02,16515427
Jung Kook,2025-10-03,16522114
Jung Kook,2025-10-04,16528802
Jung Kook,2025-10-05,16526849
Jung Kook,2025-10-06,16527497
Jung Kook,2025-10-07,16525853
Jung Kook,2025-10-08,16524210
Jung Kook,2025-10-09,16483835
Jung Kook,2025-10-10,16485736
Jung Kook,2025-10-11,16487637
Jung Kook,2025-10-12,16547671
Jung Kook,2025-10-13,16537561
Jung Kook,2025-10-14,16494666
Jung Kook,2025-10-15,16493769
Jung Kook,2025-10-16,16496686
Jung Kook,2025-10-17,16508007
Jung Kook,2025-10-18,16519327
Jung Kook,2025-10-19,16524482
Jung Kook,2025-10-20,16509533
Jung Kook,2025-10-21,16495365
Jung Kook,2025-10-22,16465659
Jung Kook,2025-10-23,16443954
Jung Kook,2025-10-24,16438689
Jung Kook,2025-10-25,16446081
Jung Kook,2025-10-26,16439825
Jung Kook,2025-10-27,16433569
Jung Kook,2025-10-28,16395394
Jung Kook,2025-10-29,16386114
Jung Kook,2025-10-30,16376834
Jung Kook,2025-10-31,16362274
Jung Kook,2025-11-01,16347714
Jung Kook,2025-11-02,16337915
Jung Kook,2025-11-03,16328117
Jung Kook,2025-11-04,16270234
Jung Kook,2025-11-05,16337186
Jung Kook,2025-11-06,16324654
Jung Kook,2025-11-07,16312121
Jung Kook,2025-11-08,16287984
Jung Kook,2025-11-09,16263848
Jung Kook,2025-11-10,16270462
Jung Kook,2025-11-11,16278399
Jung Kook,2025-11-12,16297712
Jung Kook,2025-11-13,16284806
Jung Kook,2025-11-14,16273428
Jung Kook,2025-11-15,16260912
Jung Kook,2025-11-16,16248397
Jung Kook,2025-11-17,16249610
Jung Kook,2025-11-18,16271385
Jung Kook,2025-11-19,16261419
Jung Kook,2025-11-20,16240605
Jung Kook,2025-11-21,16230778
Jung Kook,2025-11-22,16220950
Jung Kook,2025-11-23,16210495
Jung Kook,2025-11-24,16200040
Jung Kook,2025-11-25,16180186
Jung Kook,2025-11-26,16175634
Jung Kook,2025-11-27,16201834
Jung Kook,2025-11-28,16228034
Jung Kook,2025-11-29,16254234
Jung Kook,2025-11-30,16280434
Jung Kook,2025-12-01,16283467
Jung Kook,2025-12-02,16286500
Jung Kook,2025-12-03,16239242
Jung Kook,2025-12-04,16191983
Jung Kook,2025-12-05,16243111
Jung Kook,2025-12-06,16248944
Jung Kook,2025-12-07,16254778
Jung Kook,2025-12-08,16264505
Jung Kook,2025-12-09,16266682
Jung Kook,2025-12-10,16282310
Jung Kook,2025-12-11,16286124
Jung Kook,2025-12-12,16289937
Jung Kook,2025-12-13,16289611
Jung Kook,2025-12-14,16278869
Jung Kook,2025-12-15,16268128
Jung Kook,2025-12-16,16257386
Jung Kook,2025-12-17,16252230
Jung Kook,2025-12-18,16247074
Jung Kook,2025-12-19,16241917
Jung Kook,2025-12-20,16236761
Jung Kook,2025-12-21,16216028
Jung Kook,2025-12-22,16214258
Jung Kook,2025-12-23,16197886
Jung Kook,2025-12-24,16181514
Jung Kook,2025-12-25,16165142
Jung Kook,2025-12-26,16148770
Jung Kook,2025-12-27,16132398
Jung Kook,2025-12-28,16116026
Jung Kook,2025-12-29,16099653
Jung Kook,2025-12-30,16083281
Jung Kook,2025-12-31,16066909
Jung Kook,2026-01-01,16050537
Jung Kook,2026-01-02,16034165
Jung Kook,2026-01-03,16017793
Jung Kook,2026-01-04,16000282
Jung Kook,2026-01-05,15982771
Jung Kook,2026-01-06,15985934
Jung Kook,2026-01-07,16031164
Jung Kook,2026-01-08,16021155
Jung Kook,2026-01-09,16011146
Jung Kook,2026-01-10,16039875
Jung Kook,2026-01-11,16065876
Jung Kook,2026-01-12,16091876
Jung Kook,2026-01-13,16126200
Jung Kook,2026-01-14,16207848
Jung Kook,2026-01-15,16289497
Jung Kook,2026-01-16,16365110
Jung Kook,2026-01-17,16440722
Jung Kook,2026-01-18,16477327
Jung Kook,2026-01-19,16513932
Jung Kook,2026-01-20,16585426
Jung Kook,2026-01-21,16609502
Jung Kook,2026-01-22,16637764
Jung Kook,2026-01-23,16666026
Jung Kook,2026-01-24,16717546
Jung Kook,2026-01-25,16738717
Jung Kook,2026-01-26,16759888
Jung Kook,2026-01-27,16783376
Jung Kook,2026-01-28,16766852
Jung Kook,2026-01-29,16747372
Jung Kook,2026-01-30,16727891
Jung Kook,2026-01-31,16767067
Jung Kook,2026-02-01,16802396
Jung Kook,2026-02-02,16803328
Jung Kook,2026-02-03,16792268
Jung Kook,2026-02-04,16754565
Jung Kook,2026-02-05,16726539
Jung Kook,2026-02-06,16718989
Jung Kook,2026-02-07,16720504
Jung Kook,2026-02-08,16704347
Jung Kook,2026-02-09,16665435
Jung Kook,2026-02-10,16634952
Jung Kook,2026-02-11,16568054
Jung Kook,2026-02-12,16541918
Jung Kook,2026-02-13,16515782
Jung Kook,2026-02-14,16489029
Jung Kook,2026-02-15,16391376
Jung Kook,2026-02-16,16360876
Jung Kook,2026-02-17,16272881
Jung Kook,2026-02-18,16224446
Jung Kook,2026-02-19,16173036
Jung Kook,2026-02-20,16114577
Jung Kook,2026-02-21,16056118
Jung Kook,2026-02-22,15967500
Jung Kook,2026-02-23,15925682
Jung Kook,2026-02-24,15882878
Jung Kook,2026-02-25,15834541
Jung Kook,2026-02-26,15786204
Jung Kook,2026-02-27,15760824
Jung Kook,2026-02-28,15735444
Jung Kook,2026-03-01,15660573
Jung Kook,2026-03-02,15643132
Jung Kook,2026-03-03,15625690
Jung Kook,2026-03-04,15535661
Jung Kook,2026-03-05,15522086
Jung Kook,2026-03-06,15503930
Jung Kook,2026-03-07,15485775
Jung Kook,2026-03-08,15431974
Jung Kook,2026-03-09,15364469
Jung Kook,2026-03-10,15336908
Jung Kook,2026-03-11,15309346
Jung Kook,2026-03-12,15287914
Jung Kook,2026-03-13,15266481
Jung Kook,2026-03-14,15242169
Jung Kook,2026-03-15,15206960
Jung Kook,2026-03-16,15171750
Jung Kook,2026-03-17,15172521
Jung Kook,2026-03-18,15173292
Jung Kook,2026-03-19,15182741
Jung Kook,2026-03-20,15216099
Jung Kook,2026-03-21,15595094
Jung Kook,2026-03-22,15726513
Jung Kook,2026-03-23,15857931
Jung Kook,2026-03-24,15989350
Jung Kook,2026-03-25,16185911
Jung Kook,2026-03-26,16516658
Jung Kook,2026-03-27,16586634
Jung Kook,2026-03-28,16656609
Jung Kook,2026-03-29,16897956
Jung Kook,2026-03-30,16947830
Jung Kook,2026-03-31,16997704
Jung Kook,2026-04-01,17120098
Jung Kook,2026-04-02,17228930
Jung Kook,2026-04-03,17411176
Jung Kook,2026-04-04,17502264
Jung Kook,2026-04-05,17542178
Jung Kook,2026-04-06,17582092
Jung Kook,2026-04-07,17662800
Jung Kook,2026-04-08,17797732
Jung Kook,2026-04-09,17831676
Jung Kook,2026-04-10,17865620
Jung Kook,2026-04-11,17930284
Jung Kook,2026-04-12,18001892
KATSEYE,2024-06-29,42380
KATSEYE,2024-06-30,64161
KATSEYE,2024-07-01,64161
KATSEYE,2024-07-02,81316
KATSEYE,2024-07-03,97928
KATSEYE,2024-07-04,97928
KATSEYE,2024-07-05,136526
KATSEYE,2024-07-06,136526
KATSEYE,2024-07-07,167037
KATSEYE,2024-07-08,167037
KATSEYE,2024-07-09,191747
KATSEYE,2024-07-10,217237
KATSEYE,2024-07-11,217237
KATSEYE,2024-07-12,217237
KATSEYE,2024-07-13,241590
KATSEYE,2024-07-14,255967
KATSEYE,2024-07-15,255967
KATSEYE,2024-07-16,277606
KATSEYE,2024-07-17,293853
KATSEYE,2024-07-18,310166
KATSEYE,2024-07-19,322076
KATSEYE,2024-07-20,342991
KATSEYE,2024-07-21,348344
KATSEYE,2024-07-22,353696
KATSEYE,2024-07-23,364093
KATSEYE,2024-07-24,376395
KATSEYE,2024-07-25,387429
KATSEYE,2024-07-26,406207
KATSEYE,2024-07-27,459063
KATSEYE,2024-07-28,508945
KATSEYE,2024-07-29,562754
KATSEYE,2024-07-30,629828
KATSEYE,2024-07-31,704298
KATSEYE,2024-08-01,778767
KATSEYE,2024-08-02,861581
KATSEYE,2024-08-03,944394
KATSEYE,2024-08-04,1033794
KATSEYE,2024-08-05,1118324
KATSEYE,2024-08-06,1202853
KATSEYE,2024-08-07,1249561
KATSEYE,2024-08-08,1296269
KATSEYE,2024-08-09,1729182
KATSEYE,2024-08-10,1872103
KATSEYE,2024-08-11,2015024
KATSEYE,2024-08-12,2163676
KATSEYE,2024-08-13,2312328
KATSEYE,2024-08-14,2476284
KATSEYE,2024-08-15,2640239
KATSEYE,2024-08-16,2664632
KATSEYE,2024-08-17,2657988
KATSEYE,2024-08-18,2651649
KATSEYE,2024-08-19,3037630
KATSEYE,2024-08-20,3423611
KATSEYE,2024-08-21,3580200
KATSEYE,2024-08-22,3663081
KATSEYE,2024-08-23,3745961
KATSEYE,2024-08-24,4230992
KATSEYE,2024-08-25,4450306
KATSEYE,2024-08-26,4665467
KATSEYE,2024-08-27,4896054
KATSEYE,2024-08-28,5120749
KATSEYE,2024-08-29,5316644
KATSEYE,2024-08-30,5529905
KATSEYE,2024-08-31,5743166
KATSEYE,2024-09-01,5993287
KATSEYE,2024-09-02,6202880
KATSEYE,2024-09-03,6423067
KATSEYE,2024-09-04,6636342
KATSEYE,2024-09-05,6698272
KATSEYE,2024-09-06,6760202
KATSEYE,2024-09-07,7153544
KATSEYE,2024-09-08,7403792
KATSEYE,2024-09-09,7609438
KATSEYE,2024-09-10,7819628
KATSEYE,2024-09-11,8029818
KATSEYE,2024-09-12,8208148
KATSEYE,2024-09-13,8399008
KATSEYE,2024-09-14,8537501
KATSEYE,2024-09-15,8705730
KATSEYE,2024-09-16,8780556
KATSEYE,2024-09-17,8855381
KATSEYE,2024-09-18,9153804
KATSEYE,2024-09-19,9297440
KATSEYE,2024-09-20,9413400
KATSEYE,2024-09-21,9529361
KATSEYE,2024-09-22,9689139
KATSEYE,2024-09-23,9835273
KATSEYE,2024-09-24,9894675
KATSEYE,2024-09-25,9954077
KATSEYE,2024-09-26,10189266
KATSEYE,2024-09-27,10297600
KATSEYE,2024-09-28,10405935
KATSEYE,2024-09-29,10508859
KATSEYE,2024-09-30,10587273
KATSEYE,2024-10-01,10665685
KATSEYE,2024-10-02,10744099
KATSEYE,2024-10-03,10823902
KATSEYE,2024-10-04,10979081
KATSEYE,2024-10-05,11027956
KATSEYE,2024-10-06,11053518
KATSEYE,2024-10-07,11079080
KATSEYE,2024-10-08,11151108
KATSEYE,2024-10-09,11226763
KATSEYE,2024-10-10,11295134
KATSEYE,2024-10-11,11399205
KATSEYE,2024-10-12,11503276
KATSEYE,2024-10-13,11613735
KATSEYE,2024-10-14,11724195
KATSEYE,2024-10-15,11807181
KATSEYE,2024-10-16,11890166
KATSEYE,2024-10-17,11964964
KATSEYE,2024-10-18,12038141
KATSEYE,2024-10-19,12111318
KATSEYE,2024-10-20,12236002
KATSEYE,2024-10-21,12360687
KATSEYE,2024-10-22,12537874
KATSEYE,2024-10-23,12715061
KATSEYE,2024-10-24,12829341
KATSEYE,2024-10-25,12952757
KATSEYE,2024-10-26,13076173
KATSEYE,2024-10-27,13139889
KATSEYE,2024-10-28,13203605
KATSEYE,2024-10-29,13305449
KATSEYE,2024-10-30,13530769
KATSEYE,2024-10-31,13567370
KATSEYE,2024-11-01,13603971
KATSEYE,2024-11-02,13717295
KATSEYE,2024-11-03,13770636
KATSEYE,2024-11-04,13826172
KATSEYE,2024-11-05,13896538
KATSEYE,2024-11-06,13966903
KATSEYE,2024-11-07,13984135
KATSEYE,2024-11-08,14002293
KATSEYE,2024-11-09,14020450
KATSEYE,2024-11-10,14024594
KATSEYE,2024-11-11,14028737
KATSEYE,2024-11-12,14031961
KATSEYE,2024-11-13,14009498
KATSEYE,2024-11-14,13987035
KATSEYE,2024-11-15,13974744
KATSEYE,2024-11-16,13962453
KATSEYE,2024-11-17,13917692
KATSEYE,2024-11-18,13809127
KATSEYE,2024-11-19,13700563
KATSEYE,2024-11-20,13582040
KATSEYE,2024-11-21,13534152
KATSEYE,2024-11-22,13486264
KATSEYE,2024-11-23,13303078
KATSEYE,2024-11-24,13260998
KATSEYE,2024-11-25,13218917
KATSEYE,2024-11-26,13146814
KATSEYE,2024-11-27,13061889
KATSEYE,2024-11-28,12900511
KATSEYE,2024-11-29,12837406
KATSEYE,2024-11-30,12774300
KATSEYE,2024-12-01,12709133
KATSEYE,2024-12-02,12643967
KATSEYE,2024-12-03,12577672
KATSEYE,2024-12-04,12511378
KATSEYE,2024-12-05,12462590
KATSEYE,2024-12-06,12450330
KATSEYE,2024-12-07,12438071
KATSEYE,2024-12-08,12396516
KATSEYE,2024-12-09,12363910
KATSEYE,2024-12-10,12331303
KATSEYE,2024-12-11,12313266
KATSEYE,2024-12-12,12295229
KATSEYE,2024-12-13,12272740
KATSEYE,2024-12-14,12194809
KATSEYE,2024-12-15,12178100
KATSEYE,2024-12-16,12161391
KATSEYE,2024-12-17,12144682
KATSEYE,2024-12-18,12081793
KATSEYE,2024-12-19,12071644
KATSEYE,2024-12-20,12061496
KATSEYE,2024-12-21,11999893
KATSEYE,2024-12-22,11984305
KATSEYE,2024-12-23,11966509
KATSEYE,2024-12-24,11948713
KATSEYE,2024-12-25,11932553
KATSEYE,2024-12-26,11915210
KATSEYE,2024-12-27,11897868
KATSEYE,2024-12-28,11885566
KATSEYE,2024-12-29,11873264
KATSEYE,2024-12-30,11860962
KATSEYE,2024-12-31,11845630
KATSEYE,2025-01-01,11894094
KATSEYE,2025-01-02,11842846
KATSEYE,2025-01-03,11816824
KATSEYE,2025-01-04,11790803
KATSEYE,2025-01-05,11750437
KATSEYE,2025-01-06,11710071
KATSEYE,2025-01-07,11614201
KATSEYE,2025-01-08,11602196
KATSEYE,2025-01-09,11590191
KATSEYE,2025-01-10,11537563
KATSEYE,2025-01-11,11441276
KATSEYE,2025-01-12,11381082
KATSEYE,2025-01-13,11321631
KATSEYE,2025-01-14,11302184
KATSEYE,2025-01-15,11282738
KATSEYE,2025-01-16,11169639
KATSEYE,2025-01-17,11091427
KATSEYE,2025-01-18,11013214
KATSEYE,2025-01-19,10935001
KATSEYE,2025-01-20,10856789
KATSEYE,2025-01-21,10772901
KATSEYE,2025-01-22,10680316
KATSEYE,2025-01-23,10657591
KATSEYE,2025-01-24,10634866
KATSEYE,2025-01-25,10558378
KATSEYE,2025-01-26,10481890
KATSEYE,2025-01-27,10405402
KATSEYE,2025-01-28,10206443
KATSEYE,2025-01-29,10127919
KATSEYE,2025-01-30,10049395
KATSEYE,2025-01-31,9913840
KATSEYE,2025-02-01,9832609
KATSEYE,2025-02-02,9751378
KATSEYE,2025-02-03,9670147
KATSEYE,2025-02-04,9624125
KATSEYE,2025-02-05,9578104
KATSEYE,2025-02-06,9426217
KATSEYE,2025-02-07,9357087
KATSEYE,2025-02-08,9292170
KATSEYE,2025-02-09,9212148
KATSEYE,2025-02-10,9144069
KATSEYE,2025-02-11,9070475
KATSEYE,2025-02-12,8990922
KATSEYE,2025-02-13,8908331
KATSEYE,2025-02-14,8814190
KATSEYE,2025-02-15,8770546
KATSEYE,2025-02-16,8726901
KATSEYE,2025-02-17,8687482
KATSEYE,2025-02-18,8631399
KATSEYE,2025-02-19,8575317
KATSEYE,2025-02-20,8527559
KATSEYE,2025-02-21,8463485
KATSEYE,2025-02-22,8399162
KATSEYE,2025-02-23,8327762
KATSEYE,2025-02-24,8241003
KATSEYE,2025-02-25,8167721
KATSEYE,2025-02-26,8091052
KATSEYE,2025-02-27,8012348
KATSEYE,2025-02-28,7943684
KATSEYE,2025-03-01,7894647
KATSEYE,2025-03-02,7841701
KATSEYE,2025-03-03,7783029
KATSEYE,2025-03-04,7718720
KATSEYE,2025-03-05,7651197
KATSEYE,2025-03-06,7581566
KATSEYE,2025-03-07,7511936
KATSEYE,2025-03-08,7446980
KATSEYE,2025-03-09,7394739
KATSEYE,2025-03-10,7338863
KATSEYE,2025-03-11,7282986
KATSEYE,2025-03-12,7227109
KATSEYE,2025-03-13,7188298
KATSEYE,2025-03-14,7146937
KATSEYE,2025-03-15,7104929
KATSEYE,2025-03-16,7062920
KATSEYE,2025-03-17,7020912
KATSEYE,2025-03-18,6978903
KATSEYE,2025-03-19,6936895
KATSEYE,2025-03-20,6894886
KATSEYE,2025-03-21,6852877
KATSEYE,2025-03-22,6812268
KATSEYE,2025-03-23,6770116
KATSEYE,2025-03-24,6727964
KATSEYE,2025-03-25,6689362
KATSEYE,2025-03-26,6650391
KATSEYE,2025-03-27,6611501
KATSEYE,2025-03-28,6572611
KATSEYE,2025-03-29,6518846
KATSEYE,2025-03-30,6466150
KATSEYE,2025-03-31,6432235
KATSEYE,2025-04-01,6399833
KATSEYE,2025-04-02,6362127
KATSEYE,2025-04-03,6335183
KATSEYE,2025-04-04,6308239
KATSEYE,2025-04-05,6281295
KATSEYE,2025-04-06,6255764
KATSEYE,2025-04-07,6230233
KATSEYE,2025-04-08,6204702
KATSEYE,2025-04-09,6177376
KATSEYE,2025-04-10,6154355
KATSEYE,2025-04-11,6131333
KATSEYE,2025-04-12,6108312
KATSEYE,2025-04-13,6088786
KATSEYE,2025-04-14,6069260
KATSEYE,2025-04-15,6031982
KATSEYE,2025-04-16,6018368
KATSEYE,2025-04-17,6004754
KATSEYE,2025-04-18,5954138
KATSEYE,2025-04-19,5940352
KATSEYE,2025-04-20,5926565
KATSEYE,2025-04-21,5933260
KATSEYE,2025-04-22,5939955
KATSEYE,2025-04-23,5935077
KATSEYE,2025-04-24,5936976
KATSEYE,2025-04-25,5916794
KATSEYE,2025-04-26,5912584
KATSEYE,2025-04-27,5899127
KATSEYE,2025-04-28,5898563
KATSEYE,2025-04-29,5897999
KATSEYE,2025-04-30,5882125
KATSEYE,2025-05-01,6022110
KATSEYE,2025-05-02,6177881
KATSEYE,2025-05-03,6429745
KATSEYE,2025-05-04,6681608
KATSEYE,2025-05-05,6878462
KATSEYE,2025-05-06,7107594
KATSEYE,2025-05-07,7437247
KATSEYE,2025-05-08,7790920
KATSEYE,2025-05-09,8088033
KATSEYE,2025-05-10,8397267
KATSEYE,2025-05-11,8706500
KATSEYE,2025-05-12,8967289
KATSEYE,2025-05-13,9219910
KATSEYE,2025-05-14,9490968
KATSEYE,2025-05-15,9735186
KATSEYE,2025-05-16,9979405
KATSEYE,2025-05-17,10243181
KATSEYE,2025-05-18,10492288
KATSEYE,2025-05-19,10718877
KATSEYE,2025-05-20,10960531
KATSEYE,2025-05-21,11188743
KATSEYE,2025-05-22,11421183
KATSEYE,2025-05-23,11679478
KATSEYE,2025-05-24,11937774
KATSEYE,2025-05-25,12196068
KATSEYE,2025-05-26,12461002
KATSEYE,2025-05-27,12576543
KATSEYE,2025-05-28,12692084
KATSEYE,2025-05-29,12950012
KATSEYE,2025-05-30,13153708
KATSEYE,2025-05-31,13333377
KATSEYE,2025-06-01,13513046
KATSEYE,2025-06-02,13638000
KATSEYE,2025-06-03,13762953
KATSEYE,2025-06-04,13822952
KATSEYE,2025-06-05,13897400
KATSEYE,2025-06-06,13971848
KATSEYE,2025-06-07,14046296
KATSEYE,2025-06-08,14133842
KATSEYE,2025-06-09,14198340
KATSEYE,2025-06-10,14262838
KATSEYE,2025-06-11,14443730
KATSEYE,2025-06-12,14514486
KATSEYE,2025-06-13,14591705
KATSEYE,2025-06-14,14668923
KATSEYE,2025-06-15,14746141
KATSEYE,2025-06-16,14800034
KATSEYE,2025-06-17,14853926
KATSEYE,2025-06-18,14875004
KATSEYE,2025-06-19,14896241
KATSEYE,2025-06-20,14954943
KATSEYE,2025-06-21,15155473
KATSEYE,2025-06-22,15356002
KATSEYE,2025-06-23,15573255
KATSEYE,2025-06-24,15901472
KATSEYE,2025-06-25,16159192
KATSEYE,2025-06-26,16512829
KATSEYE,2025-06-27,17052334
KATSEYE,2025-06-28,17591840
KATSEYE,2025-06-29,18099638
KATSEYE,2025-06-30,18607438
KATSEYE,2025-07-01,19043328
KATSEYE,2025-07-02,19445442
KATSEYE,2025-07-03,19858432
KATSEYE,2025-07-04,20266032
KATSEYE,2025-07-05,20615174
KATSEYE,2025-07-06,20964318
KATSEYE,2025-07-07,21233354
KATSEYE,2025-07-08,21500990
KATSEYE,2025-07-09,21803508
KATSEYE,2025-07-10,22106024
KATSEYE,2025-07-11,22231478
KATSEYE,2025-07-12,22356932
KATSEYE,2025-07-13,22946068
KATSEYE,2025-07-14,23220066
KATSEYE,2025-07-15,23498948
KATSEYE,2025-07-16,23777830
KATSEYE,2025-07-17,24073044
KATSEYE,2025-07-18,24316372
KATSEYE,2025-07-19,24521090
KATSEYE,2025-07-20,24725808
KATSEYE,2025-07-21,24866780
KATSEYE,2025-07-22,24987476
KATSEYE,2025-07-23,25108168
KATSEYE,2025-07-24,25162912
KATSEYE,2025-07-25,25198692
KATSEYE,2025-07-26,25015284
KATSEYE,2025-07-27,24939984
KATSEYE,2025-07-28,24844892
KATSEYE,2025-07-29,24783036
KATSEYE,2025-07-30,24758596
KATSEYE,2025-07-31,24731414
KATSEYE,2025-08-01,24704230
KATSEYE,2025-08-02,24572900
KATSEYE,2025-08-03,24561740
KATSEYE,2025-08-04,24547020
KATSEYE,2025-08-05,24536186
KATSEYE,2025-08-06,24531688
KATSEYE,2025-08-07,24509496
KATSEYE,2025-08-08,24538434
KATSEYE,2025-08-09,24567372
KATSEYE,2025-08-10,24826174
KATSEYE,2025-08-11,24948974
KATSEYE,2025-08-12,25009932
KATSEYE,2025-08-13,25072932
KATSEYE,2025-08-14,25141528
KATSEYE,2025-08-15,25198742
KATSEYE,2025-08-16,25289010
KATSEYE,2025-08-17,25379280
KATSEYE,2025-08-18,25479918
KATSEYE,2025-08-19,25535320
KATSEYE,2025-08-20,25625252
KATSEYE,2025-08-21,25684204
KATSEYE,2025-08-22,25743158
KATSEYE,2025-08-23,25893672
KATSEYE,2025-08-24,26014680
KATSEYE,2025-08-25,26466220
KATSEYE,2025-08-26,26708448
KATSEYE,2025-08-27,26888348
KATSEYE,2025-08-28,27061114
KATSEYE,2025-08-29,27266852
KATSEYE,2025-08-30,27451120
KATSEYE,2025-08-31,27635388
KATSEYE,2025-09-01,27819656
KATSEYE,2025-09-02,27888502
KATSEYE,2025-09-03,27957348
KATSEYE,2025-09-04,28287416
KATSEYE,2025-09-05,28341648
KATSEYE,2025-09-06,28395880
KATSEYE,2025-09-07,28611044
KATSEYE,2025-09-08,28826208
KATSEYE,2025-09-09,28982716
KATSEYE,2025-09-10,29139224
KATSEYE,2025-09-11,29295732
KATSEYE,2025-09-12,29452244
KATSEYE,2025-09-13,29608752
KATSEYE,2025-09-14,29765260
KATSEYE,2025-09-15,29921768
KATSEYE,2025-09-16,30078278
KATSEYE,2025-09-17,30301830
KATSEYE,2025-09-18,30475986
KATSEYE,2025-09-19,30537514
KATSEYE,2025-09-20,30599040
KATSEYE,2025-09-21,30909444
KATSEYE,2025-09-22,30973110
KATSEYE,2025-09-23,31036776
KATSEYE,2025-09-24,31185832
KATSEYE,2025-09-25,31276436
KATSEYE,2025-09-26,31335772
KATSEYE,2025-09-27,31395108
KATSEYE,2025-09-28,31572306
KATSEYE,2025-09-29,31719380
KATSEYE,2025-09-30,32033988
KATSEYE,2025-10-01,32093242
KATSEYE,2025-10-02,32179776
KATSEYE,2025-10-03,32306624
KATSEYE,2025-10-04,32433474
KATSEYE,2025-10-05,32543316
KATSEYE,2025-10-06,32652250
KATSEYE,2025-10-07,32727148
KATSEYE,2025-10-08,32802044
KATSEYE,2025-10-09,32846134
KATSEYE,2025-10-10,32890224
KATSEYE,2025-10-11,32934312
KATSEYE,2025-10-12,33090372
KATSEYE,2025-10-13,33085400
KATSEYE,2025-10-14,33118360
KATSEYE,2025-10-15,33094482
KATSEYE,2025-10-16,33070606
KATSEYE,2025-10-17,33053604
KATSEYE,2025-10-18,33036602
KATSEYE,2025-10-19,33092036
KATSEYE,2025-10-20,33084176
KATSEYE,2025-10-21,33045108
KATSEYE,2025-10-22,33031044
KATSEYE,2025-10-23,33037724
KATSEYE,2025-10-24,33015210
KATSEYE,2025-10-25,32992696
KATSEYE,2025-10-26,33043136
KATSEYE,2025-10-27,33059264
KATSEYE,2025-10-28,33054852
KATSEYE,2025-10-29,33075442
KATSEYE,2025-10-30,33096032
KATSEYE,2025-10-31,33116620
KATSEYE,2025-11-01,33275488
KATSEYE,2025-11-02,33288982
KATSEYE,2025-11-03,33302478
KATSEYE,2025-11-04,33315974
KATSEYE,2025-11-05,33329468
KATSEYE,2025-11-06,33342966
KATSEYE,2025-11-07,33356460
KATSEYE,2025-11-08,33284804
KATSEYE,2025-11-09,33308232
KATSEYE,2025-11-10,33331662
KATSEYE,2025-11-11,33355090
KATSEYE,2025-11-12,33378520
KATSEYE,2025-11-13,33469954
KATSEYE,2025-11-14,33524368
KATSEYE,2025-11-15,33578780
KATSEYE,2025-11-16,33633190
KATSEYE,2025-11-17,33669656
KATSEYE,2025-11-18,33728892
KATSEYE,2025-11-19,33788130
KATSEYE,2025-11-20,33847370
KATSEYE,2025-11-21,33860424
KATSEYE,2025-11-22,33873480
KATSEYE,2025-11-23,33827308
KATSEYE,2025-11-24,33802044
KATSEYE,2025-11-25,33786010
KATSEYE,2025-11-26,33769970
KATSEYE,2025-11-27,33753930
KATSEYE,2025-11-28,33737892
KATSEYE,2025-11-29,33721852
KATSEYE,2025-11-30,33705812
KATSEYE,2025-12-01,33657310
KATSEYE,2025-12-02,33608810
KATSEYE,2025-12-03,33549012
KATSEYE,2025-12-04,33469736
KATSEYE,2025-12-05,33474802
KATSEYE,2025-12-06,33479996
KATSEYE,2025-12-07,33485190
KATSEYE,2025-12-08,33517282
KATSEYE,2025-12-09,33519820
KATSEYE,2025-12-10,33471678
KATSEYE,2025-12-11,33423536
KATSEYE,2025-12-12,33401040
KATSEYE,2025-12-13,33350216
KATSEYE,2025-12-14,33299392
KATSEYE,2025-12-15,33213976
KATSEYE,2025-12-16,33064910
KATSEYE,2025-12-17,33014404
KATSEYE,2025-12-18,32963900
KATSEYE,2025-12-19,32876020
KATSEYE,2025-12-20,32821610
KATSEYE,2025-12-21,32796756
KATSEYE,2025-12-22,32764576
KATSEYE,2025-12-23,32761614
KATSEYE,2025-12-24,32758652
KATSEYE,2025-12-25,32755692
KATSEYE,2025-12-26,32752732
KATSEYE,2025-12-27,32749770
KATSEYE,2025-12-28,32746808
KATSEYE,2025-12-29,32743848
KATSEYE,2025-12-30,32740888
KATSEYE,2025-12-31,32737926
KATSEYE,2026-01-01,33380028
KATSEYE,2026-01-02,33531608
KATSEYE,2026-01-03,33780680
KATSEYE,2026-01-04,34029748
KATSEYE,2026-01-05,34278816
KATSEYE,2026-01-06,34353990
KATSEYE,2026-01-07,34429170
KATSEYE,2026-01-08,34608440
KATSEYE,2026-01-09,34906830
KATSEYE,2026-01-10,35226750
KATSEYE,2026-01-11,35755740
KATSEYE,2026-01-12,35996850
KATSEYE,2026-01-13,36237960
KATSEYE,2026-01-14,36426444
KATSEYE,2026-01-15,36587970
KATSEYE,2026-01-16,36637212
KATSEYE,2026-01-17,36686456
KATSEYE,2026-01-18,36937052
KATSEYE,2026-01-19,37033196
KATSEYE,2026-01-20,37129344
KATSEYE,2026-01-21,37168310
KATSEYE,2026-01-22,37207280
KATSEYE,2026-01-23,37245130
KATSEYE,2026-01-24,37256972
KATSEYE,2026-01-25,37268820
KATSEYE,2026-01-26,37409056
KATSEYE,2026-01-27,37353524
KATSEYE,2026-01-28,37235268
KATSEYE,2026-01-29,36964404
KATSEYE,2026-01-30,36693536
KATSEYE,2026-01-31,36450540
KATSEYE,2026-02-01,36207548
KATSEYE,2026-02-02,36145880
KATSEYE,2026-02-03,36084216
KATSEYE,2026-02-04,36030624
KATSEYE,2026-02-05,35938510
KATSEYE,2026-02-06,35846400
KATSEYE,2026-02-07,35691776
KATSEYE,2026-02-08,35424144
KATSEYE,2026-02-09,35369184
KATSEYE,2026-02-10,35314230
KATSEYE,2026-02-11,35126580
KATSEYE,2026-02-12,35052852
KATSEYE,2026-02-13,34979120
KATSEYE,2026-02-14,34856984
KATSEYE,2026-02-15,34839748
KATSEYE,2026-02-16,34679610
KATSEYE,2026-02-17,34576400
KATSEYE,2026-02-18,34531060
KATSEYE,2026-02-19,34347410
KATSEYE,2026-02-20,34277644
KATSEYE,2026-02-21,34207880
KATSEYE,2026-02-22,34102396
KATSEYE,2026-02-23,34007690
KATSEYE,2026-02-24,34028560
KATSEYE,2026-02-25,34049430
KATSEYE,2026-02-26,33964040
KATSEYE,2026-02-27,33832756
KATSEYE,2026-02-28,33663140
KATSEYE,2026-03-01,33591276
KATSEYE,2026-03-02,33538624
KATSEYE,2026-03-03,33353388
KATSEYE,2026-03-04,33095420
KATSEYE,2026-03-05,32919422
KATSEYE,2026-03-06,32745980
KATSEYE,2026-03-07,32508324
KATSEYE,2026-03-08,32255108
KATSEYE,2026-03-09,31891852
KATSEYE,2026-03-10,31776700
KATSEYE,2026-03-11,31661548
KATSEYE,2026-03-12,31502892
KATSEYE,2026-03-13,31344236
KATSEYE,2026-03-14,31185580
KATSEYE,2026-03-15,31026924
KATSEYE,2026-03-16,30868266
KATSEYE,2026-03-17,30709610
KATSEYE,2026-03-18,30550954
KATSEYE,2026-03-19,30392298
KATSEYE,2026-03-20,30233640
KATSEYE,2026-03-21,30074984
KATSEYE,2026-03-22,29916328
KATSEYE,2026-03-23,29757672
KATSEYE,2026-03-24,29599016
KATSEYE,2026-03-25,29468038
KATSEYE,2026-03-26,29511110
KATSEYE,2026-03-27,29494014
KATSEYE,2026-03-28,29487720
KATSEYE,2026-03-29,29367230
KATSEYE,2026-03-30,29360100
KATSEYE,2026-03-31,29446544
KATSEYE,2026-04-01,29270728
KATSEYE,2026-04-02,29209728
KATSEYE,2026-04-03,29148726
KATSEYE,2026-04-04,29374432
KATSEYE,2026-04-05,29420058
KATSEYE,2026-04-06,29385318
KATSEYE,2026-04-07,29350578
KATSEYE,2026-04-08,29353220
KATSEYE,2026-04-09,29446936
KATSEYE,2026-04-10,29520276
KATSEYE,2026-04-11,29593616
KATSEYE,2026-04-12,30126528
LE SSERAFIM,2024-04-13,15979485
LE SSERAFIM,2024-04-14,15979485
LE SSERAFIM,2024-04-15,15979485
LE SSERAFIM,2024-04-16,15979485
LE SSERAFIM,2024-04-17,15972032
LE SSERAFIM,2024-04-18,15972032
LE SSERAFIM,2024-04-19,16014857
LE SSERAFIM,2024-04-20,16014857
LE SSERAFIM,2024-04-21,16014857
LE SSERAFIM,2024-04-22,16014857
LE SSERAFIM,2024-04-23,16014857
LE SSERAFIM,2024-04-24,15964937
LE SSERAFIM,2024-04-25,15916324
LE SSERAFIM,2024-04-26,15883048
LE SSERAFIM,2024-04-27,15876197
LE SSERAFIM,2024-04-28,15861147
LE SSERAFIM,2024-04-29,15846519
LE SSERAFIM,2024-04-30,15825166
LE SSERAFIM,2024-05-01,15786584
LE SSERAFIM,2024-05-02,15773042
LE SSERAFIM,2024-05-03,15744624
LE SSERAFIM,2024-05-04,15744624
LE SSERAFIM,2024-05-05,15694191
LE SSERAFIM,2024-05-06,15674312
LE SSERAFIM,2024-05-07,15647667
LE SSERAFIM,2024-05-08,15613885
LE SSERAFIM,2024-05-09,15578292
LE SSERAFIM,2024-05-10,15535766
LE SSERAFIM,2024-05-11,15487156
LE SSERAFIM,2024-05-12,15442029
LE SSERAFIM,2024-05-13,15391501
LE SSERAFIM,2024-05-14,15391501
LE SSERAFIM,2024-05-15,15391501
LE SSERAFIM,2024-05-16,15213613
LE SSERAFIM,2024-05-17,15146188
LE SSERAFIM,2024-05-18,15077702
LE SSERAFIM,2024-05-19,15000860
LE SSERAFIM,2024-05-20,14940982
LE SSERAFIM,2024-05-21,14903291
LE SSERAFIM,2024-05-22,14840665
LE SSERAFIM,2024-05-23,14840665
LE SSERAFIM,2024-05-24,14781889
LE SSERAFIM,2024-05-25,14710677
LE SSERAFIM,2024-05-26,14641409
LE SSERAFIM,2024-05-27,14496622
LE SSERAFIM,2024-05-28,14424626
LE SSERAFIM,2024-05-29,14354395
LE SSERAFIM,2024-05-30,14354395
LE SSERAFIM,2024-05-31,14257003
LE SSERAFIM,2024-06-01,14165396
LE SSERAFIM,2024-06-02,13986607
LE SSERAFIM,2024-06-03,13986607
LE SSERAFIM,2024-06-04,13795470
LE SSERAFIM,2024-06-05,13795470
LE SSERAFIM,2024-06-06,13710877
LE SSERAFIM,2024-06-07,13636490
LE SSERAFIM,2024-06-08,13564437
LE SSERAFIM,2024-06-09,13411804
LE SSERAFIM,2024-06-10,13411804
LE SSERAFIM,2024-06-11,13332278
LE SSERAFIM,2024-06-12,13261753
LE SSERAFIM,2024-06-13,13102744
LE SSERAFIM,2024-06-14,13102744
LE SSERAFIM,2024-06-15,13026756
LE SSERAFIM,2024-06-16,12900279
LE SSERAFIM,2024-06-17,12816751
LE SSERAFIM,2024-06-18,12749783
LE SSERAFIM,2024-06-19,12749783
LE SSERAFIM,2024-06-20,12700464
LE SSERAFIM,2024-06-21,12645438
LE SSERAFIM,2024-06-22,12575952
LE SSERAFIM,2024-06-23,12511758
LE SSERAFIM,2024-06-24,12349642
LE SSERAFIM,2024-06-25,12349642
LE SSERAFIM,2024-06-26,12215645
LE SSERAFIM,2024-06-27,12168093
LE SSERAFIM,2024-06-28,12126622
LE SSERAFIM,2024-06-29,12126622
LE SSERAFIM,2024-06-30,12094215
LE SSERAFIM,2024-07-01,12010878
LE SSERAFIM,2024-07-02,11988803
LE SSERAFIM,2024-07-03,11975656
LE SSERAFIM,2024-07-04,11975656
LE SSERAFIM,2024-07-05,11948012
LE SSERAFIM,2024-07-06,11920765
LE SSERAFIM,2024-07-07,11894704
LE SSERAFIM,2024-07-08,11848043
LE SSERAFIM,2024-07-09,11848043
LE SSERAFIM,2024-07-10,11825061
LE SSERAFIM,2024-07-11,11799278
LE SSERAFIM,2024-07-12,11772081
LE SSERAFIM,2024-07-13,11740372
LE SSERAFIM,2024-07-14,11701227
LE SSERAFIM,2024-07-15,11670197
LE SSERAFIM,2024-07-16,11614165
LE SSERAFIM,2024-07-17,11578649
LE SSERAFIM,2024-07-18,11578649
LE SSERAFIM,2024-07-19,11538118
LE SSERAFIM,2024-07-20,11495603
LE SSERAFIM,2024-07-21,11490777
LE SSERAFIM,2024-07-22,11485952
LE SSERAFIM,2024-07-23,11473767
LE SSERAFIM,2024-07-24,11461746
LE SSERAFIM,2024-07-25,11449869
LE SSERAFIM,2024-07-26,11427275
LE SSERAFIM,2024-07-27,11404575
LE SSERAFIM,2024-07-28,11381875
LE SSERAFIM,2024-07-29,11358096
LE SSERAFIM,2024-07-30,11317618
LE SSERAFIM,2024-07-31,11291919
LE SSERAFIM,2024-08-01,11282778
LE SSERAFIM,2024-08-02,11273637
LE SSERAFIM,2024-08-03,11246984
LE SSERAFIM,2024-08-04,11231537
LE SSERAFIM,2024-08-05,11224885
LE SSERAFIM,2024-08-06,11218235
LE SSERAFIM,2024-08-07,11180477
LE SSERAFIM,2024-08-08,11178998
LE SSERAFIM,2024-08-09,11175909
LE SSERAFIM,2024-08-10,11172819
LE SSERAFIM,2024-08-11,11172291
LE SSERAFIM,2024-08-12,11171763
LE SSERAFIM,2024-08-13,11177287
LE SSERAFIM,2024-08-14,11182812
LE SSERAFIM,2024-08-15,11189541
LE SSERAFIM,2024-08-16,11180883
LE SSERAFIM,2024-08-17,11006841
LE SSERAFIM,2024-08-18,10805180
LE SSERAFIM,2024-08-19,10702572
LE SSERAFIM,2024-08-20,10599964
LE SSERAFIM,2024-08-21,11032332
LE SSERAFIM,2024-08-22,11013083
LE SSERAFIM,2024-08-23,11015530
LE SSERAFIM,2024-08-24,11023463
LE SSERAFIM,2024-08-25,11019076
LE SSERAFIM,2024-08-26,11008804
LE SSERAFIM,2024-08-27,11012567
LE SSERAFIM,2024-08-28,11010169
LE SSERAFIM,2024-08-29,11011554
LE SSERAFIM,2024-08-30,11012939
LE SSERAFIM,2024-08-31,11181518
LE SSERAFIM,2024-09-01,11299378
LE SSERAFIM,2024-09-02,11456715
LE SSERAFIM,2024-09-03,11630400
LE SSERAFIM,2024-09-04,11770117
LE SSERAFIM,2024-09-05,11971285
LE SSERAFIM,2024-09-06,12163617
LE SSERAFIM,2024-09-07,12355948
LE SSERAFIM,2024-09-08,12567676
LE SSERAFIM,2024-09-09,12747157
LE SSERAFIM,2024-09-10,12921831
LE SSERAFIM,2024-09-11,13096641
LE SSERAFIM,2024-09-12,13249827
LE SSERAFIM,2024-09-13,13414923
LE SSERAFIM,2024-09-14,13594679
LE SSERAFIM,2024-09-15,13757839
LE SSERAFIM,2024-09-16,13921000
LE SSERAFIM,2024-09-17,14088374
LE SSERAFIM,2024-09-18,14230408
LE SSERAFIM,2024-09-19,14367398
LE SSERAFIM,2024-09-20,14490818
LE SSERAFIM,2024-09-21,14640617
LE SSERAFIM,2024-09-22,14785661
LE SSERAFIM,2024-09-23,14930704
LE SSERAFIM,2024-09-24,15043357
LE SSERAFIM,2024-09-25,15152662
LE SSERAFIM,2024-09-26,15260764
LE SSERAFIM,2024-09-27,15329466
LE SSERAFIM,2024-09-28,15398169
LE SSERAFIM,2024-09-29,15456578
LE SSERAFIM,2024-09-30,15459840
LE SSERAFIM,2024-10-01,15455015
LE SSERAFIM,2024-10-02,15450190
LE SSERAFIM,2024-10-03,15425606
LE SSERAFIM,2024-10-04,15401022
LE SSERAFIM,2024-10-05,15337437
LE SSERAFIM,2024-10-06,15302385
LE SSERAFIM,2024-10-07,15290193
LE SSERAFIM,2024-10-08,15278000
LE SSERAFIM,2024-10-09,15185756
LE SSERAFIM,2024-10-10,15198212
LE SSERAFIM,2024-10-11,15146709
LE SSERAFIM,2024-10-12,15095206
LE SSERAFIM,2024-10-13,15076654
LE SSERAFIM,2024-10-14,15058102
LE SSERAFIM,2024-10-15,15006333
LE SSERAFIM,2024-10-16,14866159
LE SSERAFIM,2024-10-17,14802517
LE SSERAFIM,2024-10-18,14738874
LE SSERAFIM,2024-10-19,14699253
LE SSERAFIM,2024-10-20,14659632
LE SSERAFIM,2024-10-21,14637602
LE SSERAFIM,2024-10-22,14615572
LE SSERAFIM,2024-10-23,14593542
LE SSERAFIM,2024-10-24,14599520
LE SSERAFIM,2024-10-25,14610650
LE SSERAFIM,2024-10-26,14615548
LE SSERAFIM,2024-10-27,14617446
LE SSERAFIM,2024-10-28,14619345
LE SSERAFIM,2024-10-29,14635112
LE SSERAFIM,2024-10-30,14637769
LE SSERAFIM,2024-10-31,14632980
LE SSERAFIM,2024-11-01,14628191
LE SSERAFIM,2024-11-02,14590867
LE SSERAFIM,2024-11-03,14570511
LE SSERAFIM,2024-11-04,14551736
LE SSERAFIM,2024-11-05,14543303
LE SSERAFIM,2024-11-06,14529102
LE SSERAFIM,2024-11-07,14474677
LE SSERAFIM,2024-11-08,14411815
LE SSERAFIM,2024-11-09,14369054
LE SSERAFIM,2024-11-10,14351264
LE SSERAFIM,2024-11-11,14338027
LE SSERAFIM,2024-11-12,14308399
LE SSERAFIM,2024-11-13,14278772
LE SSERAFIM,2024-11-14,14264534
LE SSERAFIM,2024-11-15,14250297
LE SSERAFIM,2024-11-16,14211226
LE SSERAFIM,2024-11-17,14182524
LE SSERAFIM,2024-11-18,14153823
LE SSERAFIM,2024-11-19,14073348
LE SSERAFIM,2024-11-20,13992009
LE SSERAFIM,2024-11-21,13910671
LE SSERAFIM,2024-11-22,13840572
LE SSERAFIM,2024-11-23,13770473
LE SSERAFIM,2024-11-24,13704915
LE SSERAFIM,2024-11-25,13656797
LE SSERAFIM,2024-11-26,13608680
LE SSERAFIM,2024-11-27,13576451
LE SSERAFIM,2024-11-28,13544222
LE SSERAFIM,2024-11-29,13492133
LE SSERAFIM,2024-11-30,13398410
LE SSERAFIM,2024-12-01,13324940
LE SSERAFIM,2024-12-02,13266957
LE SSERAFIM,2024-12-03,13245877
LE SSERAFIM,2024-12-04,13224798
LE SSERAFIM,2024-12-05,13178728
LE SSERAFIM,2024-12-06,13193191
LE SSERAFIM,2024-12-07,13207653
LE SSERAFIM,2024-12-08,13195774
LE SSERAFIM,2024-12-09,13173967
LE SSERAFIM,2024-12-10,13152161
LE SSERAFIM,2024-12-11,13134640
LE SSERAFIM,2024-12-12,13117120
LE SSERAFIM,2024-12-13,13101370
LE SSERAFIM,2024-12-14,13085619
LE SSERAFIM,2024-12-15,13091624
LE SSERAFIM,2024-12-16,13097630
LE SSERAFIM,2024-12-17,13103635
LE SSERAFIM,2024-12-18,13114120
LE SSERAFIM,2024-12-19,13113689
LE SSERAFIM,2024-12-20,13113258
LE SSERAFIM,2024-12-21,13106682
LE SSERAFIM,2024-12-22,13084499
LE SSERAFIM,2024-12-23,13067939
LE SSERAFIM,2024-12-24,13051380
LE SSERAFIM,2024-12-25,13021880
LE SSERAFIM,2024-12-26,13008659
LE SSERAFIM,2024-12-27,12995438
LE SSERAFIM,2024-12-28,12987482
LE SSERAFIM,2024-12-29,12979526
LE SSERAFIM,2024-12-30,12971570
LE SSERAFIM,2024-12-31,12986649
LE SSERAFIM,2025-01-01,13001728
LE SSERAFIM,2025-01-02,13053236
LE SSERAFIM,2025-01-03,13054961
LE SSERAFIM,2025-01-04,13061096
LE SSERAFIM,2025-01-05,13052596
LE SSERAFIM,2025-01-06,13056483
LE SSERAFIM,2025-01-07,13096249
LE SSERAFIM,2025-01-08,13178087
LE SSERAFIM,2025-01-09,13212887
LE SSERAFIM,2025-01-10,13247686
LE SSERAFIM,2025-01-11,13312598
LE SSERAFIM,2025-01-12,13361424
LE SSERAFIM,2025-01-13,13410250
LE SSERAFIM,2025-01-14,13481421
LE SSERAFIM,2025-01-15,13513735
LE SSERAFIM,2025-01-16,13546049
LE SSERAFIM,2025-01-17,13593009
LE SSERAFIM,2025-01-18,13686420
LE SSERAFIM,2025-01-19,13779830
LE SSERAFIM,2025-01-20,13873241
LE SSERAFIM,2025-01-21,13935914
LE SSERAFIM,2025-01-22,13982324
LE SSERAFIM,2025-01-23,14049618
LE SSERAFIM,2025-01-24,14075620
LE SSERAFIM,2025-01-25,14101621
LE SSERAFIM,2025-01-26,14127623
LE SSERAFIM,2025-01-27,14153625
LE SSERAFIM,2025-01-28,14284506
LE SSERAFIM,2025-01-29,14325108
LE SSERAFIM,2025-01-30,14365711
LE SSERAFIM,2025-01-31,14415958
LE SSERAFIM,2025-02-01,14466206
LE SSERAFIM,2025-02-02,14516453
LE SSERAFIM,2025-02-03,14566700
LE SSERAFIM,2025-02-04,14575586
LE SSERAFIM,2025-02-05,14584472
LE SSERAFIM,2025-02-06,14513830
LE SSERAFIM,2025-02-07,14509934
LE SSERAFIM,2025-02-08,14502120
LE SSERAFIM,2025-02-09,14481293
LE SSERAFIM,2025-02-10,14453180
LE SSERAFIM,2025-02-11,14423341
LE SSERAFIM,2025-02-12,14390877
LE SSERAFIM,2025-02-13,14345301
LE SSERAFIM,2025-02-14,14295359
LE SSERAFIM,2025-02-15,14257836
LE SSERAFIM,2025-02-16,14220314
LE SSERAFIM,2025-02-17,14174358
LE SSERAFIM,2025-02-18,14137015
LE SSERAFIM,2025-02-19,14099671
LE SSERAFIM,2025-02-20,14098336
LE SSERAFIM,2025-02-21,14071731
LE SSERAFIM,2025-02-22,14048253
LE SSERAFIM,2025-02-23,14016385
LE SSERAFIM,2025-02-24,13976399
LE SSERAFIM,2025-02-25,13934298
LE SSERAFIM,2025-02-26,13888875
LE SSERAFIM,2025-02-27,13833615
LE SSERAFIM,2025-02-28,13772177
LE SSERAFIM,2025-03-01,13718001
LE SSERAFIM,2025-03-02,13663825
LE SSERAFIM,2025-03-03,13581870
LE SSERAFIM,2025-03-04,13519503
LE SSERAFIM,2025-03-05,13465394
LE SSERAFIM,2025-03-06,13427344
LE SSERAFIM,2025-03-07,13389293
LE SSERAFIM,2025-03-08,13349287
LE SSERAFIM,2025-03-09,13300793
LE SSERAFIM,2025-03-10,13249879
LE SSERAFIM,2025-03-11,13198965
LE SSERAFIM,2025-03-12,13148051
LE SSERAFIM,2025-03-13,13105797
LE SSERAFIM,2025-03-14,13091148
LE SSERAFIM,2025-03-15,13268971
LE SSERAFIM,2025-03-16,13446794
LE SSERAFIM,2025-03-17,13624618
LE SSERAFIM,2025-03-18,13802440
LE SSERAFIM,2025-03-19,13980263
LE SSERAFIM,2025-03-20,14158087
LE SSERAFIM,2025-03-21,14335910
LE SSERAFIM,2025-03-22,14471213
LE SSERAFIM,2025-03-23,14579514
LE SSERAFIM,2025-03-24,14687815
LE SSERAFIM,2025-03-25,14758004
LE SSERAFIM,2025-03-26,14858538
LE SSERAFIM,2025-03-27,14951892
LE SSERAFIM,2025-03-28,15045245
LE SSERAFIM,2025-03-29,15109403
LE SSERAFIM,2025-03-30,15186755
LE SSERAFIM,2025-03-31,15264525
LE SSERAFIM,2025-04-01,15322615
LE SSERAFIM,2025-04-02,15385879
LE SSERAFIM,2025-04-03,15464630
LE SSERAFIM,2025-04-04,15537653
LE SSERAFIM,2025-04-05,15578431
LE SSERAFIM,2025-04-06,15619211
LE SSERAFIM,2025-04-07,15659989
LE SSERAFIM,2025-04-08,15781505
LE SSERAFIM,2025-04-09,15848531
LE SSERAFIM,2025-04-10,15922716
LE SSERAFIM,2025-04-11,15847645
LE SSERAFIM,2025-04-12,15772574
LE SSERAFIM,2025-04-13,15697504
LE SSERAFIM,2025-04-14,15634966
LE SSERAFIM,2025-04-15,15573336
LE SSERAFIM,2025-04-16,15474090
LE SSERAFIM,2025-04-17,15374844
LE SSERAFIM,2025-04-18,15273677
LE SSERAFIM,2025-04-19,15172508
LE SSERAFIM,2025-04-20,15117670
LE SSERAFIM,2025-04-21,15062832
LE SSERAFIM,2025-04-22,15043858
LE SSERAFIM,2025-04-23,15024884
LE SSERAFIM,2025-04-24,14892108
LE SSERAFIM,2025-04-25,14819259
LE SSERAFIM,2025-04-26,14746410
LE SSERAFIM,2025-04-27,14673561
LE SSERAFIM,2025-04-28,14616479
LE SSERAFIM,2025-04-29,14600688
LE SSERAFIM,2025-04-30,14584896
LE SSERAFIM,2025-05-01,14463695
LE SSERAFIM,2025-05-02,14408660
LE SSERAFIM,2025-05-03,14334999
LE SSERAFIM,2025-05-04,14261337
LE SSERAFIM,2025-05-05,14209100
LE SSERAFIM,2025-05-06,14156863
LE SSERAFIM,2025-05-07,14088431
LE SSERAFIM,2025-05-08,14022668
LE SSERAFIM,2025-05-09,13963750
LE SSERAFIM,2025-05-10,13925432
LE SSERAFIM,2025-05-11,13887115
LE SSERAFIM,2025-05-12,13831521
LE SSERAFIM,2025-05-13,13772801
LE SSERAFIM,2025-05-14,13714081
LE SSERAFIM,2025-05-15,13639964
LE SSERAFIM,2025-05-16,13565846
LE SSERAFIM,2025-05-17,13536854
LE SSERAFIM,2025-05-18,13505155
LE SSERAFIM,2025-05-19,13460667
LE SSERAFIM,2025-05-20,13408997
LE SSERAFIM,2025-05-21,13378307
LE SSERAFIM,2025-05-22,13335501
LE SSERAFIM,2025-05-23,13292614
LE SSERAFIM,2025-05-24,13249729
LE SSERAFIM,2025-05-25,13206842
LE SSERAFIM,2025-05-26,13191684
LE SSERAFIM,2025-05-27,13176526
LE SSERAFIM,2025-05-28,13134287
LE SSERAFIM,2025-05-29,13100943
LE SSERAFIM,2025-05-30,13067474
LE SSERAFIM,2025-05-31,13033548
LE SSERAFIM,2025-06-01,12999622
LE SSERAFIM,2025-06-02,12965697
LE SSERAFIM,2025-06-03,12867984
LE SSERAFIM,2025-06-04,12842163
LE SSERAFIM,2025-06-05,12816341
LE SSERAFIM,2025-06-06,12759610
LE SSERAFIM,2025-06-07,12732251
LE SSERAFIM,2025-06-08,12704892
LE SSERAFIM,2025-06-09,12677533
LE SSERAFIM,2025-06-10,12666935
LE SSERAFIM,2025-06-11,12642980
LE SSERAFIM,2025-06-12,12634023
LE SSERAFIM,2025-06-13,12625065
LE SSERAFIM,2025-06-14,12651133
LE SSERAFIM,2025-06-15,12677201
LE SSERAFIM,2025-06-16,12678947
LE SSERAFIM,2025-06-17,12687935
LE SSERAFIM,2025-06-18,12691263
LE SSERAFIM,2025-06-19,12694592
LE SSERAFIM,2025-06-20,12708518
LE SSERAFIM,2025-06-21,12722444
LE SSERAFIM,2025-06-22,12823850
LE SSERAFIM,2025-06-23,12842654
LE SSERAFIM,2025-06-24,12861458
LE SSERAFIM,2025-06-25,12892173
LE SSERAFIM,2025-06-26,12957893
LE SSERAFIM,2025-06-27,12981098
LE SSERAFIM,2025-06-28,13004303
LE SSERAFIM,2025-06-29,13082822
LE SSERAFIM,2025-06-30,13186823
LE SSERAFIM,2025-07-01,13256914
LE SSERAFIM,2025-07-02,13309485
LE SSERAFIM,2025-07-03,13362056
LE SSERAFIM,2025-07-04,13386033
LE SSERAFIM,2025-07-05,13429296
LE SSERAFIM,2025-07-06,13447390
LE SSERAFIM,2025-07-07,13478426
LE SSERAFIM,2025-07-08,13502435
LE SSERAFIM,2025-07-09,13539665
LE SSERAFIM,2025-07-10,13576895
LE SSERAFIM,2025-07-11,13702688
LE SSERAFIM,2025-07-12,13828481
LE SSERAFIM,2025-07-13,13965451
LE SSERAFIM,2025-07-14,14050253
LE SSERAFIM,2025-07-15,14185860
LE SSERAFIM,2025-07-16,14321466
LE SSERAFIM,2025-07-17,14448008
LE SSERAFIM,2025-07-18,14537189
LE SSERAFIM,2025-07-19,14626370
LE SSERAFIM,2025-07-20,14691942
LE SSERAFIM,2025-07-21,14753322
LE SSERAFIM,2025-07-22,14809311
LE SSERAFIM,2025-07-23,14865300
LE SSERAFIM,2025-07-24,14908617
LE SSERAFIM,2025-07-25,14922400
LE SSERAFIM,2025-07-26,14936183
LE SSERAFIM,2025-07-27,14976715
LE SSERAFIM,2025-07-28,14983918
LE SSERAFIM,2025-07-29,14996241
LE SSERAFIM,2025-07-30,15021235
LE SSERAFIM,2025-07-31,15030922
LE SSERAFIM,2025-08-01,15031594
LE SSERAFIM,2025-08-02,15032265
LE SSERAFIM,2025-08-03,15093121
LE SSERAFIM,2025-08-04,15124852
LE SSERAFIM,2025-08-05,15138918
LE SSERAFIM,2025-08-06,15136457
LE SSERAFIM,2025-08-07,15147735
LE SSERAFIM,2025-08-08,15143242
LE SSERAFIM,2025-08-09,15050198
LE SSERAFIM,2025-08-10,14957154
LE SSERAFIM,2025-08-11,14903699
LE SSERAFIM,2025-08-12,14850245
LE SSERAFIM,2025-08-13,14756252
LE SSERAFIM,2025-08-14,14662260
LE SSERAFIM,2025-08-15,14580930
LE SSERAFIM,2025-08-16,14519747
LE SSERAFIM,2025-08-17,14473458
LE SSERAFIM,2025-08-18,14433751
LE SSERAFIM,2025-08-19,14400535
LE SSERAFIM,2025-08-20,14359690
LE SSERAFIM,2025-08-21,14318845
LE SSERAFIM,2025-08-22,14312983
LE SSERAFIM,2025-08-23,14307121
LE SSERAFIM,2025-08-24,14280072
LE SSERAFIM,2025-08-25,14267953
LE SSERAFIM,2025-08-26,14242749
LE SSERAFIM,2025-08-27,14224241
LE SSERAFIM,2025-08-28,14201422
LE SSERAFIM,2025-08-29,14170592
LE SSERAFIM,2025-08-30,14122806
LE SSERAFIM,2025-08-31,14075020
LE SSERAFIM,2025-09-01,14027234
LE SSERAFIM,2025-09-02,14008703
LE SSERAFIM,2025-09-03,13990172
LE SSERAFIM,2025-09-04,13930602
LE SSERAFIM,2025-09-05,13913605
LE SSERAFIM,2025-09-06,13896609
LE SSERAFIM,2025-09-07,13844354
LE SSERAFIM,2025-09-08,13792099
LE SSERAFIM,2025-09-09,13756012
LE SSERAFIM,2025-09-10,13719924
LE SSERAFIM,2025-09-11,13683836
LE SSERAFIM,2025-09-12,13647749
LE SSERAFIM,2025-09-13,13611662
LE SSERAFIM,2025-09-14,13575574
LE SSERAFIM,2025-09-15,13539487
LE SSERAFIM,2025-09-16,13503399
LE SSERAFIM,2025-09-17,13474824
LE SSERAFIM,2025-09-18,13446249
LE SSERAFIM,2025-09-19,13423520
LE SSERAFIM,2025-09-20,13399849
LE SSERAFIM,2025-09-21,13376179
LE SSERAFIM,2025-09-22,13338068
LE SSERAFIM,2025-09-23,13286413
LE SSERAFIM,2025-09-24,13244252
LE SSERAFIM,2025-09-25,13207259
LE SSERAFIM,2025-09-26,13182000
LE SSERAFIM,2025-09-27,13156742
LE SSERAFIM,2025-09-28,13180924
LE SSERAFIM,2025-09-29,13205107
LE SSERAFIM,2025-09-30,13200669
LE SSERAFIM,2025-10-01,13196231
LE SSERAFIM,2025-10-02,13195075
LE SSERAFIM,2025-10-03,13193919
LE SSERAFIM,2025-10-04,13210442
LE SSERAFIM,2025-10-05,13215328
LE SSERAFIM,2025-10-06,13206266
LE SSERAFIM,2025-10-07,13202845
LE SSERAFIM,2025-10-08,13199944
LE SSERAFIM,2025-10-09,13197043
LE SSERAFIM,2025-10-10,13202438
LE SSERAFIM,2025-10-11,13207832
LE SSERAFIM,2025-10-12,13201571
LE SSERAFIM,2025-10-13,13195310
LE SSERAFIM,2025-10-14,13194029
LE SSERAFIM,2025-10-15,13164093
LE SSERAFIM,2025-10-16,13153160
LE SSERAFIM,2025-10-17,13142227
LE SSERAFIM,2025-10-18,13099119
LE SSERAFIM,2025-10-19,13082408
LE SSERAFIM,2025-10-20,13066174
LE SSERAFIM,2025-10-21,13049940
LE SSERAFIM,2025-10-22,13017803
LE SSERAFIM,2025-10-23,13009207
LE SSERAFIM,2025-10-24,13000612
LE SSERAFIM,2025-10-25,13169571
LE SSERAFIM,2025-10-26,13338530
LE SSERAFIM,2025-10-27,13425954
LE SSERAFIM,2025-10-28,13545575
LE SSERAFIM,2025-10-29,13665196
LE SSERAFIM,2025-10-30,13784817
LE SSERAFIM,2025-10-31,13904438
LE SSERAFIM,2025-11-01,14024059
LE SSERAFIM,2025-11-02,14430247
LE SSERAFIM,2025-11-03,14559649
LE SSERAFIM,2025-11-04,14689049
LE SSERAFIM,2025-11-05,14818451
LE SSERAFIM,2025-11-06,14947852
LE SSERAFIM,2025-11-07,15077254
LE SSERAFIM,2025-11-08,15206655
LE SSERAFIM,2025-11-09,15420968
LE SSERAFIM,2025-11-10,15635281
LE SSERAFIM,2025-11-11,15849594
LE SSERAFIM,2025-11-12,15992077
LE SSERAFIM,2025-11-13,16134561
LE SSERAFIM,2025-11-14,16277044
LE SSERAFIM,2025-11-15,16418646
LE SSERAFIM,2025-11-16,16560249
LE SSERAFIM,2025-11-17,16701852
LE SSERAFIM,2025-11-18,16843454
LE SSERAFIM,2025-11-19,16985056
LE SSERAFIM,2025-11-20,17126660
LE SSERAFIM,2025-11-21,17195560
LE SSERAFIM,2025-11-22,17264460
LE SSERAFIM,2025-11-23,17269504
LE SSERAFIM,2025-11-24,17350348
LE SSERAFIM,2025-11-25,17404180
LE SSERAFIM,2025-11-26,17457968
LE SSERAFIM,2025-11-27,17422456
LE SSERAFIM,2025-11-28,17386944
LE SSERAFIM,2025-11-29,17351434
LE SSERAFIM,2025-11-30,17315922
LE SSERAFIM,2025-12-01,17291954
LE SSERAFIM,2025-12-02,17267984
LE SSERAFIM,2025-12-03,17232060
LE SSERAFIM,2025-12-04,17199068
LE SSERAFIM,2025-12-05,17219928
LE SSERAFIM,2025-12-06,17198150
LE SSERAFIM,2025-12-07,17171426
LE SSERAFIM,2025-12-08,17144704
LE SSERAFIM,2025-12-09,17067440
LE SSERAFIM,2025-12-10,17053118
LE SSERAFIM,2025-12-11,17038796
LE SSERAFIM,2025-12-12,17000942
LE SSERAFIM,2025-12-13,16943604
LE SSERAFIM,2025-12-14,16838048
LE SSERAFIM,2025-12-15,16804910
LE SSERAFIM,2025-12-16,16771772
LE SSERAFIM,2025-12-17,16671884
LE SSERAFIM,2025-12-18,16635269
LE SSERAFIM,2025-12-19,16598654
LE SSERAFIM,2025-12-20,16470666
LE SSERAFIM,2025-12-21,16450648
LE SSERAFIM,2025-12-22,16430629
LE SSERAFIM,2025-12-23,16438855
LE SSERAFIM,2025-12-24,16447082
LE SSERAFIM,2025-12-25,16455308
LE SSERAFIM,2025-12-26,16463535
LE SSERAFIM,2025-12-27,16471761
LE SSERAFIM,2025-12-28,16479987
LE SSERAFIM,2025-12-29,16488214
LE SSERAFIM,2025-12-30,16496440
LE SSERAFIM,2025-12-31,16504667
LE SSERAFIM,2026-01-01,16512893
LE SSERAFIM,2026-01-02,16478184
LE SSERAFIM,2026-01-03,16443474
LE SSERAFIM,2026-01-04,16428407
LE SSERAFIM,2026-01-05,16449244
LE SSERAFIM,2026-01-06,16470080
LE SSERAFIM,2026-01-07,16546814
LE SSERAFIM,2026-01-08,16624721
LE SSERAFIM,2026-01-09,16699723
LE SSERAFIM,2026-01-10,16760059
LE SSERAFIM,2026-01-11,16864104
LE SSERAFIM,2026-01-12,16887856
LE SSERAFIM,2026-01-13,16911608
LE SSERAFIM,2026-01-14,17026340
LE SSERAFIM,2026-01-15,17054120
LE SSERAFIM,2026-01-16,17081898
LE SSERAFIM,2026-01-17,17112236
LE SSERAFIM,2026-01-18,17142186
LE SSERAFIM,2026-01-19,17187350
LE SSERAFIM,2026-01-20,17210660
LE SSERAFIM,2026-01-21,17206342
LE SSERAFIM,2026-01-22,17202024
LE SSERAFIM,2026-01-23,17193360
LE SSERAFIM,2026-01-24,17182292
LE SSERAFIM,2026-01-25,17177936
LE SSERAFIM,2026-01-26,17173580
LE SSERAFIM,2026-01-27,17169784
LE SSERAFIM,2026-01-28,17126808
LE SSERAFIM,2026-01-29,17082388
LE SSERAFIM,2026-01-30,17011040
LE SSERAFIM,2026-01-31,17002060
LE SSERAFIM,2026-02-01,16973892
LE SSERAFIM,2026-02-02,16905708
LE SSERAFIM,2026-02-03,16840670
LE SSERAFIM,2026-02-04,16806458
LE SSERAFIM,2026-02-05,16772245
LE SSERAFIM,2026-02-06,16624821
LE SSERAFIM,2026-02-07,16549871
LE SSERAFIM,2026-02-08,16485505
LE SSERAFIM,2026-02-09,16452451
LE SSERAFIM,2026-02-10,16419397
LE SSERAFIM,2026-02-11,16352896
LE SSERAFIM,2026-02-12,16215347
LE SSERAFIM,2026-02-13,16199472
LE SSERAFIM,2026-02-14,16183596
LE SSERAFIM,2026-02-15,16080130
LE SSERAFIM,2026-02-16,16051370
LE SSERAFIM,2026-02-17,16022609
LE SSERAFIM,2026-02-18,15918350
LE SSERAFIM,2026-02-19,15853905
LE SSERAFIM,2026-02-20,15824009
LE SSERAFIM,2026-02-21,15794113
LE SSERAFIM,2026-02-22,15744456
LE SSERAFIM,2026-02-23,15689280
LE SSERAFIM,2026-02-24,15638756
LE SSERAFIM,2026-02-25,15587285
LE SSERAFIM,2026-02-26,15474892
LE SSERAFIM,2026-02-27,15449951
LE SSERAFIM,2026-02-28,15425010
LE SSERAFIM,2026-03-01,15389070
LE SSERAFIM,2026-03-02,15354790
LE SSERAFIM,2026-03-03,15285057
LE SSERAFIM,2026-03-04,15262085
LE SSERAFIM,2026-03-05,15239113
LE SSERAFIM,2026-03-06,15214636
LE SSERAFIM,2026-03-07,15190159
LE SSERAFIM,2026-03-08,15153527
LE SSERAFIM,2026-03-09,15117142
LE SSERAFIM,2026-03-10,15071630
LE SSERAFIM,2026-03-11,15026429
LE SSERAFIM,2026-03-12,14953428
LE SSERAFIM,2026-03-13,14902308
LE SSERAFIM,2026-03-14,14851189
LE SSERAFIM,2026-03-15,14833282
LE SSERAFIM,2026-03-16,14815375
LE SSERAFIM,2026-03-17,14727728
LE SSERAFIM,2026-03-18,14683952
LE SSERAFIM,2026-03-19,14675845
LE SSERAFIM,2026-03-20,14667738
LE SSERAFIM,2026-03-21,14672315
LE SSERAFIM,2026-03-22,14657075
LE SSERAFIM,2026-03-23,14641834
LE SSERAFIM,2026-03-24,14626594
LE SSERAFIM,2026-03-25,14606852
LE SSERAFIM,2026-03-26,14588617
LE SSERAFIM,2026-03-27,14570382
LE SSERAFIM,2026-03-28,14549749
LE SSERAFIM,2026-03-29,14544212
LE SSERAFIM,2026-03-30,14523920
LE SSERAFIM,2026-03-31,14509554
LE SSERAFIM,2026-04-01,14495188
LE SSERAFIM,2026-04-02,14495021
LE SSERAFIM,2026-04-03,14494854
LE SSERAFIM,2026-04-04,14503812
LE SSERAFIM,2026-04-05,14505008
LE SSERAFIM,2026-04-06,14506205
LE SSERAFIM,2026-04-07,14494937
LE SSERAFIM,2026-04-08,14501321
LE SSERAFIM,2026-04-09,14507705
LE SSERAFIM,2026-04-10,14489617
LE SSERAFIM,2026-04-11,14472887
LE SSERAFIM,2026-04-12,14472887
LISA,2024-04-13,7615101
LISA,2024-04-14,7615101
LISA,2024-04-15,7615101
LISA,2024-04-16,7615101
LISA,2024-04-17,7612654
LISA,2024-04-18,7612654
LISA,2024-04-19,7653537
LISA,2024-04-20,7653537
LISA,2024-04-21,7653537
LISA,2024-04-22,7653537
LISA,2024-04-23,7653537
LISA,2024-04-24,7655847
LISA,2024-04-25,7675389
LISA,2024-04-26,7689294
LISA,2024-04-27,7709612
LISA,2024-04-28,7727123
LISA,2024-04-29,7743409
LISA,2024-04-30,7744295
LISA,2024-05-01,7751479
LISA,2024-05-02,7753702
LISA,2024-05-03,7753605
LISA,2024-05-04,7753605
LISA,2024-05-05,7755799
LISA,2024-05-06,7753568
LISA,2024-05-07,7742253
LISA,2024-05-08,7739524
LISA,2024-05-09,7743362
LISA,2024-05-10,7748473
LISA,2024-05-11,7748207
LISA,2024-05-12,7746380
LISA,2024-05-13,7751468
LISA,2024-05-14,7751468
LISA,2024-05-15,7751468
LISA,2024-05-16,7747062
LISA,2024-05-17,7735537
LISA,2024-05-18,7720121
LISA,2024-05-19,7719352
LISA,2024-05-20,7707847
LISA,2024-05-21,7698367
LISA,2024-05-22,7698367
LISA,2024-05-23,7684161
LISA,2024-05-24,7659040
LISA,2024-05-25,7632395
LISA,2024-05-26,7598215
LISA,2024-05-27,7574551
LISA,2024-05-28,7543030
LISA,2024-05-29,7518862
LISA,2024-05-30,7492980
LISA,2024-05-31,7464317
LISA,2024-06-01,7448150
LISA,2024-06-02,7427517
LISA,2024-06-03,7408309
LISA,2024-06-04,7385823
LISA,2024-06-05,7385823
LISA,2024-06-06,7366075
LISA,2024-06-07,7354893
LISA,2024-06-08,7342043
LISA,2024-06-09,7331902
LISA,2024-06-10,7317510
LISA,2024-06-11,7300745
LISA,2024-06-12,7281186
LISA,2024-06-13,7272511
LISA,2024-06-14,7266539
LISA,2024-06-15,7266539
LISA,2024-06-16,7223798
LISA,2024-06-17,7223798
LISA,2024-06-18,7191993
LISA,2024-06-19,7179441
LISA,2024-06-20,7151776
LISA,2024-06-21,7151776
LISA,2024-06-22,7138173
LISA,2024-06-23,7140961
LISA,2024-06-24,7140520
LISA,2024-06-25,7138186
LISA,2024-06-26,7148622
LISA,2024-06-27,7156442
LISA,2024-06-28,7168636
LISA,2024-06-29,8253858
LISA,2024-06-30,8253858
LISA,2024-07-01,9327228
LISA,2024-07-02,9802606
LISA,2024-07-03,10385307
LISA,2024-07-04,10996192
LISA,2024-07-05,11525921
LISA,2024-07-06,11525921
LISA,2024-07-07,12094292
LISA,2024-07-08,12621841
LISA,2024-07-09,13570986
LISA,2024-07-10,13570986
LISA,2024-07-11,13991065
LISA,2024-07-12,14377037
LISA,2024-07-13,14776838
LISA,2024-07-14,15164432
LISA,2024-07-15,15576547
LISA,2024-07-16,15927688
LISA,2024-07-17,16311368
LISA,2024-07-18,17020072
LISA,2024-07-19,17020072
LISA,2024-07-20,17623806
LISA,2024-07-21,17761792
LISA,2024-07-22,17899778
LISA,2024-07-23,18155492
LISA,2024-07-24,18411482
LISA,2024-07-25,18673608
LISA,2024-07-26,18903032
LISA,2024-07-27,18927618
LISA,2024-07-28,18952204
LISA,2024-07-29,18914824
LISA,2024-07-30,18869580
LISA,2024-07-31,18788440
LISA,2024-08-01,18687272
LISA,2024-08-02,18540012
LISA,2024-08-03,18311762
LISA,2024-08-04,18180116
LISA,2024-08-05,18048470
LISA,2024-08-06,17983538
LISA,2024-08-07,17918606
LISA,2024-08-08,17792840
LISA,2024-08-09,17748742
LISA,2024-08-10,17593188
LISA,2024-08-11,17472616
LISA,2024-08-12,17352048
LISA,2024-08-13,17206862
LISA,2024-08-14,17061680
LISA,2024-08-15,16941074
LISA,2024-08-16,16653703
LISA,2024-08-17,16366333
LISA,2024-08-18,15946137
LISA,2024-08-19,15531473
LISA,2024-08-20,18614820
LISA,2024-08-21,18915160
LISA,2024-08-22,19239616
LISA,2024-08-23,19864844
LISA,2024-08-24,20406830
LISA,2024-08-25,20784388
LISA,2024-08-26,21113360
LISA,2024-08-27,21321204
LISA,2024-08-28,21529046
LISA,2024-08-29,21845300
LISA,2024-08-30,22031660
LISA,2024-08-31,22341760
LISA,2024-09-01,22470274
LISA,2024-09-02,22601942
LISA,2024-09-03,22736020
LISA,2024-09-04,22829190
LISA,2024-09-05,22882650
LISA,2024-09-06,22959226
LISA,2024-09-07,23035800
LISA,2024-09-08,23102374
LISA,2024-09-09,23168944
LISA,2024-09-10,23233612
LISA,2024-09-11,23280790
LISA,2024-09-12,23345188
LISA,2024-09-13,23449900
LISA,2024-09-14,23097780
LISA,2024-09-15,22863310
LISA,2024-09-16,22628842
LISA,2024-09-17,22413270
LISA,2024-09-18,22176940
LISA,2024-09-19,21820916
LISA,2024-09-20,21464892
LISA,2024-09-21,21025872
LISA,2024-09-22,20754632
LISA,2024-09-23,20483394
LISA,2024-09-24,20291598
LISA,2024-09-25,20099804
LISA,2024-09-26,19782964
LISA,2024-09-27,19577028
LISA,2024-09-28,19151712
LISA,2024-09-29,18963748
LISA,2024-09-30,18829740
LISA,2024-10-01,18695734
LISA,2024-10-02,18561730
LISA,2024-10-03,18238880
LISA,2024-10-04,18292194
LISA,2024-10-05,18345508
LISA,2024-10-06,18398742
LISA,2024-10-07,18451974
LISA,2024-10-08,18505208
LISA,2024-10-09,18590668
LISA,2024-10-10,18741100
LISA,2024-10-11,18789918
LISA,2024-10-12,18838736
LISA,2024-10-13,18859890
LISA,2024-10-14,18881044
LISA,2024-10-15,18932718
LISA,2024-10-16,18974264
LISA,2024-10-17,19027796
LISA,2024-10-18,19229160
LISA,2024-10-19,19430524
LISA,2024-10-20,19631888
LISA,2024-10-21,19833252
LISA,2024-10-22,20310800
LISA,2024-10-23,20788348
LISA,2024-10-24,20968000
LISA,2024-10-25,21147654
LISA,2024-10-26,21857236
LISA,2024-10-27,22036466
LISA,2024-10-28,22215696
LISA,2024-10-29,22514042
LISA,2024-10-30,23049804
LISA,2024-10-31,23168056
LISA,2024-11-01,23286304
LISA,2024-11-02,23435476
LISA,2024-11-03,23455184
LISA,2024-11-04,23474892
LISA,2024-11-05,23493284
LISA,2024-11-06,23543430
LISA,2024-11-07,23599592
LISA,2024-11-08,23615388
LISA,2024-11-09,23691840
LISA,2024-11-10,23726716
LISA,2024-11-11,23761590
LISA,2024-11-12,23817196
LISA,2024-11-13,23826522
LISA,2024-11-14,23862324
LISA,2024-11-15,23865652
LISA,2024-11-16,23789088
LISA,2024-11-17,23725448
LISA,2024-11-18,23661806
LISA,2024-11-19,23518928
LISA,2024-11-20,23338660
LISA,2024-11-21,23162428
LISA,2024-11-22,22975228
LISA,2024-11-23,22565114
LISA,2024-11-24,22466430
LISA,2024-11-25,22367746
LISA,2024-11-26,22210604
LISA,2024-11-27,22048864
LISA,2024-11-28,21887124
LISA,2024-11-29,21725384
LISA,2024-11-30,21634478
LISA,2024-12-01,21507442
LISA,2024-12-02,21397988
LISA,2024-12-03,21353080
LISA,2024-12-04,21308174
LISA,2024-12-05,21158108
LISA,2024-12-06,21058512
LISA,2024-12-07,20958916
LISA,2024-12-08,20884928
LISA,2024-12-09,20810942
LISA,2024-12-10,20736952
LISA,2024-12-11,20630780
LISA,2024-12-12,20579196
LISA,2024-12-13,20527612
LISA,2024-12-14,20286034
LISA,2024-12-15,20201312
LISA,2024-12-16,20116588
LISA,2024-12-17,20035182
LISA,2024-12-18,20007526
LISA,2024-12-19,19979872
LISA,2024-12-20,19815556
LISA,2024-12-21,19779412
LISA,2024-12-22,19699728
LISA,2024-12-23,19658222
LISA,2024-12-24,19616718
LISA,2024-12-25,19569200
LISA,2024-12-26,19636022
LISA,2024-12-27,19669012
LISA,2024-12-28,19488126
LISA,2024-12-29,19307240
LISA,2024-12-30,19126352
LISA,2024-12-31,18992578
LISA,2025-01-01,18893402
LISA,2025-01-02,18777642
LISA,2025-01-03,18644140
LISA,2025-01-04,18510640
LISA,2025-01-05,18447704
LISA,2025-01-06,18384768
LISA,2025-01-07,18294914
LISA,2025-01-08,18222968
LISA,2025-01-09,18052916
LISA,2025-01-10,17962128
LISA,2025-01-11,17871338
LISA,2025-01-12,17780534
LISA,2025-01-13,17689728
LISA,2025-01-14,17638522
LISA,2025-01-15,17599342
LISA,2025-01-16,17560160
LISA,2025-01-17,17458120
LISA,2025-01-18,17321354
LISA,2025-01-19,17184586
LISA,2025-01-20,17047818
LISA,2025-01-21,16940540
LISA,2025-01-22,16757615
LISA,2025-01-23,16457534
LISA,2025-01-24,16200383
LISA,2025-01-25,16123819
LISA,2025-01-26,16047256
LISA,2025-01-27,15970692
LISA,2025-01-28,15902572
LISA,2025-01-29,15824305
LISA,2025-01-30,15746038
LISA,2025-01-31,15730790
LISA,2025-02-01,15715541
LISA,2025-02-02,15700293
LISA,2025-02-03,15685044
LISA,2025-02-04,15651222
LISA,2025-02-05,15612742
LISA,2025-02-06,15505801
LISA,2025-02-07,15461362
LISA,2025-02-08,16858928
LISA,2025-02-09,17546156
LISA,2025-02-10,18094992
LISA,2025-02-11,18569580
LISA,2025-02-12,19085746
LISA,2025-02-13,19611460
LISA,2025-02-14,19988116
LISA,2025-02-15,20400600
LISA,2025-02-16,20813084
LISA,2025-02-17,21063372
LISA,2025-02-18,21334978
LISA,2025-02-19,21606580
LISA,2025-02-20,21871514
LISA,2025-02-21,22115868
LISA,2025-02-22,22406616
LISA,2025-02-23,22670028
LISA,2025-02-24,22890216
LISA,2025-02-25,23057948
LISA,2025-02-26,23245612
LISA,2025-02-27,23386104
LISA,2025-02-28,23587596
LISA,2025-03-01,24395926
LISA,2025-03-02,25204256
LISA,2025-03-03,25673956
LISA,2025-03-04,25996794
LISA,2025-03-05,26191060
LISA,2025-03-06,26519248
LISA,2025-03-07,26847436
LISA,2025-03-08,26590608
LISA,2025-03-09,26552908
LISA,2025-03-10,26456260
LISA,2025-03-11,26359614
LISA,2025-03-12,26262964
LISA,2025-03-13,26074738
LISA,2025-03-14,25942980
LISA,2025-03-15,25846728
LISA,2025-03-16,25750474
LISA,2025-03-17,25654222
LISA,2025-03-18,25557968
LISA,2025-03-19,25461718
LISA,2025-03-20,25365464
LISA,2025-03-21,25269212
LISA,2025-03-22,25156802
LISA,2025-03-23,24994072
LISA,2025-03-24,24872952
LISA,2025-03-25,24760572
LISA,2025-03-26,24659208
LISA,2025-03-27,24537566
LISA,2025-03-28,24415924
LISA,2025-03-29,23646896
LISA,2025-03-30,23160572
LISA,2025-03-31,22761412
LISA,2025-04-01,22448624
LISA,2025-04-02,22165672
LISA,2025-04-03,21861008
LISA,2025-04-04,21556344
LISA,2025-04-05,21302050
LISA,2025-04-06,21047754
LISA,2025-04-07,20793458
LISA,2025-04-08,20601008
LISA,2025-04-09,20491252
LISA,2025-04-10,20381496
LISA,2025-04-11,20206382
LISA,2025-04-12,19820046
LISA,2025-04-13,19740914
LISA,2025-04-14,19661782
LISA,2025-04-15,19475638
LISA,2025-04-16,19430450
LISA,2025-04-17,19385264
LISA,2025-04-18,19279510
LISA,2025-04-19,19100428
LISA,2025-04-20,19041600
LISA,2025-04-21,18993504
LISA,2025-04-22,18977764
LISA,2025-04-23,18962022
LISA,2025-04-24,18874264
LISA,2025-04-25,18849182
LISA,2025-04-26,18824100
LISA,2025-04-27,18799016
LISA,2025-04-28,18712610
LISA,2025-04-29,18704216
LISA,2025-04-30,18695820
LISA,2025-05-01,18631812
LISA,2025-05-02,18643528
LISA,2025-05-03,19109492
LISA,2025-05-04,19575456
LISA,2025-05-05,19914678
LISA,2025-05-06,20340436
LISA,2025-05-07,20620644
LISA,2025-05-08,20974086
LISA,2025-05-09,21335856
LISA,2025-05-10,21649854
LISA,2025-05-11,21963852
LISA,2025-05-12,22138656
LISA,2025-05-13,22298648
LISA,2025-05-14,22472932
LISA,2025-05-15,22619428
LISA,2025-05-16,22765924
LISA,2025-05-17,22919376
LISA,2025-05-18,23049180
LISA,2025-05-19,23128324
LISA,2025-05-20,23207464
LISA,2025-05-21,23297344
LISA,2025-05-22,23404104
LISA,2025-05-23,23512010
LISA,2025-05-24,23619918
LISA,2025-05-25,23727826
LISA,2025-05-26,23810498
LISA,2025-05-27,23893172
LISA,2025-05-28,23940614
LISA,2025-05-29,23988052
LISA,2025-05-30,24035496
LISA,2025-05-31,23732056
LISA,2025-06-01,23428614
LISA,2025-06-02,23125176
LISA,2025-06-03,22915764
LISA,2025-06-04,22709500
LISA,2025-06-05,22414236
LISA,2025-06-06,22118972
LISA,2025-06-07,21823710
LISA,2025-06-08,21528446
LISA,2025-06-09,21091184
LISA,2025-06-10,20996740
LISA,2025-06-11,20902296
LISA,2025-06-12,20522508
LISA,2025-06-13,20403686
LISA,2025-06-14,20284866
LISA,2025-06-15,20166044
LISA,2025-06-16,19880996
LISA,2025-06-17,19757912
LISA,2025-06-18,19608204
LISA,2025-06-19,19442460
LISA,2025-06-20,19298472
LISA,2025-06-21,19121426
LISA,2025-06-22,18944378
LISA,2025-06-23,18791564
LISA,2025-06-24,18724942
LISA,2025-06-25,18658320
LISA,2025-06-26,18515342
LISA,2025-06-27,18242754
LISA,2025-06-28,18149740
LISA,2025-06-29,18100288
LISA,2025-06-30,18042570
LISA,2025-07-01,18007140
LISA,2025-07-02,17969104
LISA,2025-07-03,17921164
LISA,2025-07-04,17891556
LISA,2025-07-05,17861952
LISA,2025-07-06,17800272
LISA,2025-07-07,17722328
LISA,2025-07-08,17706920
LISA,2025-07-09,17705586
LISA,2025-07-10,17704250
LISA,2025-07-11,17699296
LISA,2025-07-12,17690696
LISA,2025-07-13,17686196
LISA,2025-07-14,17696388
LISA,2025-07-15,17739124
LISA,2025-07-16,17763084
LISA,2025-07-17,17768594
LISA,2025-07-18,17774104
LISA,2025-07-19,17762330
LISA,2025-07-20,17750560
LISA,2025-07-21,17751866
LISA,2025-07-22,17753172
LISA,2025-07-23,17757596
LISA,2025-07-24,17747160
LISA,2025-07-25,17654552
LISA,2025-07-26,17612202
LISA,2025-07-27,17576072
LISA,2025-07-28,17539940
LISA,2025-07-29,17520226
LISA,2025-07-30,17500510
LISA,2025-07-31,17418432
LISA,2025-08-01,17409116
LISA,2025-08-02,17419770
LISA,2025-08-03,17415934
LISA,2025-08-04,17412096
LISA,2025-08-05,17357516
LISA,2025-08-06,17320600
LISA,2025-08-07,17283686
LISA,2025-08-08,17264930
LISA,2025-08-09,17246176
LISA,2025-08-10,17208516
LISA,2025-08-11,17178760
LISA,2025-08-12,17053216
LISA,2025-08-13,17008094
LISA,2025-08-14,16962972
LISA,2025-08-15,17034096
LISA,2025-08-16,17105220
LISA,2025-08-17,17186998
LISA,2025-08-18,17268776
LISA,2025-08-19,17314468
LISA,2025-08-20,17360160
LISA,2025-08-21,17430466
LISA,2025-08-22,17568200
LISA,2025-08-23,17591548
LISA,2025-08-24,17614900
LISA,2025-08-25,17610534
LISA,2025-08-26,17606168
LISA,2025-08-27,17572628
LISA,2025-08-28,17562624
LISA,2025-08-29,17531862
LISA,2025-08-30,17501098
LISA,2025-08-31,17485778
LISA,2025-09-01,17470456
LISA,2025-09-02,17462410
LISA,2025-09-03,17410212
LISA,2025-09-04,17353972
LISA,2025-09-05,17306236
LISA,2025-09-06,17258904
LISA,2025-09-07,17211572
LISA,2025-09-08,17164240
LISA,2025-09-09,17065288
LISA,2025-09-10,16966336
LISA,2025-09-11,16867386
LISA,2025-09-12,16768433
LISA,2025-09-13,16669482
LISA,2025-09-14,16570531
LISA,2025-09-15,16471579
LISA,2025-09-16,16372628
LISA,2025-09-17,16243603
LISA,2025-09-18,16135208
LISA,2025-09-19,16024589
LISA,2025-09-20,15958771
LISA,2025-09-21,15892952
LISA,2025-09-22,15855633
LISA,2025-09-23,15841195
LISA,2025-09-24,15826757
LISA,2025-09-25,15788213
LISA,2025-09-26,15746420
LISA,2025-09-27,15704626
LISA,2025-09-28,15634413
LISA,2025-09-29,15617599
LISA,2025-09-30,15600785
LISA,2025-10-01,15537860
LISA,2025-10-02,15540909
LISA,2025-10-03,15555410
LISA,2025-10-04,15558848
LISA,2025-10-05,15562286
LISA,2025-10-06,15551284
LISA,2025-10-07,15542501
LISA,2025-10-08,15535599
LISA,2025-10-09,15528697
LISA,2025-10-10,15530909
LISA,2025-10-11,15518479
LISA,2025-10-12,15578773
LISA,2025-10-13,15589420
LISA,2025-10-14,15588359
LISA,2025-10-15,15590903
LISA,2025-10-16,15593447
LISA,2025-10-17,15607236
LISA,2025-10-18,15621025
LISA,2025-10-19,15651050
LISA,2025-10-20,15654194
LISA,2025-10-21,15657338
LISA,2025-10-22,15647805
LISA,2025-10-23,15653268
LISA,2025-10-24,15658732
LISA,2025-10-25,15682011
LISA,2025-10-26,15696631
LISA,2025-10-27,15711252
LISA,2025-10-28,15712326
LISA,2025-10-29,15727978
LISA,2025-10-30,15743631
LISA,2025-10-31,15759284
LISA,2025-11-01,15767144
LISA,2025-11-02,15780522
LISA,2025-11-03,15793900
LISA,2025-11-04,15836272
LISA,2025-11-05,15878643
LISA,2025-11-06,15921015
LISA,2025-11-07,15952554
LISA,2025-11-08,15937512
LISA,2025-11-09,15922471
LISA,2025-11-10,15918580
LISA,2025-11-11,15918298
LISA,2025-11-12,15918016
LISA,2025-11-13,15900191
LISA,2025-11-14,15887808
LISA,2025-11-15,15875426
LISA,2025-11-16,15800721
LISA,2025-11-17,15779998
LISA,2025-11-18,15759274
LISA,2025-11-19,15738551
LISA,2025-11-20,15717828
LISA,2025-11-21,15710590
LISA,2025-11-22,15703353
LISA,2025-11-23,15693100
LISA,2025-11-24,15682846
LISA,2025-11-25,15679020
LISA,2025-11-26,15688113
LISA,2025-11-27,15668148
LISA,2025-11-28,15648183
LISA,2025-11-29,15628218
LISA,2025-11-30,15608253
LISA,2025-12-01,15591458
LISA,2025-12-02,15574664
LISA,2025-12-03,15530833
LISA,2025-12-04,15566005
LISA,2025-12-05,15604884
LISA,2025-12-06,15613903
LISA,2025-12-07,15622922
LISA,2025-12-08,15651860
LISA,2025-12-09,15674721
LISA,2025-12-10,15678790
LISA,2025-12-11,15682858
LISA,2025-12-12,15702737
LISA,2025-12-13,15728483
LISA,2025-12-14,15772996
LISA,2025-12-15,15778297
LISA,2025-12-16,15774151
LISA,2025-12-17,15770004
LISA,2025-12-18,15765858
LISA,2025-12-19,15761908
LISA,2025-12-20,15757958
LISA,2025-12-21,15758396
LISA,2025-12-22,15775771
LISA,2025-12-23,15793146
LISA,2025-12-24,15810521
LISA,2025-12-25,15827896
LISA,2025-12-26,15845270
LISA,2025-12-27,15862645
LISA,2025-12-28,15880020
LISA,2025-12-29,15897395
LISA,2025-12-30,15914770
LISA,2025-12-31,15932222
LISA,2026-01-01,15949673
LISA,2026-01-02,15891143
LISA,2026-01-03,15832612
LISA,2026-01-04,15774082
LISA,2026-01-05,15769022
LISA,2026-01-06,15763961
LISA,2026-01-07,15777669
LISA,2026-01-08,15770003
LISA,2026-01-09,15754357
LISA,2026-01-10,15756310
LISA,2026-01-11,15738735
LISA,2026-01-12,15729990
LISA,2026-01-13,15751952
LISA,2026-01-14,15797295
LISA,2026-01-15,15850565
LISA,2026-01-16,15854532
LISA,2026-01-17,15858498
LISA,2026-01-18,15868327
LISA,2026-01-19,15869130
LISA,2026-01-20,15872855
LISA,2026-01-21,15854778
LISA,2026-01-22,15815886
LISA,2026-01-23,15723590
LISA,2026-01-24,15724356
LISA,2026-01-25,15737059
LISA,2026-01-26,15717512
LISA,2026-01-27,15697965
LISA,2026-01-28,15677213
LISA,2026-01-29,15656461
LISA,2026-01-30,15555474
LISA,2026-01-31,15579829
LISA,2026-02-01,15595197
LISA,2026-02-02,15577768
LISA,2026-02-03,15560338
LISA,2026-02-04,15528803
LISA,2026-02-05,15507472
LISA,2026-02-06,15495808
LISA,2026-02-07,15484145
LISA,2026-02-08,15469529
LISA,2026-02-09,15435786
LISA,2026-02-10,15396076
LISA,2026-02-11,15342638
LISA,2026-02-12,15287631
LISA,2026-02-13,15223984
LISA,2026-02-14,15214550
LISA,2026-02-15,15205115
LISA,2026-02-16,15173967
LISA,2026-02-17,15111435
LISA,2026-02-18,15086200
LISA,2026-02-19,15060966
LISA,2026-02-20,15002851
LISA,2026-02-21,14948552
LISA,2026-02-22,14907648
LISA,2026-02-23,14857044
LISA,2026-02-24,14815243
LISA,2026-02-25,14790009
LISA,2026-02-26,14764775
LISA,2026-02-27,14746774
LISA,2026-02-28,14712182
LISA,2026-03-01,14680797
LISA,2026-03-02,14669182
LISA,2026-03-03,14674107
LISA,2026-03-04,14649406
LISA,2026-03-05,14609050
LISA,2026-03-06,14592940
LISA,2026-03-07,14576831
LISA,2026-03-08,14535585
LISA,2026-03-09,14498977
LISA,2026-03-10,14465829
LISA,2026-03-11,14432487
LISA,2026-03-12,14363539
LISA,2026-03-13,14341782
LISA,2026-03-14,14320025
LISA,2026-03-15,14260679
LISA,2026-03-16,14207291
LISA,2026-03-17,14096957
LISA,2026-03-18,14083381
LISA,2026-03-19,14069805
LISA,2026-03-20,14046348
LISA,2026-03-21,14062401
LISA,2026-03-22,14051376
LISA,2026-03-23,14040352
LISA,2026-03-24,14029327
LISA,2026-03-25,13992772
LISA,2026-03-26,14015912
LISA,2026-03-27,14010402
LISA,2026-03-28,13952280
LISA,2026-03-29,13924758
LISA,2026-03-30,13897235
LISA,2026-03-31,13881770
LISA,2026-04-01,13838467
LISA,2026-04-02,13836763
LISA,2026-04-03,13824694
LISA,2026-04-04,13794809
LISA,2026-04-05,13792864
LISA,2026-04-06,13790920
LISA,2026-04-07,13790784
LISA,2026-04-08,13802927
LISA,2026-04-09,13809485
LISA,2026-04-10,13960448
LISA,2026-04-11,14221476
LISA,2026-04-12,14482503
P1Harmony,2024-04-13,1794241
P1Harmony,2024-04-14,1794241
P1Harmony,2024-04-15,1794241
P1Harmony,2024-04-16,1794241
P1Harmony,2024-04-17,1794241
P1Harmony,2024-04-18,1794241
P1Harmony,2024-04-19,1755222
P1Harmony,2024-04-20,1749234
P1Harmony,2024-04-21,1749234
P1Harmony,2024-04-22,1738079
P1Harmony,2024-04-23,1734627
P1Harmony,2024-04-24,1727290
P1Harmony,2024-04-25,1719612
P1Harmony,2024-04-26,1712369
P1Harmony,2024-04-27,1707669
P1Harmony,2024-04-28,1703565
P1Harmony,2024-04-29,1699193
P1Harmony,2024-04-30,1694491
P1Harmony,2024-05-01,1691837
P1Harmony,2024-05-02,1686450
P1Harmony,2024-05-03,1679575
P1Harmony,2024-05-04,1672139
P1Harmony,2024-05-05,1664325
P1Harmony,2024-05-06,1656486
P1Harmony,2024-05-07,1646953
P1Harmony,2024-05-08,1634360
P1Harmony,2024-05-09,1625911
P1Harmony,2024-05-10,1615857
P1Harmony,2024-05-11,1607685
P1Harmony,2024-05-12,1599755
P1Harmony,2024-05-13,1591329
P1Harmony,2024-05-14,1584169
P1Harmony,2024-05-15,1581084
P1Harmony,2024-05-16,1574537
P1Harmony,2024-05-17,1568124
P1Harmony,2024-05-18,1565366
P1Harmony,2024-05-19,1560496
P1Harmony,2024-05-20,1554688
P1Harmony,2024-05-21,1547944
P1Harmony,2024-05-22,1540447
P1Harmony,2024-05-23,1533466
P1Harmony,2024-05-24,1533466
P1Harmony,2024-05-25,1526072
P1Harmony,2024-05-26,1518492
P1Harmony,2024-05-27,1512365
P1Harmony,2024-05-28,1507284
P1Harmony,2024-05-29,1501817
P1Harmony,2024-05-30,1496570
P1Harmony,2024-05-31,1490611
P1Harmony,2024-06-01,1482669
P1Harmony,2024-06-02,1466712
P1Harmony,2024-06-03,1466712
P1Harmony,2024-06-04,1462085
P1Harmony,2024-06-05,1462085
P1Harmony,2024-06-06,1459383
P1Harmony,2024-06-07,1459383
P1Harmony,2024-06-08,1458068
P1Harmony,2024-06-09,1452388
P1Harmony,2024-06-10,1444305
P1Harmony,2024-06-11,1436748
P1Harmony,2024-06-12,1427554
P1Harmony,2024-06-13,1406024
P1Harmony,2024-06-14,1406024
P1Harmony,2024-06-15,1395516
P1Harmony,2024-06-16,1374312
P1Harmony,2024-06-17,1374312
P1Harmony,2024-06-18,1364222
P1Harmony,2024-06-19,1355480
P1Harmony,2024-06-20,1338842
P1Harmony,2024-06-21,1338842
P1Harmony,2024-06-22,1330116
P1Harmony,2024-06-23,1319817
P1Harmony,2024-06-24,1308356
P1Harmony,2024-06-25,1298140
P1Harmony,2024-06-26,1289690
P1Harmony,2024-06-27,1269372
P1Harmony,2024-06-28,1260884
P1Harmony,2024-06-29,1260884
P1Harmony,2024-06-30,1252481
P1Harmony,2024-07-01,1242831
P1Harmony,2024-07-02,1232942
P1Harmony,2024-07-03,1212064
P1Harmony,2024-07-04,1212064
P1Harmony,2024-07-05,1202289
P1Harmony,2024-07-06,1188646
P1Harmony,2024-07-07,1182658
P1Harmony,2024-07-08,1180563
P1Harmony,2024-07-09,1178644
P1Harmony,2024-07-10,1179299
P1Harmony,2024-07-11,1178124
P1Harmony,2024-07-12,1178124
P1Harmony,2024-07-13,1176535
P1Harmony,2024-07-14,1176651
P1Harmony,2024-07-15,1176289
P1Harmony,2024-07-16,1176403
P1Harmony,2024-07-17,1176403
P1Harmony,2024-07-18,1176369
P1Harmony,2024-07-19,1175777
P1Harmony,2024-07-20,1175994
P1Harmony,2024-07-21,1176108
P1Harmony,2024-07-22,1174896
P1Harmony,2024-07-23,1173572
P1Harmony,2024-07-24,1172519
P1Harmony,2024-07-25,1173070
P1Harmony,2024-07-26,1173347
P1Harmony,2024-07-27,1173624
P1Harmony,2024-07-28,1173958
P1Harmony,2024-07-29,1174559
P1Harmony,2024-07-30,1175160
P1Harmony,2024-07-31,1177656
P1Harmony,2024-08-01,1179093
P1Harmony,2024-08-02,1179107
P1Harmony,2024-08-03,1179121
P1Harmony,2024-08-04,1179723
P1Harmony,2024-08-05,1180325
P1Harmony,2024-08-06,1178465
P1Harmony,2024-08-07,1180051
P1Harmony,2024-08-08,1181636
P1Harmony,2024-08-09,1182294
P1Harmony,2024-08-10,1182951
P1Harmony,2024-08-11,1182769
P1Harmony,2024-08-12,1182587
P1Harmony,2024-08-13,1182970
P1Harmony,2024-08-14,1183040
P1Harmony,2024-08-15,1183109
P1Harmony,2024-08-16,1182238
P1Harmony,2024-08-17,1169641
P1Harmony,2024-08-18,1148329
P1Harmony,2024-08-19,1138237
P1Harmony,2024-08-20,1128144
P1Harmony,2024-08-21,1184717
P1Harmony,2024-08-22,1184462
P1Harmony,2024-08-23,1184207
P1Harmony,2024-08-24,1179928
P1Harmony,2024-08-25,1180967
P1Harmony,2024-08-26,1182290
P1Harmony,2024-08-27,1182189
P1Harmony,2024-08-28,1182087
P1Harmony,2024-08-29,1179173
P1Harmony,2024-08-30,1179924
P1Harmony,2024-08-31,1180674
P1Harmony,2024-09-01,1182148
P1Harmony,2024-09-02,1183795
P1Harmony,2024-09-03,1185442
P1Harmony,2024-09-04,1184764
P1Harmony,2024-09-05,1183876
P1Harmony,2024-09-06,1184073
P1Harmony,2024-09-07,1184269
P1Harmony,2024-09-08,1184136
P1Harmony,2024-09-09,1184522
P1Harmony,2024-09-10,1184563
P1Harmony,2024-09-11,1183387
P1Harmony,2024-09-12,1182210
P1Harmony,2024-09-13,1180775
P1Harmony,2024-09-14,1179013
P1Harmony,2024-09-15,1177423
P1Harmony,2024-09-16,1175832
P1Harmony,2024-09-17,1174059
P1Harmony,2024-09-18,1171342
P1Harmony,2024-09-19,1169733
P1Harmony,2024-09-20,1189162
P1Harmony,2024-09-21,1208591
P1Harmony,2024-09-22,1246807
P1Harmony,2024-09-23,1290669
P1Harmony,2024-09-24,1317789
P1Harmony,2024-09-25,1344908
P1Harmony,2024-09-26,1366045
P1Harmony,2024-09-27,1387268
P1Harmony,2024-09-28,1412562
P1Harmony,2024-09-29,1434495
P1Harmony,2024-09-30,1447056
P1Harmony,2024-10-01,1459617
P1Harmony,2024-10-02,1472178
P1Harmony,2024-10-03,1491963
P1Harmony,2024-10-04,1512590
P1Harmony,2024-10-05,1566795
P1Harmony,2024-10-06,1596991
P1Harmony,2024-10-07,1609426
P1Harmony,2024-10-08,1621860
P1Harmony,2024-10-09,1671695
P1Harmony,2024-10-10,1703880
P1Harmony,2024-10-11,1735504
P1Harmony,2024-10-12,1767127
P1Harmony,2024-10-13,1780620
P1Harmony,2024-10-14,1794113
P1Harmony,2024-10-15,1845380
P1Harmony,2024-10-16,1868342
P1Harmony,2024-10-17,1879376
P1Harmony,2024-10-18,1890410
P1Harmony,2024-10-19,1905459
P1Harmony,2024-10-20,1920508
P1Harmony,2024-10-21,1917178
P1Harmony,2024-10-22,1918947
P1Harmony,2024-10-23,1920715
P1Harmony,2024-10-24,1928356
P1Harmony,2024-10-25,1933968
P1Harmony,2024-10-26,1939502
P1Harmony,2024-10-27,1940042
P1Harmony,2024-10-28,1940581
P1Harmony,2024-10-29,1942330
P1Harmony,2024-10-30,1941383
P1Harmony,2024-10-31,1940565
P1Harmony,2024-11-01,1939746
P1Harmony,2024-11-02,1922341
P1Harmony,2024-11-03,1911414
P1Harmony,2024-11-04,1902080
P1Harmony,2024-11-05,1898024
P1Harmony,2024-11-06,1893968
P1Harmony,2024-11-07,1880958
P1Harmony,2024-11-08,1864838
P1Harmony,2024-11-09,1821841
P1Harmony,2024-11-10,1803323
P1Harmony,2024-11-11,1784805
P1Harmony,2024-11-12,1766853
P1Harmony,2024-11-13,1748900
P1Harmony,2024-11-14,1730769
P1Harmony,2024-11-15,1714336
P1Harmony,2024-11-16,1697902
P1Harmony,2024-11-17,1682676
P1Harmony,2024-11-18,1673858
P1Harmony,2024-11-19,1665040
P1Harmony,2024-11-20,1650533
P1Harmony,2024-11-21,1636966
P1Harmony,2024-11-22,1626810
P1Harmony,2024-11-23,1603952
P1Harmony,2024-11-24,1600113
P1Harmony,2024-11-25,1596274
P1Harmony,2024-11-26,1588106
P1Harmony,2024-11-27,1582363
P1Harmony,2024-11-28,1576317
P1Harmony,2024-11-29,1569076
P1Harmony,2024-11-30,1558177
P1Harmony,2024-12-01,1553022
P1Harmony,2024-12-02,1550994
P1Harmony,2024-12-03,1548965
P1Harmony,2024-12-04,1546277
P1Harmony,2024-12-05,1542464
P1Harmony,2024-12-06,1543028
P1Harmony,2024-12-07,1537973
P1Harmony,2024-12-08,1536655
P1Harmony,2024-12-09,1535336
P1Harmony,2024-12-10,1534018
P1Harmony,2024-12-11,1529511
P1Harmony,2024-12-12,1518251
P1Harmony,2024-12-13,1512651
P1Harmony,2024-12-14,1507051
P1Harmony,2024-12-15,1501276
P1Harmony,2024-12-16,1495501
P1Harmony,2024-12-17,1491878
P1Harmony,2024-12-18,1488255
P1Harmony,2024-12-19,1479613
P1Harmony,2024-12-20,1470397
P1Harmony,2024-12-21,1450735
P1Harmony,2024-12-22,1438902
P1Harmony,2024-12-23,1433605
P1Harmony,2024-12-24,1428307
P1Harmony,2024-12-25,1407545
P1Harmony,2024-12-26,1399600
P1Harmony,2024-12-27,1391655
P1Harmony,2024-12-28,1374632
P1Harmony,2024-12-29,1357608
P1Harmony,2024-12-30,1340585
P1Harmony,2024-12-31,1328021
P1Harmony,2025-01-01,1320781
P1Harmony,2025-01-02,1313540
P1Harmony,2025-01-03,1297397
P1Harmony,2025-01-04,1275972
P1Harmony,2025-01-05,1273655
P1Harmony,2025-01-06,1273678
P1Harmony,2025-01-07,1273700
P1Harmony,2025-01-08,1270670
P1Harmony,2025-01-09,1270526
P1Harmony,2025-01-10,1268284
P1Harmony,2025-01-11,1266042
P1Harmony,2025-01-12,1265346
P1Harmony,2025-01-13,1264650
P1Harmony,2025-01-14,1265779
P1Harmony,2025-01-15,1266907
P1Harmony,2025-01-16,1268370
P1Harmony,2025-01-17,1269833
P1Harmony,2025-01-18,1273705
P1Harmony,2025-01-19,1277576
P1Harmony,2025-01-20,1281448
P1Harmony,2025-01-21,1283009
P1Harmony,2025-01-22,1284569
P1Harmony,2025-01-23,1295517
P1Harmony,2025-01-24,1299041
P1Harmony,2025-01-25,1302565
P1Harmony,2025-01-26,1306088
P1Harmony,2025-01-27,1309612
P1Harmony,2025-01-28,1313280
P1Harmony,2025-01-29,1313308
P1Harmony,2025-01-30,1313335
P1Harmony,2025-01-31,1323344
P1Harmony,2025-02-01,1325363
P1Harmony,2025-02-02,1327381
P1Harmony,2025-02-03,1329400
P1Harmony,2025-02-04,1325309
P1Harmony,2025-02-05,1322695
P1Harmony,2025-02-06,1317131
P1Harmony,2025-02-07,1315188
P1Harmony,2025-02-08,1312593
P1Harmony,2025-02-09,1311689
P1Harmony,2025-02-10,1311019
P1Harmony,2025-02-11,1309728
P1Harmony,2025-02-12,1306871
P1Harmony,2025-02-13,1303143
P1Harmony,2025-02-14,1301028
P1Harmony,2025-02-15,1296748
P1Harmony,2025-02-16,1292467
P1Harmony,2025-02-17,1290398
P1Harmony,2025-02-18,1286796
P1Harmony,2025-02-19,1283193
P1Harmony,2025-02-20,1280689
P1Harmony,2025-02-21,1275856
P1Harmony,2025-02-22,1273496
P1Harmony,2025-02-23,1268632
P1Harmony,2025-02-24,1268107
P1Harmony,2025-02-25,1265722
P1Harmony,2025-02-26,1263147
P1Harmony,2025-02-27,1258171
P1Harmony,2025-02-28,1251534
P1Harmony,2025-03-01,1246858
P1Harmony,2025-03-02,1243817
P1Harmony,2025-03-03,1240584
P1Harmony,2025-03-04,1235833
P1Harmony,2025-03-05,1232542
P1Harmony,2025-03-06,1227322
P1Harmony,2025-03-07,1222101
P1Harmony,2025-03-08,1219793
P1Harmony,2025-03-09,1215740
P1Harmony,2025-03-10,1211888
P1Harmony,2025-03-11,1208036
P1Harmony,2025-03-12,1204184
P1Harmony,2025-03-13,1199622
P1Harmony,2025-03-14,1197189
P1Harmony,2025-03-15,1193734
P1Harmony,2025-03-16,1190278
P1Harmony,2025-03-17,1186823
P1Harmony,2025-03-18,1183367
P1Harmony,2025-03-19,1179912
P1Harmony,2025-03-20,1176456
P1Harmony,2025-03-21,1173001
P1Harmony,2025-03-22,1168583
P1Harmony,2025-03-23,1165249
P1Harmony,2025-03-24,1161915
P1Harmony,2025-03-25,1157556
P1Harmony,2025-03-26,1153290
P1Harmony,2025-03-27,1151143
P1Harmony,2025-03-28,1148996
P1Harmony,2025-03-29,1145620
P1Harmony,2025-03-30,1144852
P1Harmony,2025-03-31,1142925
P1Harmony,2025-04-01,1142729
P1Harmony,2025-04-02,1141966
P1Harmony,2025-04-03,1142156
P1Harmony,2025-04-04,1142345
P1Harmony,2025-04-05,1144767
P1Harmony,2025-04-06,1145184
P1Harmony,2025-04-07,1145601
P1Harmony,2025-04-08,1143381
P1Harmony,2025-04-09,1144097
P1Harmony,2025-04-10,1146081
P1Harmony,2025-04-11,1146849
P1Harmony,2025-04-12,1147617
P1Harmony,2025-04-13,1148384
P1Harmony,2025-04-14,1149152
P1Harmony,2025-04-15,1150944
P1Harmony,2025-04-16,1151363
P1Harmony,2025-04-17,1151782
P1Harmony,2025-04-18,1151032
P1Harmony,2025-04-19,1151002
P1Harmony,2025-04-20,1150972
P1Harmony,2025-04-21,1150359
P1Harmony,2025-04-22,1149746
P1Harmony,2025-04-23,1149128
P1Harmony,2025-04-24,1147331
P1Harmony,2025-04-25,1145534
P1Harmony,2025-04-26,1145244
P1Harmony,2025-04-27,1145894
P1Harmony,2025-04-28,1146752
P1Harmony,2025-04-29,1147059
P1Harmony,2025-04-30,1147428
P1Harmony,2025-05-01,1148329
P1Harmony,2025-05-02,1148590
P1Harmony,2025-05-03,1148196
P1Harmony,2025-05-04,1147801
P1Harmony,2025-05-05,1147407
P1Harmony,2025-05-06,1147012
P1Harmony,2025-05-07,1146240
P1Harmony,2025-05-08,1146121
P1Harmony,2025-05-09,1166196
P1Harmony,2025-05-10,1197437
P1Harmony,2025-05-11,1228678
P1Harmony,2025-05-12,1265436
P1Harmony,2025-05-13,1288293
P1Harmony,2025-05-14,1317181
P1Harmony,2025-05-15,1373234
P1Harmony,2025-05-16,1415949
P1Harmony,2025-05-17,1442410
P1Harmony,2025-05-18,1466468
P1Harmony,2025-05-19,1485617
P1Harmony,2025-05-20,1502537
P1Harmony,2025-05-21,1516981
P1Harmony,2025-05-22,1524983
P1Harmony,2025-05-23,1532984
P1Harmony,2025-05-24,1554187
P1Harmony,2025-05-25,1575389
P1Harmony,2025-05-26,1585725
P1Harmony,2025-05-27,1596061
P1Harmony,2025-05-28,1603299
P1Harmony,2025-05-29,1610537
P1Harmony,2025-05-30,1618444
P1Harmony,2025-05-31,1626351
P1Harmony,2025-06-01,1631651
P1Harmony,2025-06-02,1636951
P1Harmony,2025-06-03,1640306
P1Harmony,2025-06-04,1643661
P1Harmony,2025-06-05,1650126
P1Harmony,2025-06-06,1645552
P1Harmony,2025-06-07,1640978
P1Harmony,2025-06-08,1636403
P1Harmony,2025-06-09,1631829
P1Harmony,2025-06-10,1615844
P1Harmony,2025-06-11,1603005
P1Harmony,2025-06-12,1576833
P1Harmony,2025-06-13,1550661
P1Harmony,2025-06-14,1541368
P1Harmony,2025-06-15,1532075
P1Harmony,2025-06-16,1522763
P1Harmony,2025-06-17,1514288
P1Harmony,2025-06-18,1505180
P1Harmony,2025-06-19,1495273
P1Harmony,2025-06-20,1490422
P1Harmony,2025-06-21,1485570
P1Harmony,2025-06-22,1470881
P1Harmony,2025-06-23,1464452
P1Harmony,2025-06-24,1459514
P1Harmony,2025-06-25,1451729
P1Harmony,2025-06-26,1448441
P1Harmony,2025-06-27,1445153
P1Harmony,2025-06-28,1441657
P1Harmony,2025-06-29,1430743
P1Harmony,2025-06-30,1426719
P1Harmony,2025-07-01,1424611
P1Harmony,2025-07-02,1422502
P1Harmony,2025-07-03,1417417
P1Harmony,2025-07-04,1410348
P1Harmony,2025-07-05,1408079
P1Harmony,2025-07-06,1407030
P1Harmony,2025-07-07,1404417
P1Harmony,2025-07-08,1401804
P1Harmony,2025-07-09,1400088
P1Harmony,2025-07-10,1398371
P1Harmony,2025-07-11,1398287
P1Harmony,2025-07-12,1398203
P1Harmony,2025-07-13,1395696
P1Harmony,2025-07-14,1393124
P1Harmony,2025-07-15,1392119
P1Harmony,2025-07-16,1391113
P1Harmony,2025-07-17,1390281
P1Harmony,2025-07-18,1390675
P1Harmony,2025-07-19,1391069
P1Harmony,2025-07-20,1391693
P1Harmony,2025-07-21,1390167
P1Harmony,2025-07-22,1389092
P1Harmony,2025-07-23,1385246
P1Harmony,2025-07-24,1384527
P1Harmony,2025-07-25,1382547
P1Harmony,2025-07-26,1380567
P1Harmony,2025-07-27,1378311
P1Harmony,2025-07-28,1377973
P1Harmony,2025-07-29,1378722
P1Harmony,2025-07-30,1371461
P1Harmony,2025-07-31,1369280
P1Harmony,2025-08-01,1367098
P1Harmony,2025-08-02,1363877
P1Harmony,2025-08-03,1365473
P1Harmony,2025-08-04,1367069
P1Harmony,2025-08-05,1366165
P1Harmony,2025-08-06,1365260
P1Harmony,2025-08-07,1365428
P1Harmony,2025-08-08,1365596
P1Harmony,2025-08-09,1365764
P1Harmony,2025-08-10,1366035
P1Harmony,2025-08-11,1367046
P1Harmony,2025-08-12,1368057
P1Harmony,2025-08-13,1369947
P1Harmony,2025-08-14,1371837
P1Harmony,2025-08-15,1371796
P1Harmony,2025-08-16,1370955
P1Harmony,2025-08-17,1370870
P1Harmony,2025-08-18,1370784
P1Harmony,2025-08-19,1371316
P1Harmony,2025-08-20,1371848
P1Harmony,2025-08-21,1371706
P1Harmony,2025-08-22,1373555
P1Harmony,2025-08-23,1372783
P1Harmony,2025-08-24,1372051
P1Harmony,2025-08-25,1371319
P1Harmony,2025-08-26,1371889
P1Harmony,2025-08-27,1372459
P1Harmony,2025-08-28,1374699
P1Harmony,2025-08-29,1373153
P1Harmony,2025-08-30,1373393
P1Harmony,2025-08-31,1373632
P1Harmony,2025-09-01,1373872
P1Harmony,2025-09-02,1373451
P1Harmony,2025-09-03,1375902
P1Harmony,2025-09-04,1375120
P1Harmony,2025-09-05,1374337
P1Harmony,2025-09-06,1372290
P1Harmony,2025-09-07,1370243
P1Harmony,2025-09-08,1368196
P1Harmony,2025-09-09,1369041
P1Harmony,2025-09-10,1369886
P1Harmony,2025-09-11,1370731
P1Harmony,2025-09-12,1371576
P1Harmony,2025-09-13,1372421
P1Harmony,2025-09-14,1373265
P1Harmony,2025-09-15,1374110
P1Harmony,2025-09-16,1374955
P1Harmony,2025-09-17,1376672
P1Harmony,2025-09-18,1379841
P1Harmony,2025-09-19,1382080
P1Harmony,2025-09-20,1384318
P1Harmony,2025-09-21,1386373
P1Harmony,2025-09-22,1391666
P1Harmony,2025-09-23,1393565
P1Harmony,2025-09-24,1395463
P1Harmony,2025-09-25,1395740
P1Harmony,2025-09-26,1396016
P1Harmony,2025-09-27,1396293
P1Harmony,2025-09-28,1431406
P1Harmony,2025-09-29,1440645
P1Harmony,2025-09-30,1449884
P1Harmony,2025-10-01,1488771
P1Harmony,2025-10-02,1521997
P1Harmony,2025-10-03,1563298
P1Harmony,2025-10-04,1661352
P1Harmony,2025-10-05,1678965
P1Harmony,2025-10-06,1696577
P1Harmony,2025-10-07,1768470
P1Harmony,2025-10-08,1789283
P1Harmony,2025-10-09,1811747
P1Harmony,2025-10-10,1834543
P1Harmony,2025-10-11,1857275
P1Harmony,2025-10-12,1875188
P1Harmony,2025-10-13,1892319
P1Harmony,2025-10-14,1909450
P1Harmony,2025-10-15,1917393
P1Harmony,2025-10-16,1925336
P1Harmony,2025-10-17,1945408
P1Harmony,2025-10-18,1955776
P1Harmony,2025-10-19,1966677
P1Harmony,2025-10-20,1975067
P1Harmony,2025-10-21,1984006
P1Harmony,2025-10-22,1989355
P1Harmony,2025-10-23,2000648
P1Harmony,2025-10-24,2005489
P1Harmony,2025-10-25,2010330
P1Harmony,2025-10-26,2012290
P1Harmony,2025-10-27,2011173
P1Harmony,2025-10-28,2010056
P1Harmony,2025-10-29,1997275
P1Harmony,2025-10-30,1984494
P1Harmony,2025-10-31,1971060
P1Harmony,2025-11-01,1925032
P1Harmony,2025-11-02,1914664
P1Harmony,2025-11-03,1904295
P1Harmony,2025-11-04,1879267
P1Harmony,2025-11-05,1860690
P1Harmony,2025-11-06,1842113
P1Harmony,2025-11-07,1823536
P1Harmony,2025-11-08,1806842
P1Harmony,2025-11-09,1790148
P1Harmony,2025-11-10,1778381
P1Harmony,2025-11-11,1750926
P1Harmony,2025-11-12,1739333
P1Harmony,2025-11-13,1727739
P1Harmony,2025-11-14,1723371
P1Harmony,2025-11-15,1719003
P1Harmony,2025-11-16,1708465
P1Harmony,2025-11-17,1698180
P1Harmony,2025-11-18,1687894
P1Harmony,2025-11-19,1673922
P1Harmony,2025-11-20,1669230
P1Harmony,2025-11-21,1664538
P1Harmony,2025-11-22,1656011
P1Harmony,2025-11-23,1642852
P1Harmony,2025-11-24,1623306
P1Harmony,2025-11-25,1617414
P1Harmony,2025-11-26,1611522
P1Harmony,2025-11-27,1605631
P1Harmony,2025-11-28,1599739
P1Harmony,2025-11-29,1593847
P1Harmony,2025-11-30,1587955
P1Harmony,2025-12-01,1585135
P1Harmony,2025-12-02,1582314
P1Harmony,2025-12-03,1582047
P1Harmony,2025-12-04,1581779
P1Harmony,2025-12-05,1583709
P1Harmony,2025-12-06,1582719
P1Harmony,2025-12-07,1581728
P1Harmony,2025-12-08,1579691
P1Harmony,2025-12-09,1576399
P1Harmony,2025-12-10,1574528
P1Harmony,2025-12-11,1572656
P1Harmony,2025-12-12,1572189
P1Harmony,2025-12-13,1571721
P1Harmony,2025-12-14,1570908
P1Harmony,2025-12-15,1569216
P1Harmony,2025-12-16,1569199
P1Harmony,2025-12-17,1565839
P1Harmony,2025-12-18,1562479
P1Harmony,2025-12-19,1559119
P1Harmony,2025-12-20,1557464
P1Harmony,2025-12-21,1563198
P1Harmony,2025-12-22,1562841
P1Harmony,2025-12-23,1562483
P1Harmony,2025-12-24,1562126
P1Harmony,2025-12-25,1561768
P1Harmony,2025-12-26,1561411
P1Harmony,2025-12-27,1561053
P1Harmony,2025-12-28,1560696
P1Harmony,2025-12-29,1560339
P1Harmony,2025-12-30,1559981
P1Harmony,2025-12-31,1560566
P1Harmony,2026-01-01,1561150
P1Harmony,2026-01-02,1559486
P1Harmony,2026-01-03,1557822
P1Harmony,2026-01-04,1556158
P1Harmony,2026-01-05,1557709
P1Harmony,2026-01-06,1559260
P1Harmony,2026-01-07,1563336
P1Harmony,2026-01-08,1566450
P1Harmony,2026-01-09,1568621
P1Harmony,2026-01-10,1570055
P1Harmony,2026-01-11,1571063
P1Harmony,2026-01-12,1570838
P1Harmony,2026-01-13,1578574
P1Harmony,2026-01-14,1581107
P1Harmony,2026-01-15,1583640
P1Harmony,2026-01-16,1583620
P1Harmony,2026-01-17,1583599
P1Harmony,2026-01-18,1585131
P1Harmony,2026-01-19,1588529
P1Harmony,2026-01-20,1594418
P1Harmony,2026-01-21,1603260
P1Harmony,2026-01-22,1606480
P1Harmony,2026-01-23,1609699
P1Harmony,2026-01-24,1627381
P1Harmony,2026-01-25,1633639
P1Harmony,2026-01-26,1636170
P1Harmony,2026-01-27,1638700
P1Harmony,2026-01-28,1642502
P1Harmony,2026-01-29,1645497
P1Harmony,2026-01-30,1646471
P1Harmony,2026-01-31,1653077
P1Harmony,2026-02-01,1655113
P1Harmony,2026-02-02,1656701
P1Harmony,2026-02-03,1658288
P1Harmony,2026-02-04,1657042
P1Harmony,2026-02-05,1655801
P1Harmony,2026-02-06,1654559
P1Harmony,2026-02-07,1654344
P1Harmony,2026-02-08,1660247
P1Harmony,2026-02-09,1666162
P1Harmony,2026-02-10,1667570
P1Harmony,2026-02-11,1668295
P1Harmony,2026-02-12,1669246
P1Harmony,2026-02-13,1670909
P1Harmony,2026-02-14,1674845
P1Harmony,2026-02-15,1672590
P1Harmony,2026-02-16,1667274
P1Harmony,2026-02-17,1661958
P1Harmony,2026-02-18,1660962
P1Harmony,2026-02-19,1659965
P1Harmony,2026-02-20,1654043
P1Harmony,2026-02-21,1648245
P1Harmony,2026-02-22,1643759
P1Harmony,2026-02-23,1638550
P1Harmony,2026-02-24,1632712
P1Harmony,2026-02-25,1632285
P1Harmony,2026-02-26,1619733
P1Harmony,2026-02-27,1614406
P1Harmony,2026-02-28,1612523
P1Harmony,2026-03-01,1610639
P1Harmony,2026-03-02,1605724
P1Harmony,2026-03-03,1600356
P1Harmony,2026-03-04,1595752
P1Harmony,2026-03-05,1589483
P1Harmony,2026-03-06,1587204
P1Harmony,2026-03-07,1584925
P1Harmony,2026-03-08,1569490
P1Harmony,2026-03-09,1563852
P1Harmony,2026-03-10,1560350
P1Harmony,2026-03-11,1556848
P1Harmony,2026-03-12,1552287
P1Harmony,2026-03-13,1548787
P1Harmony,2026-03-14,1569332
P1Harmony,2026-03-15,1598559
P1Harmony,2026-03-16,1678040
P1Harmony,2026-03-17,1692919
P1Harmony,2026-03-18,1707797
P1Harmony,2026-03-19,1741278
P1Harmony,2026-03-20,1788257
P1Harmony,2026-03-21,1872239
P1Harmony,2026-03-22,1899888
P1Harmony,2026-03-23,1927537
P1Harmony,2026-03-24,1955186
P1Harmony,2026-03-25,1979603
P1Harmony,2026-03-26,2004019
P1Harmony,2026-03-27,2063679
P1Harmony,2026-03-28,2114710
P1Harmony,2026-03-29,2154017
P1Harmony,2026-03-30,2206875
P1Harmony,2026-03-31,2296643
P1Harmony,2026-04-01,2312554
P1Harmony,2026-04-02,2328464
P1Harmony,2026-04-03,2358983
P1Harmony,2026-04-04,2422073
P1Harmony,2026-04-05,2436937
P1Harmony,2026-04-06,2451800
P1Harmony,2026-04-07,2511491
P1Harmony,2026-04-08,2526444
P1Harmony,2026-04-09,2541397
P1Harmony,2026-04-10,2572099
P1Harmony,2026-04-11,2587306
P1Harmony,2026-04-12,2590975
ROSÉ,2024-04-13,3207519
ROSÉ,2024-04-14,3207519
ROSÉ,2024-04-15,3207519
ROSÉ,2024-04-16,3207519
ROSÉ,2024-04-17,3158673
ROSÉ,2024-04-18,3158673
ROSÉ,2024-04-19,3175502
ROSÉ,2024-04-20,3175502
ROSÉ,2024-04-21,3175502
ROSÉ,2024-04-22,3175502
ROSÉ,2024-04-23,3175502
ROSÉ,2024-04-24,3195151
ROSÉ,2024-04-25,3198778
ROSÉ,2024-04-26,3202610
ROSÉ,2024-04-27,3208436
ROSÉ,2024-04-28,3213695
ROSÉ,2024-04-29,3214938
ROSÉ,2024-04-30,3211169
ROSÉ,2024-05-01,3214960
ROSÉ,2024-05-02,3216957
ROSÉ,2024-05-03,3219626
ROSÉ,2024-05-04,3219626
ROSÉ,2024-05-05,3205646
ROSÉ,2024-05-06,3204753
ROSÉ,2024-05-07,3203203
ROSÉ,2024-05-08,3202525
ROSÉ,2024-05-09,3208457
ROSÉ,2024-05-10,3211939
ROSÉ,2024-05-11,3211725
ROSÉ,2024-05-12,3208799
ROSÉ,2024-05-13,3210271
ROSÉ,2024-05-14,3210271
ROSÉ,2024-05-15,3210271
ROSÉ,2024-05-16,3185573
ROSÉ,2024-05-17,3169753
ROSÉ,2024-05-18,3158998
ROSÉ,2024-05-19,3151580
ROSÉ,2024-05-20,3142690
ROSÉ,2024-05-21,3138453
ROSÉ,2024-05-22,3138453
ROSÉ,2024-05-23,3134352
ROSÉ,2024-05-24,3124996
ROSÉ,2024-05-25,3116425
ROSÉ,2024-05-26,3107072
ROSÉ,2024-05-27,3100626
ROSÉ,2024-05-28,3080031
ROSÉ,2024-05-29,3080031
ROSÉ,2024-05-30,3061778
ROSÉ,2024-05-31,3061778
ROSÉ,2024-06-01,3051484
ROSÉ,2024-06-02,3044749
ROSÉ,2024-06-03,3036772
ROSÉ,2024-06-04,3028998
ROSÉ,2024-06-05,3028998
ROSÉ,2024-06-06,3023853
ROSÉ,2024-06-07,3017720
ROSÉ,2024-06-08,3016192
ROSÉ,2024-06-09,3009186
ROSÉ,2024-06-10,3004418
ROSÉ,2024-06-11,2995487
ROSÉ,2024-06-12,2989119
ROSÉ,2024-06-13,2982738
ROSÉ,2024-06-14,2977832
ROSÉ,2024-06-15,2970550
ROSÉ,2024-06-16,2967478
ROSÉ,2024-06-17,2957511
ROSÉ,2024-06-18,2949168
ROSÉ,2024-06-19,2934763
ROSÉ,2024-06-20,2919841
ROSÉ,2024-06-21,2916365
ROSÉ,2024-06-22,2912177
ROSÉ,2024-06-23,2909801
ROSÉ,2024-06-24,2908391
ROSÉ,2024-06-25,2907830
ROSÉ,2024-06-26,2910218
ROSÉ,2024-06-27,2903644
ROSÉ,2024-06-28,2899110
ROSÉ,2024-06-29,2915123
ROSÉ,2024-06-30,2915123
ROSÉ,2024-07-01,2921316
ROSÉ,2024-07-02,2925263
ROSÉ,2024-07-03,2927039
ROSÉ,2024-07-04,2928475
ROSÉ,2024-07-05,2940858
ROSÉ,2024-07-06,2953473
ROSÉ,2024-07-07,2962626
ROSÉ,2024-07-08,2965717
ROSÉ,2024-07-09,2974688
ROSÉ,2024-07-10,2988566
ROSÉ,2024-07-11,2998677
ROSÉ,2024-07-12,3004998
ROSÉ,2024-07-13,3008129
ROSÉ,2024-07-14,3012507
ROSÉ,2024-07-15,3016157
ROSÉ,2024-07-16,3019820
ROSÉ,2024-07-17,3025518
ROSÉ,2024-07-18,3033428
ROSÉ,2024-07-19,3037188
ROSÉ,2024-07-20,3035939
ROSÉ,2024-07-21,3036365
ROSÉ,2024-07-22,3036790
ROSÉ,2024-07-23,3029160
ROSÉ,2024-07-24,3029951
ROSÉ,2024-07-25,3034042
ROSÉ,2024-07-26,3036862
ROSÉ,2024-07-27,3029474
ROSÉ,2024-07-28,3022085
ROSÉ,2024-07-29,3011799
ROSÉ,2024-07-30,2993765
ROSÉ,2024-07-31,2990958
ROSÉ,2024-08-01,2988151
ROSÉ,2024-08-02,2980934
ROSÉ,2024-08-03,2975763
ROSÉ,2024-08-04,2978941
ROSÉ,2024-08-05,2982119
ROSÉ,2024-08-06,2974261
ROSÉ,2024-08-07,2974338
ROSÉ,2024-08-08,2974415
ROSÉ,2024-08-09,2973801
ROSÉ,2024-08-10,2956420
ROSÉ,2024-08-11,2949830
ROSÉ,2024-08-12,2943240
ROSÉ,2024-08-13,2933992
ROSÉ,2024-08-14,2928604
ROSÉ,2024-08-15,2923215
ROSÉ,2024-08-16,2911519
ROSÉ,2024-08-17,2799528
ROSÉ,2024-08-18,2725232
ROSÉ,2024-08-19,2650935
ROSÉ,2024-08-20,2766847
ROSÉ,2024-08-21,2882759
ROSÉ,2024-08-22,2889218
ROSÉ,2024-08-23,2887239
ROSÉ,2024-08-24,2882681
ROSÉ,2024-08-25,2883556
ROSÉ,2024-08-26,2884894
ROSÉ,2024-08-27,2886231
ROSÉ,2024-08-28,2887568
ROSÉ,2024-08-29,2886972
ROSÉ,2024-08-30,2885169
ROSÉ,2024-08-31,2871457
ROSÉ,2024-09-01,2858700
ROSÉ,2024-09-02,2855360
ROSÉ,2024-09-03,2852820
ROSÉ,2024-09-04,2841549
ROSÉ,2024-09-05,2832869
ROSÉ,2024-09-06,2835012
ROSÉ,2024-09-07,2837155
ROSÉ,2024-09-08,2844047
ROSÉ,2024-09-09,2850939
ROSÉ,2024-09-10,2852486
ROSÉ,2024-09-11,2853611
ROSÉ,2024-09-12,2858212
ROSÉ,2024-09-13,2864245
ROSÉ,2024-09-14,2871204
ROSÉ,2024-09-15,2878163
ROSÉ,2024-09-16,2885122
ROSÉ,2024-09-17,2892731
ROSÉ,2024-09-18,2891233
ROSÉ,2024-09-19,2887825
ROSÉ,2024-09-20,2884417
ROSÉ,2024-09-21,2880323
ROSÉ,2024-09-22,2877834
ROSÉ,2024-09-23,2875345
ROSÉ,2024-09-24,2863969
ROSÉ,2024-09-25,2864853
ROSÉ,2024-09-26,2865736
ROSÉ,2024-09-27,2857876
ROSÉ,2024-09-28,2840963
ROSÉ,2024-09-29,2836901
ROSÉ,2024-09-30,2832839
ROSÉ,2024-10-01,2819995
ROSÉ,2024-10-02,2807150
ROSÉ,2024-10-03,2809533
ROSÉ,2024-10-04,2811916
ROSÉ,2024-10-05,2825310
ROSÉ,2024-10-06,2827463
ROSÉ,2024-10-07,2829615
ROSÉ,2024-10-08,2831767
ROSÉ,2024-10-09,2838591
ROSÉ,2024-10-10,2845414
ROSÉ,2024-10-11,2845262
ROSÉ,2024-10-12,2855637
ROSÉ,2024-10-13,2864084
ROSÉ,2024-10-14,2872531
ROSÉ,2024-10-15,2877662
ROSÉ,2024-10-16,2879074
ROSÉ,2024-10-17,2880485
ROSÉ,2024-10-18,2895265
ROSÉ,2024-10-19,4977757
ROSÉ,2024-10-20,7325379
ROSÉ,2024-10-21,9673000
ROSÉ,2024-10-22,12473074
ROSÉ,2024-10-23,15273148
ROSÉ,2024-10-24,18072822
ROSÉ,2024-10-25,20632116
ROSÉ,2024-10-26,23210770
ROSÉ,2024-10-27,24461750
ROSÉ,2024-10-28,25712730
ROSÉ,2024-10-29,27914074
ROSÉ,2024-10-30,32113300
ROSÉ,2024-10-31,33786292
ROSÉ,2024-11-01,35459280
ROSÉ,2024-11-02,37079096
ROSÉ,2024-11-03,38667228
ROSÉ,2024-11-04,40116624
ROSÉ,2024-11-05,41451556
ROSÉ,2024-11-06,42690000
ROSÉ,2024-11-07,43892480
ROSÉ,2024-11-08,45113348
ROSÉ,2024-11-09,46450844
ROSÉ,2024-11-10,47831284
ROSÉ,2024-11-11,49211730
ROSÉ,2024-11-12,50377720
ROSÉ,2024-11-13,51462270
ROSÉ,2024-11-14,51999804
ROSÉ,2024-11-15,52537336
ROSÉ,2024-11-16,54346844
ROSÉ,2024-11-17,55040680
ROSÉ,2024-11-18,55734520
ROSÉ,2024-11-19,56039156
ROSÉ,2024-11-20,56064492
ROSÉ,2024-11-21,56022652
ROSÉ,2024-11-22,55976540
ROSÉ,2024-11-23,56268650
ROSÉ,2024-11-24,56568110
ROSÉ,2024-11-25,56902936
ROSÉ,2024-11-26,57040156
ROSÉ,2024-11-27,57142412
ROSÉ,2024-11-28,57244676
ROSÉ,2024-11-29,57346936
ROSÉ,2024-11-30,58134280
ROSÉ,2024-12-01,58507384
ROSÉ,2024-12-02,58832430
ROSÉ,2024-12-03,59125980
ROSÉ,2024-12-04,59436730
ROSÉ,2024-12-05,59738190
ROSÉ,2024-12-06,60026516
ROSÉ,2024-12-07,60841748
ROSÉ,2024-12-08,61390924
ROSÉ,2024-12-09,61713228
ROSÉ,2024-12-10,62035530
ROSÉ,2024-12-11,62307800
ROSÉ,2024-12-12,62621730
ROSÉ,2024-12-13,62921972
ROSÉ,2024-12-14,63288500
ROSÉ,2024-12-15,63640844
ROSÉ,2024-12-16,63993190
ROSÉ,2024-12-17,64251036
ROSÉ,2024-12-18,64518270
ROSÉ,2024-12-19,64765068
ROSÉ,2024-12-20,65004140
ROSÉ,2024-12-21,65178452
ROSÉ,2024-12-22,65326696
ROSÉ,2024-12-23,65343076
ROSÉ,2024-12-24,65359456
ROSÉ,2024-12-25,65749664
ROSÉ,2024-12-26,65660670
ROSÉ,2024-12-27,65571680
ROSÉ,2024-12-28,65611124
ROSÉ,2024-12-29,65650570
ROSÉ,2024-12-30,65690012
ROSÉ,2024-12-31,65812140
ROSÉ,2025-01-01,65934270
ROSÉ,2025-01-02,67868010
ROSÉ,2025-01-03,68292780
ROSÉ,2025-01-04,68358880
ROSÉ,2025-01-05,68362000
ROSÉ,2025-01-06,68365120
ROSÉ,2025-01-07,68638580
ROSÉ,2025-01-08,68979840
ROSÉ,2025-01-09,69224850
ROSÉ,2025-01-10,69348550
ROSÉ,2025-01-11,69472264
ROSÉ,2025-01-12,69601970
ROSÉ,2025-01-13,69731680
ROSÉ,2025-01-14,69900456
ROSÉ,2025-01-15,70232344
ROSÉ,2025-01-16,70380970
ROSÉ,2025-01-17,70496680
ROSÉ,2025-01-18,70595850
ROSÉ,2025-01-19,70695010
ROSÉ,2025-01-20,70794184
ROSÉ,2025-01-21,70894550
ROSÉ,2025-01-22,70676640
ROSÉ,2025-01-23,70690700
ROSÉ,2025-01-24,70704776
ROSÉ,2025-01-25,70844790
ROSÉ,2025-01-26,70984790
ROSÉ,2025-01-27,71124800
ROSÉ,2025-01-28,71114770
ROSÉ,2025-01-29,69900620
ROSÉ,2025-01-30,69496184
ROSÉ,2025-01-31,69292744
ROSÉ,2025-02-01,69161920
ROSÉ,2025-02-02,69031096
ROSÉ,2025-02-03,68900264
ROSÉ,2025-02-04,68786776
ROSÉ,2025-02-05,68673290
ROSÉ,2025-02-06,68247250
ROSÉ,2025-02-07,68091660
ROSÉ,2025-02-08,67924390
ROSÉ,2025-02-09,67853460
ROSÉ,2025-02-10,67664390
ROSÉ,2025-02-11,67480640
ROSÉ,2025-02-12,67229360
ROSÉ,2025-02-13,66974590
ROSÉ,2025-02-14,66666424
ROSÉ,2025-02-15,66494020
ROSÉ,2025-02-16,66321616
ROSÉ,2025-02-17,66102270
ROSÉ,2025-02-18,65891516
ROSÉ,2025-02-19,65680760
ROSÉ,2025-02-20,65574384
ROSÉ,2025-02-21,65335110
ROSÉ,2025-02-22,65113016
ROSÉ,2025-02-23,64861610
ROSÉ,2025-02-24,64595016
ROSÉ,2025-02-25,64307810
ROSÉ,2025-02-26,63880904
ROSÉ,2025-02-27,63525064
ROSÉ,2025-02-28,63267904
ROSÉ,2025-03-01,62939780
ROSÉ,2025-03-02,62611656
ROSÉ,2025-03-03,62293828
ROSÉ,2025-03-04,61968676
ROSÉ,2025-03-05,61620580
ROSÉ,2025-03-06,61243350
ROSÉ,2025-03-07,60866124
ROSÉ,2025-03-08,60549016
ROSÉ,2025-03-09,60268772
ROSÉ,2025-03-10,59971270
ROSÉ,2025-03-11,59673764
ROSÉ,2025-03-12,59376260
ROSÉ,2025-03-13,59145976
ROSÉ,2025-03-14,58921024
ROSÉ,2025-03-15,58736600
ROSÉ,2025-03-16,58552180
ROSÉ,2025-03-17,58367760
ROSÉ,2025-03-18,58183340
ROSÉ,2025-03-19,57998916
ROSÉ,2025-03-20,57814492
ROSÉ,2025-03-21,57630070
ROSÉ,2025-03-22,57387440
ROSÉ,2025-03-23,57149492
ROSÉ,2025-03-24,56906640
ROSÉ,2025-03-25,56724336
ROSÉ,2025-03-26,56521850
ROSÉ,2025-03-27,56294510
ROSÉ,2025-03-28,56067180
ROSÉ,2025-03-29,55780390
ROSÉ,2025-03-30,55529176
ROSÉ,2025-03-31,55355776
ROSÉ,2025-04-01,55167570
ROSÉ,2025-04-02,54923310
ROSÉ,2025-04-03,54822892
ROSÉ,2025-04-04,54722470
ROSÉ,2025-04-05,54483736
ROSÉ,2025-04-06,54245000
ROSÉ,2025-04-07,54006264
ROSÉ,2025-04-08,53560268
ROSÉ,2025-04-09,53424456
ROSÉ,2025-04-10,53288640
ROSÉ,2025-04-11,52932764
ROSÉ,2025-04-12,52576880
ROSÉ,2025-04-13,52220996
ROSÉ,2025-04-14,51919340
ROSÉ,2025-04-15,51810156
ROSÉ,2025-04-16,51700972
ROSÉ,2025-04-17,51438920
ROSÉ,2025-04-18,51112560
ROSÉ,2025-04-19,50776060
ROSÉ,2025-04-20,50608636
ROSÉ,2025-04-21,50441216
ROSÉ,2025-04-22,50211830
ROSÉ,2025-04-23,49678924
ROSÉ,2025-04-24,49369636
ROSÉ,2025-04-25,49241060
ROSÉ,2025-04-26,49112490
ROSÉ,2025-04-27,48382430
ROSÉ,2025-04-28,48074828
ROSÉ,2025-04-29,47899988
ROSÉ,2025-04-30,47725148
ROSÉ,2025-05-01,47550310
ROSÉ,2025-05-02,47275170
ROSÉ,2025-05-03,47085896
ROSÉ,2025-05-04,46896624
ROSÉ,2025-05-05,46707348
ROSÉ,2025-05-06,46550536
ROSÉ,2025-05-07,46388932
ROSÉ,2025-05-08,46232616
ROSÉ,2025-05-09,46065776
ROSÉ,2025-05-10,46299744
ROSÉ,2025-05-11,46328560
ROSÉ,2025-05-12,46313160
ROSÉ,2025-05-13,46253140
ROSÉ,2025-05-14,46204000
ROSÉ,2025-05-15,46128690
ROSÉ,2025-05-16,46053376
ROSÉ,2025-05-17,45962260
ROSÉ,2025-05-18,45883104
ROSÉ,2025-05-19,45714564
ROSÉ,2025-05-20,45546024
ROSÉ,2025-05-21,45412764
ROSÉ,2025-05-22,45313710
ROSÉ,2025-05-23,45267624
ROSÉ,2025-05-24,45221544
ROSÉ,2025-05-25,45175460
ROSÉ,2025-05-26,44996244
ROSÉ,2025-05-27,44914100
ROSÉ,2025-05-28,44776590
ROSÉ,2025-05-29,44633220
ROSÉ,2025-05-30,44524516
ROSÉ,2025-05-31,44415816
ROSÉ,2025-06-01,44348188
ROSÉ,2025-06-02,44280560
ROSÉ,2025-06-03,43951430
ROSÉ,2025-06-04,43859772
ROSÉ,2025-06-05,43742656
ROSÉ,2025-06-06,43625536
ROSÉ,2025-06-07,43154656
ROSÉ,2025-06-08,42931504
ROSÉ,2025-06-09,42708350
ROSÉ,2025-06-10,42485200
ROSÉ,2025-06-11,41874136
ROSÉ,2025-06-12,41576250
ROSÉ,2025-06-13,41282856
ROSÉ,2025-06-14,41028260
ROSÉ,2025-06-15,40773656
ROSÉ,2025-06-16,40657736
ROSÉ,2025-06-17,40541816
ROSÉ,2025-06-18,40135710
ROSÉ,2025-06-19,39943540
ROSÉ,2025-06-20,39751370
ROSÉ,2025-06-21,39558388
ROSÉ,2025-06-22,39365410
ROSÉ,2025-06-23,39258864
ROSÉ,2025-06-24,39152330
ROSÉ,2025-06-25,38788490
ROSÉ,2025-06-26,38643292
ROSÉ,2025-06-27,38498100
ROSÉ,2025-06-28,38724876
ROSÉ,2025-06-29,38951650
ROSÉ,2025-06-30,39362096
ROSÉ,2025-07-01,39749580
ROSÉ,2025-07-02,40077972
ROSÉ,2025-07-03,40271652
ROSÉ,2025-07-04,40465332
ROSÉ,2025-07-05,41181360
ROSÉ,2025-07-06,41398188
ROSÉ,2025-07-07,41610130
ROSÉ,2025-07-08,41822070
ROSÉ,2025-07-09,41968764
ROSÉ,2025-07-10,42115452
ROSÉ,2025-07-11,42375390
ROSÉ,2025-07-12,42599390
ROSÉ,2025-07-13,42957736
ROSÉ,2025-07-14,43093170
ROSÉ,2025-07-15,43305548
ROSÉ,2025-07-16,43517932
ROSÉ,2025-07-17,43669388
ROSÉ,2025-07-18,43749380
ROSÉ,2025-07-19,43829372
ROSÉ,2025-07-20,44228260
ROSÉ,2025-07-21,44352836
ROSÉ,2025-07-22,44477412
ROSÉ,2025-07-23,44565480
ROSÉ,2025-07-24,44694900
ROSÉ,2025-07-25,44750070
ROSÉ,2025-07-26,44805250
ROSÉ,2025-07-27,44340650
ROSÉ,2025-07-28,44144188
ROSÉ,2025-07-29,43947736
ROSÉ,2025-07-30,43744720
ROSÉ,2025-07-31,43462416
ROSÉ,2025-08-01,43239640
ROSÉ,2025-08-02,43016864
ROSÉ,2025-08-03,42862444
ROSÉ,2025-08-04,42708020
ROSÉ,2025-08-05,42637332
ROSÉ,2025-08-06,42566650
ROSÉ,2025-08-07,42417184
ROSÉ,2025-08-08,42181492
ROSÉ,2025-08-09,41945790
ROSÉ,2025-08-10,41717636
ROSÉ,2025-08-11,41348200
ROSÉ,2025-08-12,41275096
ROSÉ,2025-08-13,41201996
ROSÉ,2025-08-14,40806600
ROSÉ,2025-08-15,40733910
ROSÉ,2025-08-16,40661224
ROSÉ,2025-08-17,40388900
ROSÉ,2025-08-18,40232210
ROSÉ,2025-08-19,40057696
ROSÉ,2025-08-20,39783110
ROSÉ,2025-08-21,39572784
ROSÉ,2025-08-22,39456204
ROSÉ,2025-08-23,39339620
ROSÉ,2025-08-24,38949760
ROSÉ,2025-08-25,38782396
ROSÉ,2025-08-26,38718976
ROSÉ,2025-08-27,38655550
ROSÉ,2025-08-28,38477932
ROSÉ,2025-08-29,38363390
ROSÉ,2025-08-30,38182300
ROSÉ,2025-08-31,37980828
ROSÉ,2025-09-01,37779356
ROSÉ,2025-09-02,37725500
ROSÉ,2025-09-03,37671644
ROSÉ,2025-09-04,37373876
ROSÉ,2025-09-05,37288890
ROSÉ,2025-09-06,37203900
ROSÉ,2025-09-07,36937492
ROSÉ,2025-09-08,36671076
ROSÉ,2025-09-09,36528316
ROSÉ,2025-09-10,36385556
ROSÉ,2025-09-11,36242796
ROSÉ,2025-09-12,36100040
ROSÉ,2025-09-13,35957276
ROSÉ,2025-09-14,35814520
ROSÉ,2025-09-15,35671760
ROSÉ,2025-09-16,35528996
ROSÉ,2025-09-17,35386240
ROSÉ,2025-09-18,35270692
ROSÉ,2025-09-19,35199544
ROSÉ,2025-09-20,35128390
ROSÉ,2025-09-21,35012850
ROSÉ,2025-09-22,34908056
ROSÉ,2025-09-23,34639016
ROSÉ,2025-09-24,34577748
ROSÉ,2025-09-25,34516480
ROSÉ,2025-09-26,34374990
ROSÉ,2025-09-27,34233504
ROSÉ,2025-09-28,34074824
ROSÉ,2025-09-29,33991530
ROSÉ,2025-09-30,33929196
ROSÉ,2025-10-01,33799544
ROSÉ,2025-10-02,33785700
ROSÉ,2025-10-03,33912204
ROSÉ,2025-10-04,34038704
ROSÉ,2025-10-05,34094164
ROSÉ,2025-10-06,34149624
ROSÉ,2025-10-07,34139500
ROSÉ,2025-10-08,34165812
ROSÉ,2025-10-09,34170212
ROSÉ,2025-10-10,34174616
ROSÉ,2025-10-11,34220144
ROSÉ,2025-10-12,34367076
ROSÉ,2025-10-13,34464908
ROSÉ,2025-10-14,34608480
ROSÉ,2025-10-15,34644556
ROSÉ,2025-10-16,34680630
ROSÉ,2025-10-17,34736620
ROSÉ,2025-10-18,34767244
ROSÉ,2025-10-19,34797868
ROSÉ,2025-10-20,34814308
ROSÉ,2025-10-21,34830750
ROSÉ,2025-10-22,34859664
ROSÉ,2025-10-23,34891320
ROSÉ,2025-10-24,34922970
ROSÉ,2025-10-25,34948970
ROSÉ,2025-10-26,35010268
ROSÉ,2025-10-27,35071564
ROSÉ,2025-10-28,35116876
ROSÉ,2025-10-29,35134612
ROSÉ,2025-10-30,35152350
ROSÉ,2025-10-31,35119716
ROSÉ,2025-11-01,35119716
ROSÉ,2025-11-02,34909332
ROSÉ,2025-11-03,34845120
ROSÉ,2025-11-04,34780908
ROSÉ,2025-11-05,34716696
ROSÉ,2025-11-06,34644744
ROSÉ,2025-11-07,34548604
ROSÉ,2025-11-08,34452464
ROSÉ,2025-11-09,34306916
ROSÉ,2025-11-10,34177240
ROSÉ,2025-11-11,34040400
ROSÉ,2025-11-12,33877824
ROSÉ,2025-11-13,33609610
ROSÉ,2025-11-14,33473902
ROSÉ,2025-11-15,33338198
ROSÉ,2025-11-16,33202494
ROSÉ,2025-11-17,33042708
ROSÉ,2025-11-18,32882924
ROSÉ,2025-11-19,32779698
ROSÉ,2025-11-20,32676472
ROSÉ,2025-11-21,32573246
ROSÉ,2025-11-22,32470020
ROSÉ,2025-11-23,32244316
ROSÉ,2025-11-24,32012588
ROSÉ,2025-11-25,31780860
ROSÉ,2025-11-26,31600674
ROSÉ,2025-11-27,31430676
ROSÉ,2025-11-28,31260676
ROSÉ,2025-11-29,31090678
ROSÉ,2025-11-30,30920680
ROSÉ,2025-12-01,30794110
ROSÉ,2025-12-02,30667540
ROSÉ,2025-12-03,30599796
ROSÉ,2025-12-04,30773364
ROSÉ,2025-12-05,30946932
ROSÉ,2025-12-06,31010886
ROSÉ,2025-12-07,31074842
ROSÉ,2025-12-08,31171864
ROSÉ,2025-12-09,31316586
ROSÉ,2025-12-10,31360158
ROSÉ,2025-12-11,31403730
ROSÉ,2025-12-12,31517808
ROSÉ,2025-12-13,31600644
ROSÉ,2025-12-14,31622928
ROSÉ,2025-12-15,31655438
ROSÉ,2025-12-16,31733232
ROSÉ,2025-12-17,31813516
ROSÉ,2025-12-18,31854562
ROSÉ,2025-12-19,31895606
ROSÉ,2025-12-20,31936650
ROSÉ,2025-12-21,31977694
ROSÉ,2025-12-22,32053850
ROSÉ,2025-12-23,32130008
ROSÉ,2025-12-24,32206164
ROSÉ,2025-12-25,32282320
ROSÉ,2025-12-26,32358478
ROSÉ,2025-12-27,32434634
ROSÉ,2025-12-28,32510790
ROSÉ,2025-12-29,32586948
ROSÉ,2025-12-30,32663104
ROSÉ,2025-12-31,33052888
ROSÉ,2026-01-01,33724570
ROSÉ,2026-01-02,34396250
ROSÉ,2026-01-03,34454364
ROSÉ,2026-01-04,34512480
ROSÉ,2026-01-05,34570596
ROSÉ,2026-01-06,34530010
ROSÉ,2026-01-07,34621120
ROSÉ,2026-01-08,34567104
ROSÉ,2026-01-09,34514130
ROSÉ,2026-01-10,34528516
ROSÉ,2026-01-11,34542904
ROSÉ,2026-01-12,34569904
ROSÉ,2026-01-13,34545950
ROSÉ,2026-01-14,34598348
ROSÉ,2026-01-15,34624292
ROSÉ,2026-01-16,34650236
ROSÉ,2026-01-17,34730932
ROSÉ,2026-01-18,34767424
ROSÉ,2026-01-19,34784148
ROSÉ,2026-01-20,34785044
ROSÉ,2026-01-21,34630800
ROSÉ,2026-01-22,34581280
ROSÉ,2026-01-23,34531764
ROSÉ,2026-01-24,34466730
ROSÉ,2026-01-25,34449064
ROSÉ,2026-01-26,34405890
ROSÉ,2026-01-27,34318690
ROSÉ,2026-01-28,34231492
ROSÉ,2026-01-29,33931504
ROSÉ,2026-01-30,32770564
ROSÉ,2026-01-31,32291052
ROSÉ,2026-02-01,31790090
ROSÉ,2026-02-02,31759186
ROSÉ,2026-02-03,31728282
ROSÉ,2026-02-04,31648754
ROSÉ,2026-02-05,31649844
ROSÉ,2026-02-06,31650932
ROSÉ,2026-02-07,31621860
ROSÉ,2026-02-08,31562552
ROSÉ,2026-02-09,31519978
ROSÉ,2026-02-10,31477404
ROSÉ,2026-02-11,31458796
ROSÉ,2026-02-12,31440186
ROSÉ,2026-02-13,31172772
ROSÉ,2026-02-14,31117484
ROSÉ,2026-02-15,31060686
ROSÉ,2026-02-16,31018836
ROSÉ,2026-02-17,30976984
ROSÉ,2026-02-18,30878950
ROSÉ,2026-02-19,30806644
ROSÉ,2026-02-20,30734336
ROSÉ,2026-02-21,30641372
ROSÉ,2026-02-22,30548408
ROSÉ,2026-02-23,30541190
ROSÉ,2026-02-24,30533972
ROSÉ,2026-02-25,30430116
ROSÉ,2026-02-26,30398776
ROSÉ,2026-02-27,30367436
ROSÉ,2026-02-28,30292958
ROSÉ,2026-03-01,30260702
ROSÉ,2026-03-02,30228444
ROSÉ,2026-03-03,30175028
ROSÉ,2026-03-04,30121610
ROSÉ,2026-03-05,29940288
ROSÉ,2026-03-06,29885284
ROSÉ,2026-03-07,29830280
ROSÉ,2026-03-08,29717862
ROSÉ,2026-03-09,29617562
ROSÉ,2026-03-10,29531224
ROSÉ,2026-03-11,29436018
ROSÉ,2026-03-12,29375408
ROSÉ,2026-03-13,29271172
ROSÉ,2026-03-14,29153020
ROSÉ,2026-03-15,29018332
ROSÉ,2026-03-16,28915072
ROSÉ,2026-03-17,28754576
ROSÉ,2026-03-18,28730592
ROSÉ,2026-03-19,28706608
ROSÉ,2026-03-20,28651818
ROSÉ,2026-03-21,28535728
ROSÉ,2026-03-22,28510192
ROSÉ,2026-03-23,28484656
ROSÉ,2026-03-24,28459118
ROSÉ,2026-03-25,28386702
ROSÉ,2026-03-26,28393754
ROSÉ,2026-03-27,28405136
ROSÉ,2026-03-28,28407684
ROSÉ,2026-03-29,28299012
ROSÉ,2026-03-30,28194630
ROSÉ,2026-03-31,28142924
ROSÉ,2026-04-01,28091216
ROSÉ,2026-04-02,27971252
ROSÉ,2026-04-03,27948172
ROSÉ,2026-04-04,27925094
ROSÉ,2026-04-05,27910820
ROSÉ,2026-04-06,27833652
ROSÉ,2026-04-07,27789602
ROSÉ,2026-04-08,27801324
ROSÉ,2026-04-09,27813048
ROSÉ,2026-04-10,27792288
ROSÉ,2026-04-11,27766164
ROSÉ,2026-04-12,27711272
Stray Kids,2024-04-13,8207303
Stray Kids,2024-04-14,8207303
Stray Kids,2024-04-15,8207303
Stray Kids,2024-04-16,8207303
Stray Kids,2024-04-17,8207303
Stray Kids,2024-04-18,8207303
Stray Kids,2024-04-19,8254624
Stray Kids,2024-04-20,8254624
Stray Kids,2024-04-21,8254624
Stray Kids,2024-04-22,8254624
Stray Kids,2024-04-23,8254624
Stray Kids,2024-04-24,8251987
Stray Kids,2024-04-25,8244275
Stray Kids,2024-04-26,8233812
Stray Kids,2024-04-27,8232253
Stray Kids,2024-04-28,8236611
Stray Kids,2024-04-29,8231858
Stray Kids,2024-04-30,8223858
Stray Kids,2024-05-01,8211321
Stray Kids,2024-05-02,8208516
Stray Kids,2024-05-03,8203700
Stray Kids,2024-05-04,8203700
Stray Kids,2024-05-05,8166075
Stray Kids,2024-05-06,8145148
Stray Kids,2024-05-07,8132768
Stray Kids,2024-05-08,8124509
Stray Kids,2024-05-09,8123525
Stray Kids,2024-05-10,8113309
Stray Kids,2024-05-11,8348120
Stray Kids,2024-05-12,8494864
Stray Kids,2024-05-13,8655903
Stray Kids,2024-05-14,8655903
Stray Kids,2024-05-15,8827485
Stray Kids,2024-05-16,9194925
Stray Kids,2024-05-17,9403756
Stray Kids,2024-05-18,9622164
Stray Kids,2024-05-19,9758115
Stray Kids,2024-05-20,9856553
Stray Kids,2024-05-21,9940131
Stray Kids,2024-05-22,10019617
Stray Kids,2024-05-23,10019617
Stray Kids,2024-05-24,10101749
Stray Kids,2024-05-25,10178920
Stray Kids,2024-05-26,10306855
Stray Kids,2024-05-27,10359310
Stray Kids,2024-05-28,10359310
Stray Kids,2024-05-29,10466276
Stray Kids,2024-05-30,10522393
Stray Kids,2024-05-31,10567444
Stray Kids,2024-06-01,10567444
Stray Kids,2024-06-02,10666953
Stray Kids,2024-06-03,10717177
Stray Kids,2024-06-04,10764919
Stray Kids,2024-06-05,10764919
Stray Kids,2024-06-06,10846530
Stray Kids,2024-06-07,10846530
Stray Kids,2024-06-08,10731826
Stray Kids,2024-06-09,10636674
Stray Kids,2024-06-10,10636674
Stray Kids,2024-06-11,10527451
Stray Kids,2024-06-12,10409537
Stray Kids,2024-06-13,10290353
Stray Kids,2024-06-14,9987596
Stray Kids,2024-06-15,9806481
Stray Kids,2024-06-16,9806481
Stray Kids,2024-06-17,9600203
Stray Kids,2024-06-18,9600203
Stray Kids,2024-06-19,9463347
Stray Kids,2024-06-20,9383643
Stray Kids,2024-06-21,9309719
Stray Kids,2024-06-22,9309719
Stray Kids,2024-06-23,9247082
Stray Kids,2024-06-24,9127534
Stray Kids,2024-06-25,9127534
Stray Kids,2024-06-26,9014095
Stray Kids,2024-06-27,8949044
Stray Kids,2024-06-28,8949044
Stray Kids,2024-06-29,8883671
Stray Kids,2024-06-30,8800595
Stray Kids,2024-07-01,8800595
Stray Kids,2024-07-02,8713840
Stray Kids,2024-07-03,8662930
Stray Kids,2024-07-04,8662930
Stray Kids,2024-07-05,8622108
Stray Kids,2024-07-06,8575364
Stray Kids,2024-07-07,8530981
Stray Kids,2024-07-08,8490952
Stray Kids,2024-07-09,8444122
Stray Kids,2024-07-10,8444122
Stray Kids,2024-07-11,8422130
Stray Kids,2024-07-12,8397258
Stray Kids,2024-07-13,8376705
Stray Kids,2024-07-14,8363490
Stray Kids,2024-07-15,8363490
Stray Kids,2024-07-16,8323458
Stray Kids,2024-07-17,8323458
Stray Kids,2024-07-18,8310593
Stray Kids,2024-07-19,8284847
Stray Kids,2024-07-20,8460750
Stray Kids,2024-07-21,8516066
Stray Kids,2024-07-22,8571381
Stray Kids,2024-07-23,8685989
Stray Kids,2024-07-24,8939683
Stray Kids,2024-07-25,9106090
Stray Kids,2024-07-26,9272497
Stray Kids,2024-07-27,9495429
Stray Kids,2024-07-28,9718362
Stray Kids,2024-07-29,9933434
Stray Kids,2024-07-30,10153365
Stray Kids,2024-07-31,10326574
Stray Kids,2024-08-01,10499782
Stray Kids,2024-08-02,10643899
Stray Kids,2024-08-03,10788015
Stray Kids,2024-08-04,10919790
Stray Kids,2024-08-05,11051564
Stray Kids,2024-08-06,11175922
Stray Kids,2024-08-07,11287227
Stray Kids,2024-08-08,11354774
Stray Kids,2024-08-09,11422321
Stray Kids,2024-08-10,11639889
Stray Kids,2024-08-11,11731089
Stray Kids,2024-08-12,11772960
Stray Kids,2024-08-13,11814831
Stray Kids,2024-08-14,11884808
Stray Kids,2024-08-15,11947067
Stray Kids,2024-08-16,12007891
Stray Kids,2024-08-17,11902433
Stray Kids,2024-08-18,11708754
Stray Kids,2024-08-19,11508234
Stray Kids,2024-08-20,11713223
Stray Kids,2024-08-21,11918212
Stray Kids,2024-08-22,11864761
Stray Kids,2024-08-23,11806933
Stray Kids,2024-08-24,11710390
Stray Kids,2024-08-25,11598969
Stray Kids,2024-08-26,11486686
Stray Kids,2024-08-27,11372925
Stray Kids,2024-08-28,11274537
Stray Kids,2024-08-29,11176148
Stray Kids,2024-08-30,11097899
Stray Kids,2024-08-31,11019650
Stray Kids,2024-09-01,10947993
Stray Kids,2024-09-02,10873631
Stray Kids,2024-09-03,10807783
Stray Kids,2024-09-04,10744430
Stray Kids,2024-09-05,10645299
Stray Kids,2024-09-06,10555108
Stray Kids,2024-09-07,10464916
Stray Kids,2024-09-08,10394684
Stray Kids,2024-09-09,10349457
Stray Kids,2024-09-10,10306878
Stray Kids,2024-09-11,10268905
Stray Kids,2024-09-12,10239287
Stray Kids,2024-09-13,10213326
Stray Kids,2024-09-14,10191941
Stray Kids,2024-09-15,10170555
Stray Kids,2024-09-16,10153240
Stray Kids,2024-09-17,10151803
Stray Kids,2024-09-18,10137224
Stray Kids,2024-09-19,10121465
Stray Kids,2024-09-20,10078839
Stray Kids,2024-09-21,10046690
Stray Kids,2024-09-22,10038814
Stray Kids,2024-09-23,10014652
Stray Kids,2024-09-24,9990490
Stray Kids,2024-09-25,9954422
Stray Kids,2024-09-26,9918354
Stray Kids,2024-09-27,9876326
Stray Kids,2024-09-28,9834297
Stray Kids,2024-09-29,9795647
Stray Kids,2024-09-30,9767550
Stray Kids,2024-10-01,9739453
Stray Kids,2024-10-02,9711356
Stray Kids,2024-10-03,9650110
Stray Kids,2024-10-04,9641533
Stray Kids,2024-10-05,9632955
Stray Kids,2024-10-06,9626570
Stray Kids,2024-10-07,9620187
Stray Kids,2024-10-08,9613802
Stray Kids,2024-10-09,9607165
Stray Kids,2024-10-10,9592129
Stray Kids,2024-10-11,9587302
Stray Kids,2024-10-12,9582476
Stray Kids,2024-10-13,9579037
Stray Kids,2024-10-14,9575598
Stray Kids,2024-10-15,9572456
Stray Kids,2024-10-16,9554209
Stray Kids,2024-10-17,9540521
Stray Kids,2024-10-18,9590039
Stray Kids,2024-10-19,9639556
Stray Kids,2024-10-20,9689074
Stray Kids,2024-10-21,9738592
Stray Kids,2024-10-22,9780202
Stray Kids,2024-10-23,9821812
Stray Kids,2024-10-24,9858860
Stray Kids,2024-10-25,9903079
Stray Kids,2024-10-26,9970565
Stray Kids,2024-10-27,9981823
Stray Kids,2024-10-28,9993080
Stray Kids,2024-10-29,10014642
Stray Kids,2024-10-30,10052519
Stray Kids,2024-10-31,10070540
Stray Kids,2024-11-01,10088561
Stray Kids,2024-11-02,10118244
Stray Kids,2024-11-03,10126645
Stray Kids,2024-11-04,10135046
Stray Kids,2024-11-05,10130220
Stray Kids,2024-11-06,10135763
Stray Kids,2024-11-07,10146097
Stray Kids,2024-11-08,10160785
Stray Kids,2024-11-09,10175474
Stray Kids,2024-11-10,10188585
Stray Kids,2024-11-11,10201696
Stray Kids,2024-11-12,10257112
Stray Kids,2024-11-13,10323076
Stray Kids,2024-11-14,10389105
Stray Kids,2024-11-15,10415633
Stray Kids,2024-11-16,10442162
Stray Kids,2024-11-17,10449775
Stray Kids,2024-11-18,10457387
Stray Kids,2024-11-19,10474335
Stray Kids,2024-11-20,10534836
Stray Kids,2024-11-21,10600539
Stray Kids,2024-11-22,10640361
Stray Kids,2024-11-23,10718014
Stray Kids,2024-11-24,10772079
Stray Kids,2024-11-25,10826143
Stray Kids,2024-11-26,11003365
Stray Kids,2024-11-27,11193071
Stray Kids,2024-11-28,11382776
Stray Kids,2024-11-29,11572482
Stray Kids,2024-11-30,11708865
Stray Kids,2024-12-01,11827355
Stray Kids,2024-12-02,11945846
Stray Kids,2024-12-03,12056762
Stray Kids,2024-12-04,12261439
Stray Kids,2024-12-05,12313011
Stray Kids,2024-12-06,12364582
Stray Kids,2024-12-07,12640246
Stray Kids,2024-12-08,12673738
Stray Kids,2024-12-09,12707229
Stray Kids,2024-12-10,12740721
Stray Kids,2024-12-11,12756841
Stray Kids,2024-12-12,12772961
Stray Kids,2024-12-13,12822226
Stray Kids,2024-12-14,12985237
Stray Kids,2024-12-15,13026764
Stray Kids,2024-12-16,13068290
Stray Kids,2024-12-17,13109818
Stray Kids,2024-12-18,13168990
Stray Kids,2024-12-19,13220790
Stray Kids,2024-12-20,13246924
Stray Kids,2024-12-21,13308935
Stray Kids,2024-12-22,13308020
Stray Kids,2024-12-23,13287846
Stray Kids,2024-12-24,13267671
Stray Kids,2024-12-25,13222335
Stray Kids,2024-12-26,13375377
Stray Kids,2024-12-27,13521875
Stray Kids,2024-12-28,13493703
Stray Kids,2024-12-29,13465531
Stray Kids,2024-12-30,13437359
Stray Kids,2024-12-31,13392273
Stray Kids,2025-01-01,13345403
Stray Kids,2025-01-02,13316976
Stray Kids,2025-01-03,13256415
Stray Kids,2025-01-04,13156873
Stray Kids,2025-01-05,13137999
Stray Kids,2025-01-06,13119124
Stray Kids,2025-01-07,13079108
Stray Kids,2025-01-08,13040368
Stray Kids,2025-01-09,13032665
Stray Kids,2025-01-10,13024962
Stray Kids,2025-01-11,12886465
Stray Kids,2025-01-12,12829953
Stray Kids,2025-01-13,12773441
Stray Kids,2025-01-14,12737895
Stray Kids,2025-01-15,12702349
Stray Kids,2025-01-16,12649162
Stray Kids,2025-01-17,12599176
Stray Kids,2025-01-18,12533242
Stray Kids,2025-01-19,12467308
Stray Kids,2025-01-20,12401373
Stray Kids,2025-01-21,12362584
Stray Kids,2025-01-22,12310499
Stray Kids,2025-01-23,12070081
Stray Kids,2025-01-24,11818775
Stray Kids,2025-01-25,11757552
Stray Kids,2025-01-26,11696329
Stray Kids,2025-01-27,11635106
Stray Kids,2025-01-28,11545498
Stray Kids,2025-01-29,11510880
Stray Kids,2025-01-30,11476263
Stray Kids,2025-01-31,11485752
Stray Kids,2025-02-01,11465554
Stray Kids,2025-02-02,11445355
Stray Kids,2025-02-03,11425157
Stray Kids,2025-02-04,11408659
Stray Kids,2025-02-05,11376281
Stray Kids,2025-02-06,11270526
Stray Kids,2025-02-07,11225520
Stray Kids,2025-02-08,11165533
Stray Kids,2025-02-09,11101302
Stray Kids,2025-02-10,11061065
Stray Kids,2025-02-11,11017190
Stray Kids,2025-02-12,10957394
Stray Kids,2025-02-13,10897598
Stray Kids,2025-02-14,10844785
Stray Kids,2025-02-15,10814801
Stray Kids,2025-02-16,10784817
Stray Kids,2025-02-17,10772533
Stray Kids,2025-02-18,10772533
Stray Kids,2025-02-19,10738961
Stray Kids,2025-02-20,10722174
Stray Kids,2025-02-21,10705388
Stray Kids,2025-02-22,10679715
Stray Kids,2025-02-23,10654043
Stray Kids,2025-02-24,10627332
Stray Kids,2025-02-25,10600621
Stray Kids,2025-02-26,10567306
Stray Kids,2025-02-27,10533989
Stray Kids,2025-02-28,10500674
Stray Kids,2025-03-01,10471700
Stray Kids,2025-03-02,10442725
Stray Kids,2025-03-03,10423719
Stray Kids,2025-03-04,10404712
Stray Kids,2025-03-05,10376874
Stray Kids,2025-03-06,10352829
Stray Kids,2025-03-07,10328784
Stray Kids,2025-03-08,10310479
Stray Kids,2025-03-09,10292823
Stray Kids,2025-03-10,10281732
Stray Kids,2025-03-11,10270641
Stray Kids,2025-03-12,10259552
Stray Kids,2025-03-13,10248461
Stray Kids,2025-03-14,10226514
Stray Kids,2025-03-15,10204568
Stray Kids,2025-03-16,10182621
Stray Kids,2025-03-17,10160673
Stray Kids,2025-03-18,10138726
Stray Kids,2025-03-19,10116780
Stray Kids,2025-03-20,10094833
Stray Kids,2025-03-21,10072886
Stray Kids,2025-03-22,10085921
Stray Kids,2025-03-23,10098956
Stray Kids,2025-03-24,10111991
Stray Kids,2025-03-25,10125027
Stray Kids,2025-03-26,10138062
Stray Kids,2025-03-27,10151096
Stray Kids,2025-03-28,10164131
Stray Kids,2025-03-29,10177167
Stray Kids,2025-03-30,10190202
Stray Kids,2025-03-31,10209938
Stray Kids,2025-04-01,10229675
Stray Kids,2025-04-02,10249411
Stray Kids,2025-04-03,10269147
Stray Kids,2025-04-04,10288884
Stray Kids,2025-04-05,10308620
Stray Kids,2025-04-06,10328356
Stray Kids,2025-04-07,10348092
Stray Kids,2025-04-08,10367829
Stray Kids,2025-04-09,10360669
Stray Kids,2025-04-10,10353508
Stray Kids,2025-04-11,10346349
Stray Kids,2025-04-12,10339188
Stray Kids,2025-04-13,10332028
Stray Kids,2025-04-14,10324868
Stray Kids,2025-04-15,10317707
Stray Kids,2025-04-16,10310547
Stray Kids,2025-04-17,10303386
Stray Kids,2025-04-18,10296227
Stray Kids,2025-04-19,10289066
Stray Kids,2025-04-20,10281906
Stray Kids,2025-04-21,10274746
Stray Kids,2025-04-22,10267586
Stray Kids,2025-04-23,10343961
Stray Kids,2025-04-24,10320094
Stray Kids,2025-04-25,10296227
Stray Kids,2025-04-26,10272359
Stray Kids,2025-04-27,10248491
Stray Kids,2025-04-28,10224624
Stray Kids,2025-04-29,10199278
Stray Kids,2025-04-30,10173932
Stray Kids,2025-05-01,10148586
Stray Kids,2025-05-02,10123240
Stray Kids,2025-05-03,10078568
Stray Kids,2025-05-04,10033894
Stray Kids,2025-05-05,9989222
Stray Kids,2025-05-06,9944549
Stray Kids,2025-05-07,9904055
Stray Kids,2025-05-08,9868470
Stray Kids,2025-05-09,9848519
Stray Kids,2025-05-10,9816915
Stray Kids,2025-05-11,9785312
Stray Kids,2025-05-12,9759197
Stray Kids,2025-05-13,9730610
Stray Kids,2025-05-14,9702024
Stray Kids,2025-05-15,9676264
Stray Kids,2025-05-16,9650502
Stray Kids,2025-05-17,9622648
Stray Kids,2025-05-18,9589312
Stray Kids,2025-05-19,9573165
Stray Kids,2025-05-20,9557018
Stray Kids,2025-05-21,9528059
Stray Kids,2025-05-22,9512801
Stray Kids,2025-05-23,9497542
Stray Kids,2025-05-24,9482283
Stray Kids,2025-05-25,9467025
Stray Kids,2025-05-26,9451767
Stray Kids,2025-05-27,9436508
Stray Kids,2025-05-28,9421250
Stray Kids,2025-05-29,9405991
Stray Kids,2025-05-30,9390732
Stray Kids,2025-05-31,9375474
Stray Kids,2025-06-01,9360215
Stray Kids,2025-06-02,9344956
Stray Kids,2025-06-03,9329699
Stray Kids,2025-06-04,9314440
Stray Kids,2025-06-05,9477198
Stray Kids,2025-06-06,9426335
Stray Kids,2025-06-07,9375474
Stray Kids,2025-06-08,9324612
Stray Kids,2025-06-09,9273751
Stray Kids,2025-06-10,9222889
Stray Kids,2025-06-11,9206641
Stray Kids,2025-06-12,9209823
Stray Kids,2025-06-13,9213006
Stray Kids,2025-06-14,9250562
Stray Kids,2025-06-15,9288117
Stray Kids,2025-06-16,9344149
Stray Kids,2025-06-17,9400182
Stray Kids,2025-06-18,9434216
Stray Kids,2025-06-19,9483244
Stray Kids,2025-06-20,9527187
Stray Kids,2025-06-21,9571914
Stray Kids,2025-06-22,9637858
Stray Kids,2025-06-23,9683795
Stray Kids,2025-06-24,9711891
Stray Kids,2025-06-25,9751739
Stray Kids,2025-06-26,9857648
Stray Kids,2025-06-27,9900663
Stray Kids,2025-06-28,9921019
Stray Kids,2025-06-29,9941376
Stray Kids,2025-06-30,10002090
Stray Kids,2025-07-01,10070683
Stray Kids,2025-07-02,10139277
Stray Kids,2025-07-03,10216404
Stray Kids,2025-07-04,10339704
Stray Kids,2025-07-05,10408455
Stray Kids,2025-07-06,10477205
Stray Kids,2025-07-07,10531986
Stray Kids,2025-07-08,10586768
Stray Kids,2025-07-09,10615625
Stray Kids,2025-07-10,10644482
Stray Kids,2025-07-11,10666410
Stray Kids,2025-07-12,10693590
Stray Kids,2025-07-13,10729276
Stray Kids,2025-07-14,10743282
Stray Kids,2025-07-15,10757288
Stray Kids,2025-07-16,10792079
Stray Kids,2025-07-17,10823260
Stray Kids,2025-07-18,10838201
Stray Kids,2025-07-19,10835811
Stray Kids,2025-07-20,10857095
Stray Kids,2025-07-21,10882068
Stray Kids,2025-07-22,10894259
Stray Kids,2025-07-23,10906450
Stray Kids,2025-07-24,10902351
Stray Kids,2025-07-25,10898251
Stray Kids,2025-07-26,10900076
Stray Kids,2025-07-27,10890895
Stray Kids,2025-07-28,10892207
Stray Kids,2025-07-29,10893519
Stray Kids,2025-07-30,10859051
Stray Kids,2025-07-31,10852039
Stray Kids,2025-08-01,10845028
Stray Kids,2025-08-02,10844507
Stray Kids,2025-08-03,10843987
Stray Kids,2025-08-04,10873578
Stray Kids,2025-08-05,10865934
Stray Kids,2025-08-06,10858290
Stray Kids,2025-08-07,10856431
Stray Kids,2025-08-08,10869103
Stray Kids,2025-08-09,10891620
Stray Kids,2025-08-10,10903817
Stray Kids,2025-08-11,10909236
Stray Kids,2025-08-12,10914655
Stray Kids,2025-08-13,10910191
Stray Kids,2025-08-14,10907623
Stray Kids,2025-08-15,10906980
Stray Kids,2025-08-16,10906337
Stray Kids,2025-08-17,10908241
Stray Kids,2025-08-18,10910175
Stray Kids,2025-08-19,10912110
Stray Kids,2025-08-20,10915564
Stray Kids,2025-08-21,10907852
Stray Kids,2025-08-22,10909501
Stray Kids,2025-08-23,11180300
Stray Kids,2025-08-24,11326235
Stray Kids,2025-08-25,11472170
Stray Kids,2025-08-26,11537296
Stray Kids,2025-08-27,11602423
Stray Kids,2025-08-28,11869358
Stray Kids,2025-08-29,11944183
Stray Kids,2025-08-30,12019008
Stray Kids,2025-08-31,12134409
Stray Kids,2025-09-01,12249810
Stray Kids,2025-09-02,12338770
Stray Kids,2025-09-03,12427618
Stray Kids,2025-09-04,12507961
Stray Kids,2025-09-05,12572098
Stray Kids,2025-09-06,12638491
Stray Kids,2025-09-07,12765607
Stray Kids,2025-09-08,12892725
Stray Kids,2025-09-09,12919783
Stray Kids,2025-09-10,12946841
Stray Kids,2025-09-11,12973899
Stray Kids,2025-09-12,13000956
Stray Kids,2025-09-13,13028015
Stray Kids,2025-09-14,13055072
Stray Kids,2025-09-15,13082131
Stray Kids,2025-09-16,13109188
Stray Kids,2025-09-17,13136246
Stray Kids,2025-09-18,13163248
Stray Kids,2025-09-19,13178763
Stray Kids,2025-09-20,13049687
Stray Kids,2025-09-21,12994848
Stray Kids,2025-09-22,12924230
Stray Kids,2025-09-23,12882606
Stray Kids,2025-09-24,12840982
Stray Kids,2025-09-25,12780097
Stray Kids,2025-09-26,12617861
Stray Kids,2025-09-27,12455625
Stray Kids,2025-09-28,12372211
Stray Kids,2025-09-29,12335961
Stray Kids,2025-09-30,12299710
Stray Kids,2025-10-01,12209956
Stray Kids,2025-10-02,12071688
Stray Kids,2025-10-03,12039798
Stray Kids,2025-10-04,12007908
Stray Kids,2025-10-05,11942471
Stray Kids,2025-10-06,11881686
Stray Kids,2025-10-07,11817671
Stray Kids,2025-10-08,11746443
Stray Kids,2025-10-09,11669031
Stray Kids,2025-10-10,11620471
Stray Kids,2025-10-11,11580477
Stray Kids,2025-10-12,11507120
Stray Kids,2025-10-13,11463157
Stray Kids,2025-10-14,11427141
Stray Kids,2025-10-15,11398407
Stray Kids,2025-10-16,11373971
Stray Kids,2025-10-17,11358543
Stray Kids,2025-10-18,11343116
Stray Kids,2025-10-19,11303303
Stray Kids,2025-10-20,11257867
Stray Kids,2025-10-21,11208513
Stray Kids,2025-10-22,11181495
Stray Kids,2025-10-23,11160164
Stray Kids,2025-10-24,11133027
Stray Kids,2025-10-25,11105890
Stray Kids,2025-10-26,11093627
Stray Kids,2025-10-27,11081364
Stray Kids,2025-10-28,11045333
Stray Kids,2025-10-29,11034887
Stray Kids,2025-10-30,11017180
Stray Kids,2025-10-31,10999972
Stray Kids,2025-11-01,10982764
Stray Kids,2025-11-02,10953506
Stray Kids,2025-11-03,10924248
Stray Kids,2025-11-04,10879239
Stray Kids,2025-11-05,10861974
Stray Kids,2025-11-06,10858610
Stray Kids,2025-11-07,10862757
Stray Kids,2025-11-08,11051834
Stray Kids,2025-11-09,11240910
Stray Kids,2025-11-10,11429986
Stray Kids,2025-11-11,11486107
Stray Kids,2025-11-12,11585250
Stray Kids,2025-11-13,11684394
Stray Kids,2025-11-14,11728904
Stray Kids,2025-11-15,11773413
Stray Kids,2025-11-16,11888778
Stray Kids,2025-11-17,11898036
Stray Kids,2025-11-18,11907295
Stray Kids,2025-11-19,11940094
Stray Kids,2025-11-20,11972894
Stray Kids,2025-11-21,12064788
Stray Kids,2025-11-22,12144536
Stray Kids,2025-11-23,12765000
Stray Kids,2025-11-24,13029266
Stray Kids,2025-11-25,13190218
Stray Kids,2025-11-26,13351171
Stray Kids,2025-11-27,13424154
Stray Kids,2025-11-28,13497138
Stray Kids,2025-11-29,13570121
Stray Kids,2025-11-30,13643104
Stray Kids,2025-12-01,13773533
Stray Kids,2025-12-02,13903962
Stray Kids,2025-12-03,13966854
Stray Kids,2025-12-04,14061508
Stray Kids,2025-12-05,14162481
Stray Kids,2025-12-06,14141558
Stray Kids,2025-12-07,14120634
Stray Kids,2025-12-08,14128846
Stray Kids,2025-12-09,14131765
Stray Kids,2025-12-10,13896746
Stray Kids,2025-12-11,13879506
Stray Kids,2025-12-12,13862265
Stray Kids,2025-12-13,13811955
Stray Kids,2025-12-14,13810183
Stray Kids,2025-12-15,13808411
Stray Kids,2025-12-16,13796597
Stray Kids,2025-12-17,13797044
Stray Kids,2025-12-18,13797491
Stray Kids,2025-12-19,13765907
Stray Kids,2025-12-20,13652531
Stray Kids,2025-12-21,13539155
Stray Kids,2025-12-22,13456073
Stray Kids,2025-12-23,13372990
Stray Kids,2025-12-24,13289908
Stray Kids,2025-12-25,13206826
Stray Kids,2025-12-26,13123743
Stray Kids,2025-12-27,13040661
Stray Kids,2025-12-28,12957578
Stray Kids,2025-12-29,12874496
Stray Kids,2025-12-30,12791414
Stray Kids,2025-12-31,12708331
Stray Kids,2026-01-01,12625249
Stray Kids,2026-01-02,12535372
Stray Kids,2026-01-03,12445496
Stray Kids,2026-01-04,12351648
Stray Kids,2026-01-05,12257801
Stray Kids,2026-01-06,12201378
Stray Kids,2026-01-07,12116622
Stray Kids,2026-01-08,12080771
Stray Kids,2026-01-09,12035603
Stray Kids,2026-01-10,12016118
Stray Kids,2026-01-11,11996633
Stray Kids,2026-01-12,11966283
Stray Kids,2026-01-13,11938140
Stray Kids,2026-01-14,11926449
Stray Kids,2026-01-15,11888554
Stray Kids,2026-01-16,11859932
Stray Kids,2026-01-17,11809692
Stray Kids,2026-01-18,11791280
Stray Kids,2026-01-19,11772868
Stray Kids,2026-01-20,11756651
Stray Kids,2026-01-21,11732697
Stray Kids,2026-01-22,11698361
Stray Kids,2026-01-23,11629035
Stray Kids,2026-01-24,11574457
Stray Kids,2026-01-25,11557590
Stray Kids,2026-01-26,11533584
Stray Kids,2026-01-27,11506556
Stray Kids,2026-01-28,11456954
Stray Kids,2026-01-29,11420033
Stray Kids,2026-01-30,11374657
Stray Kids,2026-01-31,11366594
Stray Kids,2026-02-01,11358532
Stray Kids,2026-02-02,11363134
Stray Kids,2026-02-03,11340908
Stray Kids,2026-02-04,11309901
Stray Kids,2026-02-05,11269870
Stray Kids,2026-02-06,11260255
Stray Kids,2026-02-07,11250640
Stray Kids,2026-02-08,11253828
Stray Kids,2026-02-09,11250712
Stray Kids,2026-02-10,11247595
Stray Kids,2026-02-11,11243908
Stray Kids,2026-02-12,11240220
Stray Kids,2026-02-13,11219650
Stray Kids,2026-02-14,11199079
Stray Kids,2026-02-15,11181928
Stray Kids,2026-02-16,11157145
Stray Kids,2026-02-17,11138368
Stray Kids,2026-02-18,11124256
Stray Kids,2026-02-19,11110143
Stray Kids,2026-02-20,11072715
Stray Kids,2026-02-21,11046102
Stray Kids,2026-02-22,11018175
Stray Kids,2026-02-23,11006866
Stray Kids,2026-02-24,10996947
Stray Kids,2026-02-25,10992394
Stray Kids,2026-02-26,10955141
Stray Kids,2026-02-27,10932790
Stray Kids,2026-02-28,10909330
Stray Kids,2026-03-01,10916104
Stray Kids,2026-03-02,10913996
Stray Kids,2026-03-03,10911889
Stray Kids,2026-03-04,10889645
Stray Kids,2026-03-05,10875217
Stray Kids,2026-03-06,10860923
Stray Kids,2026-03-07,10849885
Stray Kids,2026-03-08,10820586
Stray Kids,2026-03-09,10787997
Stray Kids,2026-03-10,10755276
Stray Kids,2026-03-11,10714919
Stray Kids,2026-03-12,10657043
Stray Kids,2026-03-13,10615114
Stray Kids,2026-03-14,10630606
Stray Kids,2026-03-15,10646098
Stray Kids,2026-03-16,10649798
Stray Kids,2026-03-17,10642657
Stray Kids,2026-03-18,10622331
Stray Kids,2026-03-19,10618395
Stray Kids,2026-03-20,10629367
Stray Kids,2026-03-21,10641056
Stray Kids,2026-03-22,10644987
Stray Kids,2026-03-23,10651142
Stray Kids,2026-03-24,10657296
Stray Kids,2026-03-25,10656324
Stray Kids,2026-03-26,10655352
Stray Kids,2026-03-27,10697783
Stray Kids,2026-03-28,10743171
Stray Kids,2026-03-29,10834604
Stray Kids,2026-03-30,10845866
Stray Kids,2026-03-31,10857127
Stray Kids,2026-04-01,10901190
Stray Kids,2026-04-02,10946365
Stray Kids,2026-04-03,11023549
Stray Kids,2026-04-04,11048901
Stray Kids,2026-04-05,11073219
Stray Kids,2026-04-06,11094656
Stray Kids,2026-04-07,11126910
Stray Kids,2026-04-08,11134720
Stray Kids,2026-04-09,11149294
Stray Kids,2026-04-10,11126472
Stray Kids,2026-04-11,11103649
Stray Kids,2026-04-12,11103649
TWICE,2024-04-13,11877888
TWICE,2024-04-14,11877888
TWICE,2024-04-15,11877888
TWICE,2024-04-16,11877888
TWICE,2024-04-17,11877888
TWICE,2024-04-18,11877888
TWICE,2024-04-19,11706384
TWICE,2024-04-20,11706384
TWICE,2024-04-21,11706384
TWICE,2024-04-22,11706384
TWICE,2024-04-23,11706384
TWICE,2024-04-24,11572328
TWICE,2024-04-25,11535487
TWICE,2024-04-26,11506000
TWICE,2024-04-27,11474713
TWICE,2024-04-28,11449753
TWICE,2024-04-29,11427991
TWICE,2024-04-30,11411754
TWICE,2024-05-01,11389746
TWICE,2024-05-02,11381839
TWICE,2024-05-03,11371519
TWICE,2024-05-04,11371519
TWICE,2024-05-05,11303906
TWICE,2024-05-06,11272316
TWICE,2024-05-07,11245941
TWICE,2024-05-08,11206072
TWICE,2024-05-09,11172791
TWICE,2024-05-10,11138045
TWICE,2024-05-11,11092048
TWICE,2024-05-12,11040581
TWICE,2024-05-13,11014532
TWICE,2024-05-14,11014532
TWICE,2024-05-15,11014532
TWICE,2024-05-16,10942699
TWICE,2024-05-17,10915338
TWICE,2024-05-18,10894863
TWICE,2024-05-19,10869015
TWICE,2024-05-20,10842858
TWICE,2024-05-21,10816904
TWICE,2024-05-22,10795024
TWICE,2024-05-23,10795024
TWICE,2024-05-24,10763054
TWICE,2024-05-25,10722640
TWICE,2024-05-26,10679072
TWICE,2024-05-27,10644117
TWICE,2024-05-28,10565334
TWICE,2024-05-29,10565334
TWICE,2024-05-30,10524482
TWICE,2024-05-31,10470820
TWICE,2024-06-01,10422787
TWICE,2024-06-02,10422787
TWICE,2024-06-03,10374197
TWICE,2024-06-04,10306794
TWICE,2024-06-05,10306794
TWICE,2024-06-06,10248448
TWICE,2024-06-07,10248448
TWICE,2024-06-08,10212058
TWICE,2024-06-09,10172931
TWICE,2024-06-10,10078111
TWICE,2024-06-11,10078111
TWICE,2024-06-12,9997103
TWICE,2024-06-13,9997103
TWICE,2024-06-14,9956206
TWICE,2024-06-15,9923206
TWICE,2024-06-16,9900241
TWICE,2024-06-17,9863436
TWICE,2024-06-18,9847285
TWICE,2024-06-19,9834917
TWICE,2024-06-20,9834917
TWICE,2024-06-21,9823430
TWICE,2024-06-22,9787631
TWICE,2024-06-23,9787631
TWICE,2024-06-24,9748876
TWICE,2024-06-25,9748876
TWICE,2024-06-26,9746008
TWICE,2024-06-27,9725849
TWICE,2024-06-28,9725849
TWICE,2024-06-29,9708724
TWICE,2024-06-30,9690429
TWICE,2024-07-01,9671733
TWICE,2024-07-02,9649720
TWICE,2024-07-03,9637417
TWICE,2024-07-04,9623833
TWICE,2024-07-05,9606498
TWICE,2024-07-06,9581987
TWICE,2024-07-07,9557643
TWICE,2024-07-08,9533748
TWICE,2024-07-09,9505221
TWICE,2024-07-10,9472662
TWICE,2024-07-11,9456029
TWICE,2024-07-12,9456029
TWICE,2024-07-13,9459003
TWICE,2024-07-14,9461584
TWICE,2024-07-15,9461584
TWICE,2024-07-16,9456331
TWICE,2024-07-17,9447837
TWICE,2024-07-18,9447837
TWICE,2024-07-19,9439696
TWICE,2024-07-20,9445363
TWICE,2024-07-21,9441366
TWICE,2024-07-22,9437369
TWICE,2024-07-23,9437506
TWICE,2024-07-24,9437642
TWICE,2024-07-25,9432403
TWICE,2024-07-26,9415197
TWICE,2024-07-27,9388288
TWICE,2024-07-28,9361379
TWICE,2024-07-29,9332765
TWICE,2024-07-30,9280271
TWICE,2024-07-31,9259984
TWICE,2024-08-01,9250889
TWICE,2024-08-02,9241794
TWICE,2024-08-03,9227446
TWICE,2024-08-04,9224616
TWICE,2024-08-05,9221785
TWICE,2024-08-06,9216081
TWICE,2024-08-07,9216637
TWICE,2024-08-08,9204025
TWICE,2024-08-09,9191412
TWICE,2024-08-10,9134152
TWICE,2024-08-11,9103417
TWICE,2024-08-12,9072681
TWICE,2024-08-13,9042369
TWICE,2024-08-14,9010276
TWICE,2024-08-15,8978184
TWICE,2024-08-16,8887004
TWICE,2024-08-17,8795823
TWICE,2024-08-18,8611211
TWICE,2024-08-19,8426586
TWICE,2024-08-20,8601887
TWICE,2024-08-21,8777188
TWICE,2024-08-22,8750421
TWICE,2024-08-23,8734087
TWICE,2024-08-24,8720633
TWICE,2024-08-25,8710960
TWICE,2024-08-26,8706473
TWICE,2024-08-27,8701986
TWICE,2024-08-28,8691218
TWICE,2024-08-29,8681904
TWICE,2024-08-30,8658933
TWICE,2024-08-31,8620744
TWICE,2024-09-01,8608832
TWICE,2024-09-02,8603140
TWICE,2024-09-03,8593861
TWICE,2024-09-04,8584825
TWICE,2024-09-05,8567400
TWICE,2024-09-06,8549251
TWICE,2024-09-07,8531102
TWICE,2024-09-08,8523927
TWICE,2024-09-09,8516752
TWICE,2024-09-10,8505758
TWICE,2024-09-11,8490354
TWICE,2024-09-12,8474604
TWICE,2024-09-13,8453196
TWICE,2024-09-14,8439257
TWICE,2024-09-15,8425319
TWICE,2024-09-16,8411380
TWICE,2024-09-17,8405673
TWICE,2024-09-18,8397562
TWICE,2024-09-19,8385713
TWICE,2024-09-20,8373591
TWICE,2024-09-21,8354566
TWICE,2024-09-22,8349233
TWICE,2024-09-23,8343900
TWICE,2024-09-24,8334135
TWICE,2024-09-25,8317372
TWICE,2024-09-26,8301357
TWICE,2024-09-27,8289213
TWICE,2024-09-28,8261016
TWICE,2024-09-29,8254324
TWICE,2024-09-30,8247631
TWICE,2024-10-01,8231498
TWICE,2024-10-02,8215364
TWICE,2024-10-03,8187545
TWICE,2024-10-04,8184531
TWICE,2024-10-05,8181516
TWICE,2024-10-06,8177459
TWICE,2024-10-07,8173401
TWICE,2024-10-08,8169343
TWICE,2024-10-09,8166789
TWICE,2024-10-10,8152543
TWICE,2024-10-11,8157243
TWICE,2024-10-12,8161943
TWICE,2024-10-13,8160557
TWICE,2024-10-14,8159171
TWICE,2024-10-15,8158974
TWICE,2024-10-16,8167216
TWICE,2024-10-17,8170221
TWICE,2024-10-18,8179753
TWICE,2024-10-19,8189286
TWICE,2024-10-20,8198818
TWICE,2024-10-21,8208350
TWICE,2024-10-22,8245543
TWICE,2024-10-23,8282736
TWICE,2024-10-24,8355573
TWICE,2024-10-25,8406619
TWICE,2024-10-26,8604682
TWICE,2024-10-27,8657459
TWICE,2024-10-28,8710235
TWICE,2024-10-29,8786096
TWICE,2024-10-30,8848256
TWICE,2024-10-31,8910800
TWICE,2024-11-01,8973344
TWICE,2024-11-02,9059357
TWICE,2024-11-03,9077662
TWICE,2024-11-04,9095967
TWICE,2024-11-05,9120563
TWICE,2024-11-06,9169457
TWICE,2024-11-07,9206338
TWICE,2024-11-08,9260622
TWICE,2024-11-09,9314906
TWICE,2024-11-10,9335737
TWICE,2024-11-11,9356568
TWICE,2024-11-12,9381923
TWICE,2024-11-13,9407594
TWICE,2024-11-14,9463008
TWICE,2024-11-15,9479509
TWICE,2024-11-16,9496010
TWICE,2024-11-17,9521896
TWICE,2024-11-18,9547783
TWICE,2024-11-19,9536917
TWICE,2024-11-20,9526052
TWICE,2024-11-21,9501245
TWICE,2024-11-22,9516531
TWICE,2024-11-23,9438271
TWICE,2024-11-24,9418542
TWICE,2024-11-25,9398813
TWICE,2024-11-26,9375147
TWICE,2024-11-27,9369037
TWICE,2024-11-28,9362926
TWICE,2024-11-29,9356816
TWICE,2024-11-30,9345643
TWICE,2024-12-01,9345982
TWICE,2024-12-02,9346321
TWICE,2024-12-03,9341993
TWICE,2024-12-04,9324574
TWICE,2024-12-05,9357359
TWICE,2024-12-06,9648317
TWICE,2024-12-07,9939275
TWICE,2024-12-08,10042050
TWICE,2024-12-09,10144825
TWICE,2024-12-10,10247600
TWICE,2024-12-11,10328520
TWICE,2024-12-12,10409439
TWICE,2024-12-13,10574297
TWICE,2024-12-14,10829340
TWICE,2024-12-15,10893373
TWICE,2024-12-16,10957406
TWICE,2024-12-17,11021440
TWICE,2024-12-18,11106450
TWICE,2024-12-19,11203415
TWICE,2024-12-20,11293158
TWICE,2024-12-21,11508695
TWICE,2024-12-22,11588175
TWICE,2024-12-23,11627546
TWICE,2024-12-24,11666918
TWICE,2024-12-25,11754621
TWICE,2024-12-26,11836146
TWICE,2024-12-27,11899740
TWICE,2024-12-28,11971160
TWICE,2024-12-29,12042580
TWICE,2024-12-30,12113999
TWICE,2024-12-31,12165100
TWICE,2025-01-01,12251639
TWICE,2025-01-02,12328043
TWICE,2025-01-03,12344050
TWICE,2025-01-04,12265917
TWICE,2025-01-05,12248238
TWICE,2025-01-06,12230558
TWICE,2025-01-07,12203878
TWICE,2025-01-08,12155803
TWICE,2025-01-09,12135759
TWICE,2025-01-10,12115715
TWICE,2025-01-11,12049957
TWICE,2025-01-12,12040947
TWICE,2025-01-13,12031937
TWICE,2025-01-14,12033058
TWICE,2025-01-15,12034178
TWICE,2025-01-16,12028299
TWICE,2025-01-17,12003112
TWICE,2025-01-18,11971206
TWICE,2025-01-19,11939300
TWICE,2025-01-20,11907395
TWICE,2025-01-21,11897554
TWICE,2025-01-22,11878619
TWICE,2025-01-23,11828438
TWICE,2025-01-24,11800430
TWICE,2025-01-25,11783888
TWICE,2025-01-26,11767345
TWICE,2025-01-27,11750803
TWICE,2025-01-28,11717143
TWICE,2025-01-29,11702882
TWICE,2025-01-30,11688620
TWICE,2025-01-31,11706460
TWICE,2025-02-01,11691550
TWICE,2025-02-02,11676640
TWICE,2025-02-03,11661730
TWICE,2025-02-04,11640585
TWICE,2025-02-05,11599253
TWICE,2025-02-06,11520103
TWICE,2025-02-07,11482261
TWICE,2025-02-08,11455102
TWICE,2025-02-09,11432610
TWICE,2025-02-10,11414009
TWICE,2025-02-11,11362397
TWICE,2025-02-12,11330161
TWICE,2025-02-13,11297926
TWICE,2025-02-14,11268117
TWICE,2025-02-15,11228586
TWICE,2025-02-16,11189055
TWICE,2025-02-17,11154984
TWICE,2025-02-18,11129614
TWICE,2025-02-19,11104243
TWICE,2025-02-20,11078872
TWICE,2025-02-21,11053502
TWICE,2025-02-22,11028311
TWICE,2025-02-23,11003120
TWICE,2025-02-24,10976044
TWICE,2025-02-25,10948968
TWICE,2025-02-26,10909984
TWICE,2025-02-27,10871002
TWICE,2025-02-28,10832019
TWICE,2025-03-01,10785308
TWICE,2025-03-02,10738596
TWICE,2025-03-03,10718067
TWICE,2025-03-04,10697537
TWICE,2025-03-05,10622593
TWICE,2025-03-06,10591510
TWICE,2025-03-07,10560426
TWICE,2025-03-08,10538913
TWICE,2025-03-09,10506350
TWICE,2025-03-10,10477675
TWICE,2025-03-11,10449001
TWICE,2025-03-12,10420327
TWICE,2025-03-13,10391653
TWICE,2025-03-14,10359049
TWICE,2025-03-15,10326445
TWICE,2025-03-16,10293841
TWICE,2025-03-17,10261237
TWICE,2025-03-18,10228633
TWICE,2025-03-19,10196029
TWICE,2025-03-20,10163425
TWICE,2025-03-21,10130821
TWICE,2025-03-22,10087872
TWICE,2025-03-23,10044921
TWICE,2025-03-24,10001971
TWICE,2025-03-25,9959021
TWICE,2025-03-26,9916072
TWICE,2025-03-27,9873122
TWICE,2025-03-28,9830171
TWICE,2025-03-29,9787222
TWICE,2025-03-30,9744272
TWICE,2025-03-31,9716869
TWICE,2025-04-01,9689465
TWICE,2025-04-02,9662062
TWICE,2025-04-03,9634659
TWICE,2025-04-04,9607256
TWICE,2025-04-05,9579852
TWICE,2025-04-06,9552449
TWICE,2025-04-07,9525045
TWICE,2025-04-08,9497642
TWICE,2025-04-09,9594207
TWICE,2025-04-10,9690773
TWICE,2025-04-11,9787338
TWICE,2025-04-12,9883904
TWICE,2025-04-13,9980468
TWICE,2025-04-14,10077033
TWICE,2025-04-15,10173599
TWICE,2025-04-16,10270164
TWICE,2025-04-17,10366730
TWICE,2025-04-18,10463295
TWICE,2025-04-19,10559861
TWICE,2025-04-20,10656425
TWICE,2025-04-21,10752991
TWICE,2025-04-22,10849556
TWICE,2025-04-23,10946122
TWICE,2025-04-24,11042687
TWICE,2025-04-25,11139252
TWICE,2025-04-26,11235817
TWICE,2025-04-27,11332382
TWICE,2025-04-28,11428948
TWICE,2025-04-29,11539293
TWICE,2025-04-30,11649638
TWICE,2025-05-01,11759983
TWICE,2025-05-02,11870328
TWICE,2025-05-03,11976603
TWICE,2025-05-04,12082878
TWICE,2025-05-05,12189153
TWICE,2025-05-06,12295428
TWICE,2025-05-07,12375254
TWICE,2025-05-08,12437777
TWICE,2025-05-09,12510150
TWICE,2025-05-10,12606583
TWICE,2025-05-11,12703016
TWICE,2025-05-12,12746640
TWICE,2025-05-13,12779713
TWICE,2025-05-14,12812786
TWICE,2025-05-15,12824614
TWICE,2025-05-16,12836443
TWICE,2025-05-17,12531432
TWICE,2025-05-18,12411751
TWICE,2025-05-19,12311221
TWICE,2025-05-20,12210691
TWICE,2025-05-21,12075589
TWICE,2025-05-22,12005487
TWICE,2025-05-23,11935386
TWICE,2025-05-24,11865284
TWICE,2025-05-25,11795182
TWICE,2025-05-26,11725080
TWICE,2025-05-27,11654979
TWICE,2025-05-28,11584877
TWICE,2025-05-29,11514776
TWICE,2025-05-30,11444673
TWICE,2025-05-31,11374572
TWICE,2025-06-01,11304470
TWICE,2025-06-02,11234369
TWICE,2025-06-03,11164267
TWICE,2025-06-04,11094165
TWICE,2025-06-05,11024063
TWICE,2025-06-06,10953962
TWICE,2025-06-07,10883860
TWICE,2025-06-08,10813759
TWICE,2025-06-09,10743656
TWICE,2025-06-10,10673555
TWICE,2025-06-11,10636866
TWICE,2025-06-12,10602191
TWICE,2025-06-13,10567516
TWICE,2025-06-14,10538909
TWICE,2025-06-15,10510302
TWICE,2025-06-16,10493424
TWICE,2025-06-17,10476546
TWICE,2025-06-18,10453173
TWICE,2025-06-19,10419096
TWICE,2025-06-20,10409904
TWICE,2025-06-21,10400711
TWICE,2025-06-22,10453699
TWICE,2025-06-23,10598084
TWICE,2025-06-24,10774623
TWICE,2025-06-25,11044654
TWICE,2025-06-26,11298881
TWICE,2025-06-27,11910002
TWICE,2025-06-28,12088567
TWICE,2025-06-29,12267133
TWICE,2025-06-30,12949497
TWICE,2025-07-01,13118162
TWICE,2025-07-02,13286826
TWICE,2025-07-03,13578109
TWICE,2025-07-04,14186808
TWICE,2025-07-05,14534589
TWICE,2025-07-06,14882370
TWICE,2025-07-07,15036449
TWICE,2025-07-08,15190528
TWICE,2025-07-09,15505156
TWICE,2025-07-10,15819784
TWICE,2025-07-11,16125203
TWICE,2025-07-12,16983380
TWICE,2025-07-13,17450018
TWICE,2025-07-14,17666132
TWICE,2025-07-15,17882244
TWICE,2025-07-16,18343968
TWICE,2025-07-17,18771432
TWICE,2025-07-18,19210628
TWICE,2025-07-19,19641910
TWICE,2025-07-20,20082340
TWICE,2025-07-21,20491884
TWICE,2025-07-22,21175618
TWICE,2025-07-23,21321594
TWICE,2025-07-24,21467568
TWICE,2025-07-25,21736000
TWICE,2025-07-26,21999944
TWICE,2025-07-27,22218812
TWICE,2025-07-28,22681612
TWICE,2025-07-29,22792620
TWICE,2025-07-30,22903624
TWICE,2025-07-31,23113396
TWICE,2025-08-01,23497008
TWICE,2025-08-02,23650892
TWICE,2025-08-03,23804776
TWICE,2025-08-04,24067236
TWICE,2025-08-05,24329696
TWICE,2025-08-06,24567776
TWICE,2025-08-07,24792850
TWICE,2025-08-08,24997778
TWICE,2025-08-09,25202704
TWICE,2025-08-10,25283822
TWICE,2025-08-11,25421240
TWICE,2025-08-12,25502998
TWICE,2025-08-13,25584756
TWICE,2025-08-14,25650784
TWICE,2025-08-15,25717662
TWICE,2025-08-16,25798692
TWICE,2025-08-17,25834572
TWICE,2025-08-18,26029362
TWICE,2025-08-19,26087298
TWICE,2025-08-20,26145232
TWICE,2025-08-21,26203580
TWICE,2025-08-22,26250958
TWICE,2025-08-23,26298338
TWICE,2025-08-24,26442714
TWICE,2025-08-25,26587092
TWICE,2025-08-26,26704408
TWICE,2025-08-27,26769700
TWICE,2025-08-28,26836864
TWICE,2025-08-29,26852448
TWICE,2025-08-30,26868032
TWICE,2025-08-31,26901656
TWICE,2025-09-01,26935280
TWICE,2025-09-02,26985424
TWICE,2025-09-03,26970728
TWICE,2025-09-04,26937948
TWICE,2025-09-05,26905172
TWICE,2025-09-06,26860556
TWICE,2025-09-07,26891674
TWICE,2025-09-08,26922788
TWICE,2025-09-09,26881742
TWICE,2025-09-10,26840696
TWICE,2025-09-11,26799648
TWICE,2025-09-12,26758600
TWICE,2025-09-13,26717552
TWICE,2025-09-14,26676506
TWICE,2025-09-15,26635460
TWICE,2025-09-16,26594412
TWICE,2025-09-17,26553364
TWICE,2025-09-18,26395620
TWICE,2025-09-19,26322840
TWICE,2025-09-20,26276246
TWICE,2025-09-21,26229650
TWICE,2025-09-22,26207580
TWICE,2025-09-23,26185508
TWICE,2025-09-24,26046976
TWICE,2025-09-25,25935640
TWICE,2025-09-26,25823812
TWICE,2025-09-27,25711984
TWICE,2025-09-28,25470476
TWICE,2025-09-29,25424606
TWICE,2025-09-30,25378736
TWICE,2025-10-01,25169782
TWICE,2025-10-02,25119852
TWICE,2025-10-03,25069922
TWICE,2025-10-04,25008372
TWICE,2025-10-05,24962992
TWICE,2025-10-06,24917612
TWICE,2025-10-07,24932796
TWICE,2025-10-08,24910252
TWICE,2025-10-09,24891688
TWICE,2025-10-10,24873126
TWICE,2025-10-11,25008120
TWICE,2025-10-12,25030150
TWICE,2025-10-13,25052180
TWICE,2025-10-14,25080688
TWICE,2025-10-15,25108188
TWICE,2025-10-16,25143952
TWICE,2025-10-17,25188284
TWICE,2025-10-18,25314292
TWICE,2025-10-19,25322616
TWICE,2025-10-20,25316022
TWICE,2025-10-21,25309430
TWICE,2025-10-22,25375538
TWICE,2025-10-23,25405604
TWICE,2025-10-24,25435672
TWICE,2025-10-25,25536564
TWICE,2025-10-26,25546530
TWICE,2025-10-27,25556500
TWICE,2025-10-28,25553056
TWICE,2025-10-29,25557316
TWICE,2025-10-30,25561578
TWICE,2025-10-31,25521670
TWICE,2025-11-01,25521670
TWICE,2025-11-02,25514480
TWICE,2025-11-03,25487288
TWICE,2025-11-04,25460096
TWICE,2025-11-05,25430436
TWICE,2025-11-06,25395184
TWICE,2025-11-07,25364060
TWICE,2025-11-08,25332936
TWICE,2025-11-09,25158960
TWICE,2025-11-10,25047668
TWICE,2025-11-11,24935512
TWICE,2025-11-12,24817042
TWICE,2025-11-13,24728388
TWICE,2025-11-14,24604170
TWICE,2025-11-15,24444762
TWICE,2025-11-16,24353698
TWICE,2025-11-17,24263932
TWICE,2025-11-18,24046366
TWICE,2025-11-19,23953148
TWICE,2025-11-20,23888564
TWICE,2025-11-21,23823980
TWICE,2025-11-22,23543994
TWICE,2025-11-23,23404422
TWICE,2025-11-24,23351288
TWICE,2025-11-25,23298152
TWICE,2025-11-26,23146470
TWICE,2025-11-27,23042342
TWICE,2025-11-28,22938216
TWICE,2025-11-29,22834088
TWICE,2025-11-30,22729960
TWICE,2025-12-01,22587238
TWICE,2025-12-02,22444514
TWICE,2025-12-03,22323944
TWICE,2025-12-04,22203372
TWICE,2025-12-05,22068266
TWICE,2025-12-06,22014468
TWICE,2025-12-07,21960670
TWICE,2025-12-08,21812348
TWICE,2025-12-09,21638116
TWICE,2025-12-10,21597376
TWICE,2025-12-11,21556636
TWICE,2025-12-12,21391540
TWICE,2025-12-13,21344830
TWICE,2025-12-14,21298120
TWICE,2025-12-15,21025784
TWICE,2025-12-16,20988500
TWICE,2025-12-17,20951218
TWICE,2025-12-18,20821492
TWICE,2025-12-19,20736636
TWICE,2025-12-20,20701456
TWICE,2025-12-21,20666276
TWICE,2025-12-22,20570404
TWICE,2025-12-23,20537148
TWICE,2025-12-24,20503894
TWICE,2025-12-25,20470640
TWICE,2025-12-26,20437386
TWICE,2025-12-27,20404132
TWICE,2025-12-28,20370878
TWICE,2025-12-29,20337624
TWICE,2025-12-30,20304370
TWICE,2025-12-31,20306104
TWICE,2026-01-01,20307838
TWICE,2026-01-02,20239568
TWICE,2026-01-03,20171296
TWICE,2026-01-04,20089368
TWICE,2026-01-05,20026846
TWICE,2026-01-06,20022912
TWICE,2026-01-07,20018976
TWICE,2026-01-08,20007710
TWICE,2026-01-09,19996442
TWICE,2026-01-10,19934452
TWICE,2026-01-11,19919340
TWICE,2026-01-12,19904230
TWICE,2026-01-13,19889516
TWICE,2026-01-14,19884182
TWICE,2026-01-15,19870894
TWICE,2026-01-16,19851526
TWICE,2026-01-17,19821744
TWICE,2026-01-18,19780676
TWICE,2026-01-19,19755800
TWICE,2026-01-20,19730924
TWICE,2026-01-21,19661892
TWICE,2026-01-22,19471464
TWICE,2026-01-23,19397848
TWICE,2026-01-24,19324236
TWICE,2026-01-25,19290028
TWICE,2026-01-26,19264216
TWICE,2026-01-27,19238404
TWICE,2026-01-28,19027860
TWICE,2026-01-29,18962060
TWICE,2026-01-30,18896260
TWICE,2026-01-31,18817982
TWICE,2026-02-01,18798408
TWICE,2026-02-02,18778836
TWICE,2026-02-03,18700440
TWICE,2026-02-04,18673452
TWICE,2026-02-05,18646468
TWICE,2026-02-06,18603362
TWICE,2026-02-07,18546034
TWICE,2026-02-08,18440952
TWICE,2026-02-09,18373632
TWICE,2026-02-10,18342980
TWICE,2026-02-11,18312328
TWICE,2026-02-12,18254404
TWICE,2026-02-13,18193438
TWICE,2026-02-14,18126360
TWICE,2026-02-15,18046684
TWICE,2026-02-16,18023516
TWICE,2026-02-17,18000344
TWICE,2026-02-18,17889872
TWICE,2026-02-19,17868556
TWICE,2026-02-20,17847240
TWICE,2026-02-21,17808740
TWICE,2026-02-22,17715500
TWICE,2026-02-23,17686388
TWICE,2026-02-24,17632240
TWICE,2026-02-25,17578096
TWICE,2026-02-26,17528608
TWICE,2026-02-27,17480408
TWICE,2026-02-28,17432212
TWICE,2026-03-01,17415948
TWICE,2026-03-02,17399684
TWICE,2026-03-03,17349520
TWICE,2026-03-04,17283656
TWICE,2026-03-05,17246076
TWICE,2026-03-06,17201090
TWICE,2026-03-07,17145208
TWICE,2026-03-08,17113000
TWICE,2026-03-09,17012626
TWICE,2026-03-10,16970658
TWICE,2026-03-11,16928688
TWICE,2026-03-12,16886720
TWICE,2026-03-13,16844750
TWICE,2026-03-14,16802782
TWICE,2026-03-15,16760813
TWICE,2026-03-16,16718844
TWICE,2026-03-17,16676875
TWICE,2026-03-18,16634906
TWICE,2026-03-19,16592938
TWICE,2026-03-20,16550969
TWICE,2026-03-21,16509000
TWICE,2026-03-22,16467031
TWICE,2026-03-23,16540460
TWICE,2026-03-24,16613889
TWICE,2026-03-25,16643506
TWICE,2026-03-26,16636874
TWICE,2026-03-27,16630243
TWICE,2026-03-28,16595257
TWICE,2026-03-29,16603497
TWICE,2026-03-30,16611737
TWICE,2026-03-31,16622243
TWICE,2026-04-01,16601204
TWICE,2026-04-02,16609644
TWICE,2026-04-03,16618085
TWICE,2026-04-04,16692243
TWICE,2026-04-05,16691300
TWICE,2026-04-06,16690358
TWICE,2026-04-07,16701725
TWICE,2026-04-08,16727877
TWICE,2026-04-09,16764565
TWICE,2026-04-10,16774295
TWICE,2026-04-11,16755148
TWICE,2026-04-12,16751138
V,2024-04-13,9342469
V,2024-04-14,9342469
V,2024-04-15,9342469
V,2024-04-16,9342469
V,2024-04-17,9342469
V,2024-04-18,9342469
V,2024-04-19,8828434
V,2024-04-20,8828434
V,2024-04-21,8828434
V,2024-04-22,8828434
V,2024-04-23,8828434
V,2024-04-24,8577216
V,2024-04-25,8530233
V,2024-04-26,8456297
V,2024-04-27,8406452
V,2024-04-28,8355785
V,2024-04-29,8289356
V,2024-04-30,8213425
V,2024-05-01,8143081
V,2024-05-02,8116278
V,2024-05-03,8086422
V,2024-05-04,8086422
V,2024-05-05,8052359
V,2024-05-06,8032031
V,2024-05-07,8010087
V,2024-05-08,7977163
V,2024-05-09,7957064
V,2024-05-10,7944334
V,2024-05-11,7938601
V,2024-05-12,7925417
V,2024-05-13,7910429
V,2024-05-14,7910429
V,2024-05-15,7910429
V,2024-05-16,7846470
V,2024-05-17,7808868
V,2024-05-18,7771160
V,2024-05-19,7734710
V,2024-05-20,7715691
V,2024-05-21,7703982
V,2024-05-22,7703982
V,2024-05-23,7672751
V,2024-05-24,7647813
V,2024-05-25,7606736
V,2024-05-26,7566928
V,2024-05-27,7533774
V,2024-05-28,7511882
V,2024-05-29,7462286
V,2024-05-30,7403835
V,2024-05-31,7343839
V,2024-06-01,7290547
V,2024-06-02,7224453
V,2024-06-03,7118742
V,2024-06-04,7075737
V,2024-06-05,7075737
V,2024-06-06,7000693
V,2024-06-07,7000693
V,2024-06-08,6960970
V,2024-06-09,6918587
V,2024-06-10,6918587
V,2024-06-11,6898006
V,2024-06-12,6874798
V,2024-06-13,6850500
V,2024-06-14,6823427
V,2024-06-15,6765657
V,2024-06-16,6765657
V,2024-06-17,6723423
V,2024-06-18,6663071
V,2024-06-19,6607922
V,2024-06-20,6544316
V,2024-06-21,6485668
V,2024-06-22,6441432
V,2024-06-23,6375250
V,2024-06-24,6321739
V,2024-06-25,6257808
V,2024-06-26,6219845
V,2024-06-27,6190413
V,2024-06-28,6151850
V,2024-06-29,6151850
V,2024-06-30,6157425
V,2024-07-01,6153940
V,2024-07-02,6151248
V,2024-07-03,6142670
V,2024-07-04,6142670
V,2024-07-05,6132572
V,2024-07-06,6119416
V,2024-07-07,6062808
V,2024-07-08,6062808
V,2024-07-09,6041061
V,2024-07-10,6027599
V,2024-07-11,6007867
V,2024-07-12,5985719
V,2024-07-13,5958598
V,2024-07-14,5935241
V,2024-07-15,5928935
V,2024-07-16,5924725
V,2024-07-17,5912809
V,2024-07-18,5912809
V,2024-07-19,5907922
V,2024-07-20,5930117
V,2024-07-21,5937671
V,2024-07-22,5945225
V,2024-07-23,5951899
V,2024-07-24,5956142
V,2024-07-25,5957229
V,2024-07-26,5965856
V,2024-07-27,5977243
V,2024-07-28,5988630
V,2024-07-29,6001461
V,2024-07-30,6002744
V,2024-07-31,6016706
V,2024-08-01,6011758
V,2024-08-02,5996344
V,2024-08-03,5980930
V,2024-08-04,5977812
V,2024-08-05,5974693
V,2024-08-06,5960726
V,2024-08-07,5946151
V,2024-08-08,5931575
V,2024-08-09,5923506
V,2024-08-10,5915093
V,2024-08-11,5914196
V,2024-08-12,5913299
V,2024-08-13,5916791
V,2024-08-14,5919763
V,2024-08-15,5910419
V,2024-08-16,5844443
V,2024-08-17,5778466
V,2024-08-18,5693442
V,2024-08-19,5608418
V,2024-08-20,5523393
V,2024-08-21,5789813
V,2024-08-22,5771345
V,2024-08-23,5747511
V,2024-08-24,5726848
V,2024-08-25,5702849
V,2024-08-26,5686632
V,2024-08-27,5670415
V,2024-08-28,5657387
V,2024-08-29,5644359
V,2024-08-30,5631993
V,2024-08-31,5626032
V,2024-09-01,5618886
V,2024-09-02,5620702
V,2024-09-03,5620821
V,2024-09-04,5617184
V,2024-09-05,5617176
V,2024-09-06,5618955
V,2024-09-07,5620733
V,2024-09-08,5634676
V,2024-09-09,5648619
V,2024-09-10,5661239
V,2024-09-11,5682136
V,2024-09-12,5685417
V,2024-09-13,5697064
V,2024-09-14,5700345
V,2024-09-15,5703626
V,2024-09-16,5706906
V,2024-09-17,5722791
V,2024-09-18,5729389
V,2024-09-19,5731176
V,2024-09-20,5732963
V,2024-09-21,5734376
V,2024-09-22,5735913
V,2024-09-23,5737450
V,2024-09-24,5746854
V,2024-09-25,5749301
V,2024-09-26,5751747
V,2024-09-27,5742901
V,2024-09-28,5715554
V,2024-09-29,5706519
V,2024-09-30,5702459
V,2024-10-01,5698399
V,2024-10-02,5694339
V,2024-10-03,5683623
V,2024-10-04,5666192
V,2024-10-05,5645160
V,2024-10-06,5632218
V,2024-10-07,5619276
V,2024-10-08,5606334
V,2024-10-09,5590471
V,2024-10-10,5555312
V,2024-10-11,5552983
V,2024-10-12,5550654
V,2024-10-13,5547367
V,2024-10-14,5544080
V,2024-10-15,5543987
V,2024-10-16,5535360
V,2024-10-17,5520344
V,2024-10-18,5514215
V,2024-10-19,5508086
V,2024-10-20,5501957
V,2024-10-21,5495827
V,2024-10-22,5489653
V,2024-10-23,5483478
V,2024-10-24,5478354
V,2024-10-25,5473358
V,2024-10-26,5510347
V,2024-10-27,5518385
V,2024-10-28,5526422
V,2024-10-29,5530385
V,2024-10-30,5529915
V,2024-10-31,5530820
V,2024-11-01,5531724
V,2024-11-02,5532486
V,2024-11-03,5532564
V,2024-11-04,5532641
V,2024-11-05,5526358
V,2024-11-06,5526007
V,2024-11-07,5528367
V,2024-11-08,5516026
V,2024-11-09,5503685
V,2024-11-10,5502974
V,2024-11-11,5502262
V,2024-11-12,5498357
V,2024-11-13,5503870
V,2024-11-14,5507363
V,2024-11-15,5507568
V,2024-11-16,5507773
V,2024-11-17,5504928
V,2024-11-18,5502082
V,2024-11-19,5499024
V,2024-11-20,5494996
V,2024-11-21,5488076
V,2024-11-22,5488938
V,2024-11-23,5469349
V,2024-11-24,5465534
V,2024-11-25,5461719
V,2024-11-26,5460647
V,2024-11-27,5467609
V,2024-11-28,5474572
V,2024-11-29,5481534
V,2024-11-30,5483379
V,2024-12-01,5617468
V,2024-12-02,5751557
V,2024-12-03,5882342
V,2024-12-04,6008324
V,2024-12-05,6047298
V,2024-12-06,6086272
V,2024-12-07,6480971
V,2024-12-08,6534820
V,2024-12-09,6588669
V,2024-12-10,6642517
V,2024-12-11,6692410
V,2024-12-12,6742302
V,2024-12-13,6848649
V,2024-12-14,7023509
V,2024-12-15,7091349
V,2024-12-16,7159189
V,2024-12-17,7227028
V,2024-12-18,7303808
V,2024-12-19,7373789
V,2024-12-20,7451264
V,2024-12-21,7622337
V,2024-12-22,7741364
V,2024-12-23,7794299
V,2024-12-24,7847234
V,2024-12-25,7984442
V,2024-12-26,8183438
V,2024-12-27,8368945
V,2024-12-28,8372164
V,2024-12-29,8375384
V,2024-12-30,8378603
V,2024-12-31,8327019
V,2025-01-01,8308386
V,2025-01-02,8300606
V,2025-01-03,8258090
V,2025-01-04,8119990
V,2025-01-05,8084431
V,2025-01-06,8048870
V,2025-01-07,8005888
V,2025-01-08,7915870
V,2025-01-09,7887406
V,2025-01-10,7858941
V,2025-01-11,7751931
V,2025-01-12,7688974
V,2025-01-13,7626016
V,2025-01-14,7602419
V,2025-01-15,7578821
V,2025-01-16,7520805
V,2025-01-17,7460321
V,2025-01-18,7361144
V,2025-01-19,7261967
V,2025-01-20,7162790
V,2025-01-21,7065562
V,2025-01-22,6917279
V,2025-01-23,6685288
V,2025-01-24,6454823
V,2025-01-25,6398884
V,2025-01-26,6342946
V,2025-01-27,6287007
V,2025-01-28,6191823
V,2025-01-29,6160019
V,2025-01-30,6128215
V,2025-01-31,6101348
V,2025-02-01,6060975
V,2025-02-02,6020601
V,2025-02-03,5980227
V,2025-02-04,5943346
V,2025-02-05,5911528
V,2025-02-06,5834409
V,2025-02-07,5808842
V,2025-02-08,5770257
V,2025-02-09,5722365
V,2025-02-10,5679827
V,2025-02-11,5638339
V,2025-02-12,5594794
V,2025-02-13,5551248
V,2025-02-14,5504623
V,2025-02-15,5466383
V,2025-02-16,5428143
V,2025-02-17,5388497
V,2025-02-18,5388497
V,2025-02-19,5319875
V,2025-02-20,5285564
V,2025-02-21,5251252
V,2025-02-22,5217438
V,2025-02-23,5183623
V,2025-02-24,5158205
V,2025-02-25,5132787
V,2025-02-26,5105097
V,2025-02-27,5077408
V,2025-02-28,5049718
V,2025-03-01,5023528
V,2025-03-02,4997337
V,2025-03-03,4969720
V,2025-03-04,4942104
V,2025-03-05,4914487
V,2025-03-06,4891470
V,2025-03-07,4868452
V,2025-03-08,4864379
V,2025-03-09,4855621
V,2025-03-10,4843176
V,2025-03-11,4830730
V,2025-03-12,4818285
V,2025-03-13,4805839
V,2025-03-14,4798702
V,2025-03-15,4791566
V,2025-03-16,4784429
V,2025-03-17,4777292
V,2025-03-18,4770155
V,2025-03-19,4763019
V,2025-03-20,4755882
V,2025-03-21,4748745
V,2025-03-22,4744029
V,2025-03-23,4739313
V,2025-03-24,4734597
V,2025-03-25,4729880
V,2025-03-26,4725164
V,2025-03-27,4720448
V,2025-03-28,4715732
V,2025-03-29,4711015
V,2025-03-30,4706299
V,2025-03-31,4703027
V,2025-04-01,4699755
V,2025-04-02,4696483
V,2025-04-03,4693211
V,2025-04-04,4689939
V,2025-04-05,4686667
V,2025-04-06,4683395
V,2025-04-07,4680123
V,2025-04-08,4676851
V,2025-04-09,4669635
V,2025-04-10,4662420
V,2025-04-11,4655203
V,2025-04-12,4647987
V,2025-04-13,4640771
V,2025-04-14,4633555
V,2025-04-15,4626339
V,2025-04-16,4619123
V,2025-04-17,4611908
V,2025-04-18,4604691
V,2025-04-19,4597475
V,2025-04-20,4590259
V,2025-04-21,4583043
V,2025-04-22,4575827
V,2025-04-23,4652798
V,2025-04-24,4628744
V,2025-04-25,4604691
V,2025-04-26,4580638
V,2025-04-27,4556585
V,2025-04-28,4532531
V,2025-04-29,4526357
V,2025-04-30,4520183
V,2025-05-01,4514009
V,2025-05-02,4507835
V,2025-05-03,4505241
V,2025-05-04,4502646
V,2025-05-05,4500051
V,2025-05-06,4497456
V,2025-05-07,4493469
V,2025-05-08,4487993
V,2025-05-09,4485366
V,2025-05-10,4482133
V,2025-05-11,4478899
V,2025-05-12,4479195
V,2025-05-13,4478979
V,2025-05-14,4478763
V,2025-05-15,4475216
V,2025-05-16,4471669
V,2025-05-17,4500920
V,2025-05-18,4507098
V,2025-05-19,4515533
V,2025-05-20,4523967
V,2025-05-21,4528540
V,2025-05-22,4529791
V,2025-05-23,4531041
V,2025-05-24,4532292
V,2025-05-25,4533542
V,2025-05-26,4534793
V,2025-05-27,4536043
V,2025-05-28,4537294
V,2025-05-29,4538544
V,2025-05-30,4539795
V,2025-05-31,4541045
V,2025-06-01,4542296
V,2025-06-02,4543546
V,2025-06-03,4544797
V,2025-06-04,4546047
V,2025-06-05,4532709
V,2025-06-06,4536877
V,2025-06-07,4541045
V,2025-06-08,4545213
V,2025-06-09,4549382
V,2025-06-10,4553550
V,2025-06-11,4555983
V,2025-06-12,4579761
V,2025-06-13,4603539
V,2025-06-14,4624441
V,2025-06-15,4645343
V,2025-06-16,4687896
V,2025-06-17,4694127
V,2025-06-18,4700358
V,2025-06-19,4710758
V,2025-06-20,4727573
V,2025-06-21,4728903
V,2025-06-22,4730232
V,2025-06-23,4734015
V,2025-06-24,4734894
V,2025-06-25,4735773
V,2025-06-26,4745429
V,2025-06-27,4748919
V,2025-06-28,4752408
V,2025-06-29,4751429
V,2025-06-30,4753698
V,2025-07-01,4751317
V,2025-07-02,4756874
V,2025-07-03,4757883
V,2025-07-04,4759259
V,2025-07-05,4742437
V,2025-07-06,4744675
V,2025-07-07,4746912
V,2025-07-08,4741970
V,2025-07-09,4735119
V,2025-07-10,4728267
V,2025-07-11,4710529
V,2025-07-12,4693394
V,2025-07-13,4657208
V,2025-07-14,4626232
V,2025-07-15,4601184
V,2025-07-16,4581796
V,2025-07-17,4569983
V,2025-07-18,4562716
V,2025-07-19,4569299
V,2025-07-20,4604883
V,2025-07-21,4604332
V,2025-07-22,4603781
V,2025-07-23,4603718
V,2025-07-24,4603654
V,2025-07-25,4598651
V,2025-07-26,4585515
V,2025-07-27,4578216
V,2025-07-28,4573545
V,2025-07-29,4573402
V,2025-07-30,4573258
V,2025-07-31,4569177
V,2025-08-01,4564501
V,2025-08-02,4565860
V,2025-08-03,4567218
V,2025-08-04,4568986
V,2025-08-05,4564414
V,2025-08-06,4565091
V,2025-08-07,4566263
V,2025-08-08,4567434
V,2025-08-09,4564815
V,2025-08-10,4565196
V,2025-08-11,4560089
V,2025-08-12,4560868
V,2025-08-13,4561647
V,2025-08-14,4566432
V,2025-08-15,4555392
V,2025-08-16,4540651
V,2025-08-17,4525910
V,2025-08-18,4505361
V,2025-08-19,4491737
V,2025-08-20,4482714
V,2025-08-21,4462496
V,2025-08-22,4463915
V,2025-08-23,4464078
V,2025-08-24,4464241
V,2025-08-25,4463072
V,2025-08-26,4465396
V,2025-08-27,4467719
V,2025-08-28,4460467
V,2025-08-29,4457295
V,2025-08-30,4446856
V,2025-08-31,4436417
V,2025-09-01,4425978
V,2025-09-02,4421789
V,2025-09-03,4417599
V,2025-09-04,4402436
V,2025-09-05,4381903
V,2025-09-06,4374600
V,2025-09-07,4367296
V,2025-09-08,4359992
V,2025-09-09,4351266
V,2025-09-10,4342539
V,2025-09-11,4333812
V,2025-09-12,4325086
V,2025-09-13,4316359
V,2025-09-14,4307632
V,2025-09-15,4298905
V,2025-09-16,4290179
V,2025-09-17,4281452
V,2025-09-18,4278100
V,2025-09-19,4271083
V,2025-09-20,4267507
V,2025-09-21,4263931
V,2025-09-22,4247347
V,2025-09-23,4243421
V,2025-09-24,4239494
V,2025-09-25,4235568
V,2025-09-26,4222502
V,2025-09-27,4209435
V,2025-09-28,4195720
V,2025-09-29,4187849
V,2025-09-30,4179434
V,2025-10-01,4178208
V,2025-10-02,4176982
V,2025-10-03,4181502
V,2025-10-04,4192731
V,2025-10-05,4196292
V,2025-10-06,4195712
V,2025-10-07,4195132
V,2025-10-08,4187409
V,2025-10-09,4180354
V,2025-10-10,4173298
V,2025-10-11,4169661
V,2025-10-12,4166023
V,2025-10-13,4153359
V,2025-10-14,4151927
V,2025-10-15,4150494
V,2025-10-16,4153534
V,2025-10-17,4151781
V,2025-10-18,4152422
V,2025-10-19,4151813
V,2025-10-20,4151277
V,2025-10-21,4150741
V,2025-10-22,4139236
V,2025-10-23,4138503
V,2025-10-24,4137770
V,2025-10-25,4142930
V,2025-10-26,4141328
V,2025-10-27,4139726
V,2025-10-28,4139541
V,2025-10-29,4137794
V,2025-10-30,4136047
V,2025-10-31,4134300
V,2025-11-01,4108222
V,2025-11-02,4109415
V,2025-11-03,4110607
V,2025-11-04,4108341
V,2025-11-05,4125535
V,2025-11-06,4132712
V,2025-11-07,4139888
V,2025-11-08,4148652
V,2025-11-09,4159698
V,2025-11-10,4158599
V,2025-11-11,4159060
V,2025-11-12,4159521
V,2025-11-13,4163701
V,2025-11-14,4161398
V,2025-11-15,4159094
V,2025-11-16,4157319
V,2025-11-17,4165220
V,2025-11-18,4169156
V,2025-11-19,4173091
V,2025-11-20,4176542
V,2025-11-21,4179239
V,2025-11-22,4181935
V,2025-11-23,4187257
V,2025-11-24,4204751
V,2025-11-25,4212246
V,2025-11-26,4219741
V,2025-11-27,4232171
V,2025-11-28,4244600
V,2025-11-29,4257030
V,2025-11-30,4269459
V,2025-12-01,4277597
V,2025-12-02,4285734
V,2025-12-03,4306499
V,2025-12-04,4336504
V,2025-12-05,4367114
V,2025-12-06,4379953
V,2025-12-07,4392792
V,2025-12-08,4412693
V,2025-12-09,4446534
V,2025-12-10,4457826
V,2025-12-11,4473958
V,2025-12-12,4490089
V,2025-12-13,4504343
V,2025-12-14,4528081
V,2025-12-15,4547475
V,2025-12-16,4560244
V,2025-12-17,4576521
V,2025-12-18,4584969
V,2025-12-19,4593417
V,2025-12-20,4602508
V,2025-12-21,4611599
V,2025-12-22,4622758
V,2025-12-23,4633916
V,2025-12-24,4645075
V,2025-12-25,4656233
V,2025-12-26,4667391
V,2025-12-27,4678550
V,2025-12-28,4689708
V,2025-12-29,4700867
V,2025-12-30,4712025
V,2025-12-31,4701396
V,2026-01-01,4681025
V,2026-01-02,4655842
V,2026-01-03,4630658
V,2026-01-04,4605475
V,2026-01-05,4580291
V,2026-01-06,4565297
V,2026-01-07,4545901
V,2026-01-08,4535236
V,2026-01-09,4522197
V,2026-01-10,4500767
V,2026-01-11,4479337
V,2026-01-12,4459557
V,2026-01-13,4439777
V,2026-01-14,4450080
V,2026-01-15,4460383
V,2026-01-16,4463128
V,2026-01-17,4465243
V,2026-01-18,4467357
V,2026-01-19,4464696
V,2026-01-20,4447937
V,2026-01-21,4428436
V,2026-01-22,4355107
V,2026-01-23,4296923
V,2026-01-24,4301613
V,2026-01-25,4306302
V,2026-01-26,4309157
V,2026-01-27,4310872
V,2026-01-28,4312586
V,2026-01-29,4304039
V,2026-01-30,4320820
V,2026-01-31,4323763
V,2026-02-01,4326706
V,2026-02-02,4333063
V,2026-02-03,4333274
V,2026-02-04,4333484
V,2026-02-05,4324519
V,2026-02-06,4322388
V,2026-02-07,4320256
V,2026-02-08,4316767
V,2026-02-09,4313686
V,2026-02-10,4309792
V,2026-02-11,4301322
V,2026-02-12,4292851
V,2026-02-13,4251129
V,2026-02-14,4233049
V,2026-02-15,4224755
V,2026-02-16,4216461
V,2026-02-17,4181642
V,2026-02-18,4164236
V,2026-02-19,4149564
V,2026-02-20,4127971
V,2026-02-21,4106378
V,2026-02-22,4086000
V,2026-02-23,4073116
V,2026-02-24,4062855
V,2026-02-25,4055830
V,2026-02-26,4048804
V,2026-02-27,4032779
V,2026-02-28,3995622
V,2026-03-01,3981798
V,2026-03-02,3967973
V,2026-03-03,3961237
V,2026-03-04,3954501
V,2026-03-05,3926238
V,2026-03-06,3922819
V,2026-03-07,3919400
V,2026-03-08,3907529
V,2026-03-09,3903904
V,2026-03-10,3900279
V,2026-03-11,3883993
V,2026-03-12,3868586
V,2026-03-13,3861941
V,2026-03-14,3855296
V,2026-03-15,3854183
V,2026-03-16,3853069
V,2026-03-17,3863678
V,2026-03-18,3874286
V,2026-03-19,3881957
V,2026-03-20,3889627
V,2026-03-21,4117684
V,2026-03-22,4252265
V,2026-03-23,4354687
V,2026-03-24,4457108
V,2026-03-25,4500199
V,2026-03-26,4543289
V,2026-03-27,4620991
V,2026-03-28,4782041
V,2026-03-29,4839920
V,2026-03-30,4865922
V,2026-03-31,4891924
V,2026-04-01,5006963
V,2026-04-02,5028376
V,2026-04-03,5049788
V,2026-04-04,5086650
V,2026-04-05,5157618
V,2026-04-06,5189216
V,2026-04-07,5220155
V,2026-04-08,5252255
V,2026-04-09,5284354
V,2026-04-10,5329502
V,2026-04-11,5364011
V,2026-04-12,5398519
aespa,2024-04-13,8205948
aespa,2024-04-14,8205948
aespa,2024-04-15,8205948
aespa,2024-04-16,8205948
aespa,2024-04-17,8263542
aespa,2024-04-18,8263542
aespa,2024-04-19,8291523
aespa,2024-04-20,8291523
aespa,2024-04-21,8291523
aespa,2024-04-22,8291523
aespa,2024-04-23,8291523
aespa,2024-04-24,8360907
aespa,2024-04-25,8369745
aespa,2024-04-26,8382903
aespa,2024-04-27,8396379
aespa,2024-04-28,8416519
aespa,2024-04-29,8429338
aespa,2024-04-30,8430647
aespa,2024-05-01,8431177
aespa,2024-05-02,8475053
aespa,2024-05-03,8509567
aespa,2024-05-04,8509567
aespa,2024-05-05,8522567
aespa,2024-05-06,8555229
aespa,2024-05-07,8590031
aespa,2024-05-08,8609357
aespa,2024-05-09,8631910
aespa,2024-05-10,8662451
aespa,2024-05-11,8710544
aespa,2024-05-12,8758827
aespa,2024-05-13,8797011
aespa,2024-05-14,8797011
aespa,2024-05-15,9001714
aespa,2024-05-16,9096737
aespa,2024-05-17,9214923
aespa,2024-05-18,9365316
aespa,2024-05-19,9495933
aespa,2024-05-20,9621531
aespa,2024-05-21,9747071
aespa,2024-05-22,9900445
aespa,2024-05-23,10099224
aespa,2024-05-24,10099224
aespa,2024-05-25,10481429
aespa,2024-05-26,10670612
aespa,2024-05-27,10843220
aespa,2024-05-28,11027678
aespa,2024-05-29,11229057
aespa,2024-05-30,11404423
aespa,2024-05-31,11561567
aespa,2024-06-01,11561567
aespa,2024-06-02,11926163
aespa,2024-06-03,12094579
aespa,2024-06-04,12251821
aespa,2024-06-05,12251821
aespa,2024-06-06,12564542
aespa,2024-06-07,12564542
aespa,2024-06-08,12710823
aespa,2024-06-09,12977195
aespa,2024-06-10,13095251
aespa,2024-06-11,13181201
aespa,2024-06-12,13258374
aespa,2024-06-13,13316008
aespa,2024-06-14,13316008
aespa,2024-06-15,13422834
aespa,2024-06-16,13487503
aespa,2024-06-17,13525976
aespa,2024-06-18,13550796
aespa,2024-06-19,13566253
aespa,2024-06-20,13566253
aespa,2024-06-21,13546845
aespa,2024-06-22,13498734
aespa,2024-06-23,13498734
aespa,2024-06-24,13452827
aespa,2024-06-25,13452827
aespa,2024-06-26,13349802
aespa,2024-06-27,13288987
aespa,2024-06-28,13288987
aespa,2024-06-29,13220515
aespa,2024-06-30,13152177
aespa,2024-07-01,13024488
aespa,2024-07-02,12960209
aespa,2024-07-03,12891110
aespa,2024-07-04,12891110
aespa,2024-07-05,12820601
aespa,2024-07-06,12745146
aespa,2024-07-07,12676447
aespa,2024-07-08,12607152
aespa,2024-07-09,12502150
aespa,2024-07-10,12457148
aespa,2024-07-11,12424124
aespa,2024-07-12,12405535
aespa,2024-07-13,12405535
aespa,2024-07-14,12368566
aespa,2024-07-15,12292051
aespa,2024-07-16,12274729
aespa,2024-07-17,12235462
aespa,2024-07-18,12192818
aespa,2024-07-19,12152906
aespa,2024-07-20,12131539
aespa,2024-07-21,12111272
aespa,2024-07-22,12091005
aespa,2024-07-23,12075800
aespa,2024-07-24,12060595
aespa,2024-07-25,12025749
aespa,2024-07-26,11994384
aespa,2024-07-27,11963019
aespa,2024-07-28,11931654
aespa,2024-07-29,11843900
aespa,2024-07-30,11796548
aespa,2024-07-31,11753961
aespa,2024-08-01,11715997
aespa,2024-08-02,11695013
aespa,2024-08-03,11685496
aespa,2024-08-04,11677933
aespa,2024-08-05,11661112
aespa,2024-08-06,11643771
aespa,2024-08-07,11629497
aespa,2024-08-08,11609591
aespa,2024-08-09,11581352
aespa,2024-08-10,11553113
aespa,2024-08-11,11530769
aespa,2024-08-12,11505379
aespa,2024-08-13,11471698
aespa,2024-08-14,11459367
aespa,2024-08-15,11447035
aespa,2024-08-16,11421468
aespa,2024-08-17,11232298
aespa,2024-08-18,11004286
aespa,2024-08-19,10781298
aespa,2024-08-20,11181130
aespa,2024-08-21,11134384
aespa,2024-08-22,11100197
aespa,2024-08-23,11087332
aespa,2024-08-24,11072803
aespa,2024-08-25,11068620
aespa,2024-08-26,11051310
aespa,2024-08-27,11039160
aespa,2024-08-28,11029764
aespa,2024-08-29,11020368
aespa,2024-08-30,11005993
aespa,2024-08-31,10945382
aespa,2024-09-01,10916777
aespa,2024-09-02,10869995
aespa,2024-09-03,10857408
aespa,2024-09-04,10835477
aespa,2024-09-05,10800193
aespa,2024-09-06,10758069
aespa,2024-09-07,10715945
aespa,2024-09-08,10686573
aespa,2024-09-09,10651108
aespa,2024-09-10,10614331
aespa,2024-09-11,10579148
aespa,2024-09-12,10543618
aespa,2024-09-13,10507145
aespa,2024-09-14,10483513
aespa,2024-09-15,10469688
aespa,2024-09-16,10455864
aespa,2024-09-17,10450726
aespa,2024-09-18,10417709
aespa,2024-09-19,10395822
aespa,2024-09-20,10355523
aespa,2024-09-21,10321042
aespa,2024-09-22,10289239
aespa,2024-09-23,10257437
aespa,2024-09-24,10200981
aespa,2024-09-25,10159202
aespa,2024-09-26,10117424
aespa,2024-09-27,10064154
aespa,2024-09-28,10010883
aespa,2024-09-29,9951888
aespa,2024-09-30,9914114
aespa,2024-10-01,9890512
aespa,2024-10-02,9866909
aespa,2024-10-03,9857332
aespa,2024-10-04,9862064
aespa,2024-10-05,9866796
aespa,2024-10-06,9885049
aespa,2024-10-07,9891568
aespa,2024-10-08,9898086
aespa,2024-10-09,9950147
aespa,2024-10-10,10026546
aespa,2024-10-11,10108947
aespa,2024-10-12,10191347
aespa,2024-10-13,10248905
aespa,2024-10-14,10306463
aespa,2024-10-15,10340185
aespa,2024-10-16,10364582
aespa,2024-10-17,10388979
aespa,2024-10-18,10496466
aespa,2024-10-19,10594761
aespa,2024-10-20,10693055
aespa,2024-10-21,10816849
aespa,2024-10-22,10988998
aespa,2024-10-23,11161147
aespa,2024-10-24,11311224
aespa,2024-10-25,11528334
aespa,2024-10-26,11774225
aespa,2024-10-27,11895064
aespa,2024-10-28,12015902
aespa,2024-10-29,12222759
aespa,2024-10-30,12559519
aespa,2024-10-31,12626908
aespa,2024-11-01,12694298
aespa,2024-11-02,12917186
aespa,2024-11-03,13031573
aespa,2024-11-04,13133273
aespa,2024-11-05,13227279
aespa,2024-11-06,13308828
aespa,2024-11-07,13362485
aespa,2024-11-08,13428751
aespa,2024-11-09,13475102
aespa,2024-11-10,13529603
aespa,2024-11-11,13586409
aespa,2024-11-12,13637074
aespa,2024-11-13,13672172
aespa,2024-11-14,13705687
aespa,2024-11-15,13739202
aespa,2024-11-16,13732683
aespa,2024-11-17,13726395
aespa,2024-11-18,13720107
aespa,2024-11-19,13702278
aespa,2024-11-20,13592737
aespa,2024-11-21,13539956
aespa,2024-11-22,13451852
aespa,2024-11-23,13337525
aespa,2024-11-24,13236358
aespa,2024-11-25,13149216
aespa,2024-11-26,13062075
aespa,2024-11-27,12985079
aespa,2024-11-28,12908083
aespa,2024-11-29,12859858
aespa,2024-11-30,12811633
aespa,2024-12-01,12768031
aespa,2024-12-02,12724429
aespa,2024-12-03,12688015
aespa,2024-12-04,12651600
aespa,2024-12-05,12663974
aespa,2024-12-06,12676250
aespa,2024-12-07,12657447
aespa,2024-12-08,12648024
aespa,2024-12-09,12638602
aespa,2024-12-10,12629179
aespa,2024-12-11,12619909
aespa,2024-12-12,12595394
aespa,2024-12-13,12570879
aespa,2024-12-14,12555295
aespa,2024-12-15,12535961
aespa,2024-12-16,12516626
aespa,2024-12-17,12506351
aespa,2024-12-18,12496076
aespa,2024-12-19,12472892
aespa,2024-12-20,12465902
aespa,2024-12-21,12451164
aespa,2024-12-22,12440963
aespa,2024-12-23,12408654
aespa,2024-12-24,12406771
aespa,2024-12-25,12404888
aespa,2024-12-26,12417162
aespa,2024-12-27,12379220
aespa,2024-12-28,12328329
aespa,2024-12-29,12277439
aespa,2024-12-30,12226548
aespa,2024-12-31,12213922
aespa,2025-01-01,12201297
aespa,2025-01-02,12169435
aespa,2025-01-03,12137574
aespa,2025-01-04,12063001
aespa,2025-01-05,12023588
aespa,2025-01-06,11985612
aespa,2025-01-07,11967588
aespa,2025-01-08,11958254
aespa,2025-01-09,11948921
aespa,2025-01-10,11929989
aespa,2025-01-11,11872201
aespa,2025-01-12,11854545
aespa,2025-01-13,11836889
aespa,2025-01-14,11838499
aespa,2025-01-15,11835404
aespa,2025-01-16,11832310
aespa,2025-01-17,11828623
aespa,2025-01-18,11808201
aespa,2025-01-19,11787780
aespa,2025-01-20,11767358
aespa,2025-01-21,11739520
aespa,2025-01-22,11707688
aespa,2025-01-23,11675855
aespa,2025-01-24,11646003
aespa,2025-01-25,11616152
aespa,2025-01-26,11586300
aespa,2025-01-27,11556449
aespa,2025-01-28,11504221
aespa,2025-01-29,11451992
aespa,2025-01-30,11433300
aespa,2025-01-31,11414610
aespa,2025-02-01,11395918
aespa,2025-02-02,11377227
aespa,2025-02-03,11358535
aespa,2025-02-04,11341535
aespa,2025-02-05,11324535
aespa,2025-02-06,11268931
aespa,2025-02-07,11249225
aespa,2025-02-08,11235602
aespa,2025-02-09,11215222
aespa,2025-02-10,11180489
aespa,2025-02-11,11145766
aespa,2025-02-12,11102015
aespa,2025-02-13,11044027
aespa,2025-02-14,10999832
aespa,2025-02-15,10964094
aespa,2025-02-16,10928356
aespa,2025-02-17,10888607
aespa,2025-02-18,10856765
aespa,2025-02-19,10824923
aespa,2025-02-20,10810188
aespa,2025-02-21,10786366
aespa,2025-02-22,10783007
aespa,2025-02-23,10765360
aespa,2025-02-24,10747820
aespa,2025-02-25,10735537
aespa,2025-02-26,10719737
aespa,2025-02-27,10694459
aespa,2025-02-28,10672881
aespa,2025-03-01,10634468
aespa,2025-03-02,10596055
aespa,2025-03-03,10562353
aespa,2025-03-04,10526099
aespa,2025-03-05,10509448
aespa,2025-03-06,10478972
aespa,2025-03-07,10448495
aespa,2025-03-08,10402406
aespa,2025-03-09,10381007
aespa,2025-03-10,10360886
aespa,2025-03-11,10340764
aespa,2025-03-12,10320643
aespa,2025-03-13,10306697
aespa,2025-03-14,10294341
aespa,2025-03-15,10281985
aespa,2025-03-16,10269629
aespa,2025-03-17,10257273
aespa,2025-03-18,10244917
aespa,2025-03-19,10232561
aespa,2025-03-20,10220205
aespa,2025-03-21,10207849
aespa,2025-03-22,10183326
aespa,2025-03-23,10160098
aespa,2025-03-24,10146773
aespa,2025-03-25,10122331
aespa,2025-03-26,10112157
aespa,2025-03-27,10101982
aespa,2025-03-28,10063150
aespa,2025-03-29,10062352
aespa,2025-03-30,10074559
aespa,2025-03-31,10087663
aespa,2025-04-01,10082177
aespa,2025-04-02,10068401
aespa,2025-04-03,10064308
aespa,2025-04-04,10060215
aespa,2025-04-05,10065312
aespa,2025-04-06,10070410
aespa,2025-04-07,10070663
aespa,2025-04-08,10062203
aespa,2025-04-09,10062552
aespa,2025-04-10,10062900
aespa,2025-04-11,10066717
aespa,2025-04-12,10064922
aespa,2025-04-13,10071013
aespa,2025-04-14,10063341
aespa,2025-04-15,10069904
aespa,2025-04-16,10059079
aespa,2025-04-17,10048253
aespa,2025-04-18,10032090
aespa,2025-04-19,10016582
aespa,2025-04-20,10001075
aespa,2025-04-21,9982413
aespa,2025-04-22,9971247
aespa,2025-04-23,9947687
aespa,2025-04-24,9940357
aespa,2025-04-25,9930271
aespa,2025-04-26,9920184
aespa,2025-04-27,9910098
aespa,2025-04-28,9867463
aespa,2025-04-29,9878025
aespa,2025-04-30,9895310
aespa,2025-05-01,9877126
aespa,2025-05-02,9856236
aespa,2025-05-03,9843179
aespa,2025-05-04,9830121
aespa,2025-05-05,9827007
aespa,2025-05-06,9823892
aespa,2025-05-07,9812232
aespa,2025-05-08,9821614
aespa,2025-05-09,9834381
aespa,2025-05-10,9831357
aespa,2025-05-11,9828333
aespa,2025-05-12,9826920
aespa,2025-05-13,9823819
aespa,2025-05-14,9820719
aespa,2025-05-15,9817501
aespa,2025-05-16,9814283
aespa,2025-05-17,9809865
aespa,2025-05-18,9805447
aespa,2025-05-19,9798112
aespa,2025-05-20,9797672
aespa,2025-05-21,9797782
aespa,2025-05-22,9789013
aespa,2025-05-23,9763832
aespa,2025-05-24,9738653
aespa,2025-05-25,9713472
aespa,2025-05-26,9682901
aespa,2025-05-27,9661298
aespa,2025-05-28,9639695
aespa,2025-05-29,9592802
aespa,2025-05-30,9585090
aespa,2025-05-31,9577378
aespa,2025-06-01,9569665
aespa,2025-06-02,9553039
aespa,2025-06-03,9536413
aespa,2025-06-04,9524160
aespa,2025-06-05,9516363
aespa,2025-06-06,9508566
aespa,2025-06-07,9500769
aespa,2025-06-08,9487917
aespa,2025-06-09,9472863
aespa,2025-06-10,9436330
aespa,2025-06-11,9427304
aespa,2025-06-12,9409596
aespa,2025-06-13,9391887
aespa,2025-06-14,9384548
aespa,2025-06-15,9377209
aespa,2025-06-16,9369062
aespa,2025-06-17,9348391
aespa,2025-06-18,9325871
aespa,2025-06-19,9317140
aespa,2025-06-20,9310191
aespa,2025-06-21,9303241
aespa,2025-06-22,9286561
aespa,2025-06-23,9266308
aespa,2025-06-24,9276240
aespa,2025-06-25,9273530
aespa,2025-06-26,9270820
aespa,2025-06-27,9268894
aespa,2025-06-28,9266967
aespa,2025-06-29,9533314
aespa,2025-06-30,9649544
aespa,2025-07-01,9759177
aespa,2025-07-02,9868808
aespa,2025-07-03,10006094
aespa,2025-07-04,10135120
aespa,2025-07-05,10282681
aespa,2025-07-06,10430242
aespa,2025-07-07,10540045
aespa,2025-07-08,10631736
aespa,2025-07-09,10730268
aespa,2025-07-10,10828800
aespa,2025-07-11,10873321
aespa,2025-07-12,10917843
aespa,2025-07-13,11078193
aespa,2025-07-14,11132739
aespa,2025-07-15,11187284
aespa,2025-07-16,11263128
aespa,2025-07-17,11339507
aespa,2025-07-18,11372422
aespa,2025-07-19,11405338
aespa,2025-07-20,11603944
aespa,2025-07-21,11686681
aespa,2025-07-22,11731781
aespa,2025-07-23,11805289
aespa,2025-07-24,11854946
aespa,2025-07-25,11867607
aespa,2025-07-26,11880269
aespa,2025-07-27,11887861
aespa,2025-07-28,11853463
aespa,2025-07-29,11806807
aespa,2025-07-30,11782592
aespa,2025-07-31,11738684
aespa,2025-08-01,11674561
aespa,2025-08-02,11610439
aespa,2025-08-03,11572676
aespa,2025-08-04,11534913
aespa,2025-08-05,11429252
aespa,2025-08-06,11376826
aespa,2025-08-07,11349988
aespa,2025-08-08,11332470
aespa,2025-08-09,11314953
aespa,2025-08-10,11214323
aespa,2025-08-11,11186717
aespa,2025-08-12,11153299
aespa,2025-08-13,11112233
aespa,2025-08-14,11062312
aespa,2025-08-15,11044293
aespa,2025-08-16,11026275
aespa,2025-08-17,10894686
aespa,2025-08-18,10858577
aespa,2025-08-19,10830779
aespa,2025-08-20,10774244
aespa,2025-08-21,10748176
aespa,2025-08-22,10722108
aespa,2025-08-23,10683337
aespa,2025-08-24,10594720
aespa,2025-08-25,10571390
aespa,2025-08-26,10549652
aespa,2025-08-27,10527913
aespa,2025-08-28,10492759
aespa,2025-08-29,10452749
aespa,2025-08-30,10439418
aespa,2025-08-31,10433881
aespa,2025-09-01,10428343
aespa,2025-09-02,10404298
aespa,2025-09-03,10353770
aespa,2025-09-04,10337974
aespa,2025-09-05,10309367
aespa,2025-09-06,10377231
aespa,2025-09-07,10445096
aespa,2025-09-08,10512961
aespa,2025-09-09,10583129
aespa,2025-09-10,10653296
aespa,2025-09-11,10723465
aespa,2025-09-12,10793632
aespa,2025-09-13,10863800
aespa,2025-09-14,10933969
aespa,2025-09-15,11004136
aespa,2025-09-16,11074304
aespa,2025-09-17,11155836
aespa,2025-09-18,11230670
aespa,2025-09-19,11305506
aespa,2025-09-20,11380341
aespa,2025-09-21,11478940
aespa,2025-09-22,11549822
aespa,2025-09-23,11637826
aespa,2025-09-24,11692105
aespa,2025-09-25,11729623
aespa,2025-09-26,11765993
aespa,2025-09-27,11802363
aespa,2025-09-28,11838733
aespa,2025-09-29,11875103
aespa,2025-09-30,11917867
aespa,2025-10-01,11954312
aespa,2025-10-02,11993150
aespa,2025-10-03,12031987
aespa,2025-10-04,11984026
aespa,2025-10-05,11975869
aespa,2025-10-06,11967712
aespa,2025-10-07,11962615
aespa,2025-10-08,11943450
aespa,2025-10-09,11883264
aespa,2025-10-10,11844399
aespa,2025-10-11,11805533
aespa,2025-10-12,11706904
aespa,2025-10-13,11578328
aespa,2025-10-14,11513448
aespa,2025-10-15,11437086
aespa,2025-10-16,11388725
aespa,2025-10-17,11353727
aespa,2025-10-18,11318729
aespa,2025-10-19,11232900
aespa,2025-10-20,11131406
aespa,2025-10-21,10981721
aespa,2025-10-22,10909819
aespa,2025-10-23,10851170
aespa,2025-10-24,10790420
aespa,2025-10-25,10729669
aespa,2025-10-26,10694719
aespa,2025-10-27,10659769
aespa,2025-10-28,10545464
aespa,2025-10-29,10487057
aespa,2025-10-30,10428650
aespa,2025-10-31,10370243
aespa,2025-11-01,10311836
aespa,2025-11-02,10264341
aespa,2025-11-03,10216844
aespa,2025-11-04,10169349
aespa,2025-11-05,10121854
aespa,2025-11-06,10074358
aespa,2025-11-07,10033215
aespa,2025-11-08,9980003
aespa,2025-11-09,9956624
aespa,2025-11-10,9933245
aespa,2025-11-11,9907920
aespa,2025-11-12,9882594
aespa,2025-11-13,9849572
aespa,2025-11-14,9816549
aespa,2025-11-15,9783527
aespa,2025-11-16,9755366
aespa,2025-11-17,9747045
aespa,2025-11-18,9738723
aespa,2025-11-19,9730402
aespa,2025-11-20,9728139
aespa,2025-11-21,9725876
aespa,2025-11-22,9723613
aespa,2025-11-23,9824733
aespa,2025-11-24,9837835
aespa,2025-11-25,9850936
aespa,2025-11-26,9864038
aespa,2025-11-27,9887737
aespa,2025-11-28,9911436
aespa,2025-11-29,9935136
aespa,2025-11-30,9958835
aespa,2025-12-01,9969649
aespa,2025-12-02,9980463
aespa,2025-12-03,9980604
aespa,2025-12-04,9982944
aespa,2025-12-05,10054926
aespa,2025-12-06,10078375
aespa,2025-12-07,10101824
aespa,2025-12-08,10125930
aespa,2025-12-09,10152228
aespa,2025-12-10,10153675
aespa,2025-12-11,10148586
aespa,2025-12-12,10143496
aespa,2025-12-13,10144690
aespa,2025-12-14,10145885
aespa,2025-12-15,10138808
aespa,2025-12-16,10131732
aespa,2025-12-17,10119474
aespa,2025-12-18,10117481
aespa,2025-12-19,10115488
aespa,2025-12-20,10035213
aespa,2025-12-21,10009123
aespa,2025-12-22,9983032
aespa,2025-12-23,9956942
aespa,2025-12-24,9930852
aespa,2025-12-25,9904761
aespa,2025-12-26,9878671
aespa,2025-12-27,9852580
aespa,2025-12-28,9826490
aespa,2025-12-29,9800400
aespa,2025-12-30,9774309
aespa,2025-12-31,9748219
aespa,2026-01-01,9731443
aespa,2026-01-02,9667055
aespa,2026-01-03,9647146
aespa,2026-01-04,9648832
aespa,2026-01-05,9650517
aespa,2026-01-06,9655173
aespa,2026-01-07,9672054
aespa,2026-01-08,9683930
aespa,2026-01-09,9728312
aespa,2026-01-10,9731889
aespa,2026-01-11,9735466
aespa,2026-01-12,9739290
aespa,2026-01-13,9752671
aespa,2026-01-14,9771806
aespa,2026-01-15,9776350
aespa,2026-01-16,9781228
aespa,2026-01-17,9793702
aespa,2026-01-18,9788998
aespa,2026-01-19,9784293
aespa,2026-01-20,9788860
aespa,2026-01-21,9766024
aespa,2026-01-22,9756212
aespa,2026-01-23,9746400
aespa,2026-01-24,9742193
aespa,2026-01-25,9750232
aespa,2026-01-26,9751489
aespa,2026-01-27,9751734
aespa,2026-01-28,9740197
aespa,2026-01-29,9721359
aespa,2026-01-30,9686142
aespa,2026-01-31,9685619
aespa,2026-02-01,9635884
aespa,2026-02-02,9624762
aespa,2026-02-03,9613640
aespa,2026-02-04,9572610
aespa,2026-02-05,9567626
aespa,2026-02-06,9550119
aespa,2026-02-07,9532612
aespa,2026-02-08,9530974
aespa,2026-02-09,9529337
aespa,2026-02-10,9523509
aespa,2026-02-11,9500096
aespa,2026-02-12,9495008
aespa,2026-02-13,9489919
aespa,2026-02-14,9487172
aespa,2026-02-15,9484039
aespa,2026-02-16,9480906
aespa,2026-02-17,9467560
aespa,2026-02-18,9464949
aespa,2026-02-19,9455688
aespa,2026-02-20,9424408
aespa,2026-02-21,9424474
aespa,2026-02-22,9424541
aespa,2026-02-23,9435721
aespa,2026-02-24,9446901
aespa,2026-02-25,9462759
aespa,2026-02-26,9464049
aespa,2026-02-27,9465339
aespa,2026-02-28,9522987
aespa,2026-03-01,9580635
aespa,2026-03-02,9591409
aespa,2026-03-03,9615041
aespa,2026-03-04,9639746
aespa,2026-03-05,9664451
aespa,2026-03-06,9678551
aespa,2026-03-07,9703005
aespa,2026-03-08,9727459
aespa,2026-03-09,9731423
aespa,2026-03-10,9720562
aespa,2026-03-11,9727771
aespa,2026-03-12,9739638
aespa,2026-03-13,9741407
aespa,2026-03-14,9743176
aespa,2026-03-15,9750000
aespa,2026-03-16,9756823
aespa,2026-03-17,9747975
aespa,2026-03-18,9742312
aespa,2026-03-19,9736650
aespa,2026-03-20,9764465
aespa,2026-03-21,9796341
aespa,2026-03-22,9798047
aespa,2026-03-23,9799753
aespa,2026-03-24,9801459
aespa,2026-03-25,9793503
aespa,2026-03-26,9819613
aespa,2026-03-27,9858476
aespa,2026-03-28,9842027
aespa,2026-03-29,9830962
aespa,2026-03-30,9819898
aespa,2026-03-31,9815064
aespa,2026-04-01,9806634
aespa,2026-04-02,9800071
aespa,2026-04-03,9791287
aespa,2026-04-04,9761259
aespa,2026-04-05,9758342
aespa,2026-04-06,9755425
aespa,2026-04-07,9773865
aespa,2026-04-08,9772202
aespa,2026-04-09,9770540
aespa,2026-04-10,9747854
aespa,2026-04-11,9728569
aespa,2026-04-12,9707531
j-hope,2024-04-13,5196041
j-hope,2024-04-14,5196041
j-hope,2024-04-15,5196041
j-hope,2024-04-16,5196041
j-hope,2024-04-17,5196041
j-hope,2024-04-18,5196041
j-hope,2024-04-19,6092262
j-hope,2024-04-20,6092262
j-hope,2024-04-21,6092262
j-hope,2024-04-22,6092262
j-hope,2024-04-23,6092262
j-hope,2024-04-24,6352814
j-hope,2024-04-25,6394480
j-hope,2024-04-26,6439803
j-hope,2024-04-27,6334988
j-hope,2024-04-28,6260655
j-hope,2024-04-29,6178714
j-hope,2024-04-30,6095451
j-hope,2024-05-01,6011284
j-hope,2024-05-02,5931753
j-hope,2024-05-03,5843136
j-hope,2024-05-04,5843136
j-hope,2024-05-05,5665071
j-hope,2024-05-06,5587449
j-hope,2024-05-07,5520256
j-hope,2024-05-08,5449052
j-hope,2024-05-09,5390548
j-hope,2024-05-10,5328787
j-hope,2024-05-11,5285088
j-hope,2024-05-12,5229351
j-hope,2024-05-13,5180544
j-hope,2024-05-14,5180544
j-hope,2024-05-15,5180544
j-hope,2024-05-16,5054588
j-hope,2024-05-17,5004461
j-hope,2024-05-18,4955155
j-hope,2024-05-19,4912495
j-hope,2024-05-20,4870357
j-hope,2024-05-21,4836172
j-hope,2024-05-22,4792582
j-hope,2024-05-23,4792582
j-hope,2024-05-24,4766066
j-hope,2024-05-25,4726510
j-hope,2024-05-26,4703367
j-hope,2024-05-27,4637936
j-hope,2024-05-28,4637936
j-hope,2024-05-29,4615097
j-hope,2024-05-30,4583763
j-hope,2024-05-31,4554415
j-hope,2024-06-01,4522800
j-hope,2024-06-02,4490370
j-hope,2024-06-03,4459758
j-hope,2024-06-04,4420554
j-hope,2024-06-05,4420554
j-hope,2024-06-06,4399760
j-hope,2024-06-07,4375340
j-hope,2024-06-08,4357200
j-hope,2024-06-09,4348941
j-hope,2024-06-10,4334613
j-hope,2024-06-11,4323253
j-hope,2024-06-12,4331622
j-hope,2024-06-13,4322883
j-hope,2024-06-14,4319186
j-hope,2024-06-15,4322883
j-hope,2024-06-16,4320478
j-hope,2024-06-17,4316299
j-hope,2024-06-18,4307078
j-hope,2024-06-19,4294989
j-hope,2024-06-20,4268521
j-hope,2024-06-21,4268521
j-hope,2024-06-22,4257271
j-hope,2024-06-23,4233766
j-hope,2024-06-24,4221984
j-hope,2024-06-25,4209114
j-hope,2024-06-26,4175546
j-hope,2024-06-27,4175546
j-hope,2024-06-28,4140060
j-hope,2024-06-29,4140060
j-hope,2024-06-30,4133290
j-hope,2024-07-01,4123344
j-hope,2024-07-02,4107293
j-hope,2024-07-03,4085117
j-hope,2024-07-04,4071140
j-hope,2024-07-05,4058929
j-hope,2024-07-06,4039719
j-hope,2024-07-07,3997156
j-hope,2024-07-08,3969784
j-hope,2024-07-09,3942980
j-hope,2024-07-10,3903726
j-hope,2024-07-11,3877045
j-hope,2024-07-12,3843379
j-hope,2024-07-13,3803778
j-hope,2024-07-14,3775533
j-hope,2024-07-15,3747243
j-hope,2024-07-16,3725058
j-hope,2024-07-17,3704461
j-hope,2024-07-18,3677302
j-hope,2024-07-19,3654150
j-hope,2024-07-20,3617862
j-hope,2024-07-21,3613110
j-hope,2024-07-22,3608358
j-hope,2024-07-23,3592123
j-hope,2024-07-24,3580139
j-hope,2024-07-25,3570066
j-hope,2024-07-26,3555596
j-hope,2024-07-27,3546924
j-hope,2024-07-28,3538252
j-hope,2024-07-29,3526779
j-hope,2024-07-30,3499632
j-hope,2024-07-31,3484930
j-hope,2024-08-01,3475700
j-hope,2024-08-02,3466996
j-hope,2024-08-03,3458291
j-hope,2024-08-04,3453335
j-hope,2024-08-05,3448380
j-hope,2024-08-06,3439039
j-hope,2024-08-07,3430462
j-hope,2024-08-08,3421884
j-hope,2024-08-09,3417893
j-hope,2024-08-10,3406601
j-hope,2024-08-11,3403084
j-hope,2024-08-12,3399567
j-hope,2024-08-13,3395604
j-hope,2024-08-14,3391640
j-hope,2024-08-15,3390473
j-hope,2024-08-16,3389306
j-hope,2024-08-17,3265531
j-hope,2024-08-18,3188543
j-hope,2024-08-19,3111554
j-hope,2024-08-20,3221257
j-hope,2024-08-21,3330960
j-hope,2024-08-22,3326345
j-hope,2024-08-23,3325868
j-hope,2024-08-24,3334681
j-hope,2024-08-25,3337523
j-hope,2024-08-26,3340892
j-hope,2024-08-27,3344261
j-hope,2024-08-28,3347629
j-hope,2024-08-29,3347921
j-hope,2024-08-30,3346144
j-hope,2024-08-31,3343497
j-hope,2024-09-01,3339116
j-hope,2024-09-02,3337403
j-hope,2024-09-03,3339551
j-hope,2024-09-04,3338633
j-hope,2024-09-05,3333047
j-hope,2024-09-06,3333348
j-hope,2024-09-07,3333648
j-hope,2024-09-08,3334153
j-hope,2024-09-09,3334657
j-hope,2024-09-10,3336294
j-hope,2024-09-11,3335187
j-hope,2024-09-12,3330648
j-hope,2024-09-13,3330265
j-hope,2024-09-14,3325161
j-hope,2024-09-15,3320057
j-hope,2024-09-16,3314953
j-hope,2024-09-17,3312313
j-hope,2024-09-18,3306444
j-hope,2024-09-19,3303374
j-hope,2024-09-20,3300304
j-hope,2024-09-21,3293252
j-hope,2024-09-22,3291371
j-hope,2024-09-23,3289490
j-hope,2024-09-24,3288040
j-hope,2024-09-25,3280407
j-hope,2024-09-26,3275644
j-hope,2024-09-27,3270881
j-hope,2024-09-28,3256094
j-hope,2024-09-29,3250197
j-hope,2024-09-30,3247897
j-hope,2024-10-01,3245597
j-hope,2024-10-02,3243297
j-hope,2024-10-03,3238305
j-hope,2024-10-04,3228109
j-hope,2024-10-05,3218700
j-hope,2024-10-06,3211682
j-hope,2024-10-07,3208091
j-hope,2024-10-08,3204499
j-hope,2024-10-09,3200089
j-hope,2024-10-10,3192765
j-hope,2024-10-11,3192470
j-hope,2024-10-12,3192175
j-hope,2024-10-13,3193516
j-hope,2024-10-14,3194856
j-hope,2024-10-15,3195756
j-hope,2024-10-16,3198409
j-hope,2024-10-17,3201066
j-hope,2024-10-18,3205768
j-hope,2024-10-19,3210469
j-hope,2024-10-20,3215171
j-hope,2024-10-21,3219872
j-hope,2024-10-22,3220096
j-hope,2024-10-23,3220320
j-hope,2024-10-24,3224347
j-hope,2024-10-25,3225317
j-hope,2024-10-26,3250663
j-hope,2024-10-27,3256051
j-hope,2024-10-28,3261438
j-hope,2024-10-29,3267079
j-hope,2024-10-30,3270274
j-hope,2024-10-31,3274277
j-hope,2024-11-01,3278280
j-hope,2024-11-02,3271837
j-hope,2024-11-03,3270353
j-hope,2024-11-04,3268869
j-hope,2024-11-05,3260820
j-hope,2024-11-06,3258970
j-hope,2024-11-07,3256595
j-hope,2024-11-08,3247751
j-hope,2024-11-09,3238906
j-hope,2024-11-10,3235198
j-hope,2024-11-11,3231490
j-hope,2024-11-12,3227697
j-hope,2024-11-13,3221603
j-hope,2024-11-14,3222265
j-hope,2024-11-15,3209685
j-hope,2024-11-16,3197104
j-hope,2024-11-17,3192774
j-hope,2024-11-18,3188443
j-hope,2024-11-19,3181321
j-hope,2024-11-20,3174095
j-hope,2024-11-21,3168178
j-hope,2024-11-22,3165590
j-hope,2024-11-23,3145098
j-hope,2024-11-24,3140655
j-hope,2024-11-25,3136211
j-hope,2024-11-26,3133127
j-hope,2024-11-27,3129002
j-hope,2024-11-28,3127459
j-hope,2024-11-29,3125915
j-hope,2024-11-30,3121959
j-hope,2024-12-01,3124079
j-hope,2024-12-02,3126199
j-hope,2024-12-03,3128700
j-hope,2024-12-04,3130398
j-hope,2024-12-05,3120546
j-hope,2024-12-06,3128898
j-hope,2024-12-07,3167401
j-hope,2024-12-08,3171197
j-hope,2024-12-09,3174993
j-hope,2024-12-10,3178788
j-hope,2024-12-11,3183329
j-hope,2024-12-12,3186464
j-hope,2024-12-13,3189598
j-hope,2024-12-14,3192030
j-hope,2024-12-15,3192672
j-hope,2024-12-16,3193313
j-hope,2024-12-17,3193954
j-hope,2024-12-18,3197596
j-hope,2024-12-19,3201303
j-hope,2024-12-20,3203934
j-hope,2024-12-21,3213045
j-hope,2024-12-22,3210365
j-hope,2024-12-23,3208850
j-hope,2024-12-24,3207335
j-hope,2024-12-25,3202372
j-hope,2024-12-26,3195350
j-hope,2024-12-27,3174572
j-hope,2024-12-28,3168543
j-hope,2024-12-29,3162514
j-hope,2024-12-30,3156485
j-hope,2024-12-31,3150755
j-hope,2025-01-01,3147101
j-hope,2025-01-02,3125304
j-hope,2025-01-03,3113173
j-hope,2025-01-04,3101042
j-hope,2025-01-05,3096937
j-hope,2025-01-06,3092831
j-hope,2025-01-07,3094292
j-hope,2025-01-08,3095440
j-hope,2025-01-09,3093777
j-hope,2025-01-10,3092114
j-hope,2025-01-11,3112686
j-hope,2025-01-12,3123794
j-hope,2025-01-13,3139172
j-hope,2025-01-14,3153075
j-hope,2025-01-15,3157388
j-hope,2025-01-16,3161701
j-hope,2025-01-17,3173034
j-hope,2025-01-18,3177551
j-hope,2025-01-19,3182068
j-hope,2025-01-20,3186585
j-hope,2025-01-21,3192521
j-hope,2025-01-22,3198457
j-hope,2025-01-23,3222322
j-hope,2025-01-24,3238102
j-hope,2025-01-25,3253882
j-hope,2025-01-26,3269661
j-hope,2025-01-27,3285441
j-hope,2025-01-28,3290105
j-hope,2025-01-29,3293430
j-hope,2025-01-30,3296755
j-hope,2025-01-31,3321419
j-hope,2025-02-01,3328294
j-hope,2025-02-02,3335169
j-hope,2025-02-03,3342043
j-hope,2025-02-04,3340319
j-hope,2025-02-05,3341083
j-hope,2025-02-06,3339302
j-hope,2025-02-07,3339671
j-hope,2025-02-08,3330990
j-hope,2025-02-09,3324294
j-hope,2025-02-10,3310826
j-hope,2025-02-11,3299370
j-hope,2025-02-12,3291438
j-hope,2025-02-13,3283251
j-hope,2025-02-14,3275068
j-hope,2025-02-15,3269843
j-hope,2025-02-16,3264618
j-hope,2025-02-17,3258929
j-hope,2025-02-18,3261118
j-hope,2025-02-19,3263307
j-hope,2025-02-20,3267680
j-hope,2025-02-21,3262909
j-hope,2025-02-22,3984495
j-hope,2025-02-23,4306470
j-hope,2025-02-24,4531603
j-hope,2025-02-25,4763022
j-hope,2025-02-26,5053772
j-hope,2025-02-27,5335504
j-hope,2025-02-28,5551731
j-hope,2025-03-01,5742305
j-hope,2025-03-02,5932879
j-hope,2025-03-03,6055015
j-hope,2025-03-04,6171096
j-hope,2025-03-05,6280902
j-hope,2025-03-06,6356979
j-hope,2025-03-07,6433056
j-hope,2025-03-08,6860862
j-hope,2025-03-09,7119343
j-hope,2025-03-10,7350169
j-hope,2025-03-11,7580994
j-hope,2025-03-12,7811820
j-hope,2025-03-13,8147274
j-hope,2025-03-14,8480549
j-hope,2025-03-15,8708308
j-hope,2025-03-16,8936067
j-hope,2025-03-17,9163827
j-hope,2025-03-18,9391586
j-hope,2025-03-19,9619345
j-hope,2025-03-20,9847104
j-hope,2025-03-21,10074863
j-hope,2025-03-22,10117950
j-hope,2025-03-23,10221063
j-hope,2025-03-24,10374622
j-hope,2025-03-25,10500020
j-hope,2025-03-26,10581244
j-hope,2025-03-27,10689252
j-hope,2025-03-28,10797260
j-hope,2025-03-29,10898364
j-hope,2025-03-30,11028624
j-hope,2025-03-31,11107566
j-hope,2025-04-01,11186507
j-hope,2025-04-02,11291069
j-hope,2025-04-03,11434908
j-hope,2025-04-04,11578747
j-hope,2025-04-05,11552193
j-hope,2025-04-06,11525640
j-hope,2025-04-07,11499086
j-hope,2025-04-08,11503268
j-hope,2025-04-09,11493261
j-hope,2025-04-10,11457877
j-hope,2025-04-11,11414541
j-hope,2025-04-12,11371206
j-hope,2025-04-13,11327869
j-hope,2025-04-14,11284534
j-hope,2025-04-15,11233406
j-hope,2025-04-16,11204646
j-hope,2025-04-17,11175885
j-hope,2025-04-18,11052003
j-hope,2025-04-19,10928121
j-hope,2025-04-20,10804239
j-hope,2025-04-21,10680357
j-hope,2025-04-22,10551024
j-hope,2025-04-23,10421692
j-hope,2025-04-24,10341110
j-hope,2025-04-25,10260529
j-hope,2025-04-26,10077693
j-hope,2025-04-27,9894857
j-hope,2025-04-28,9648989
j-hope,2025-04-29,9552805
j-hope,2025-04-30,9456622
j-hope,2025-05-01,9315975
j-hope,2025-05-02,9172158
j-hope,2025-05-03,9070189
j-hope,2025-05-04,8968220
j-hope,2025-05-05,8866251
j-hope,2025-05-06,8784915
j-hope,2025-05-07,8700455
j-hope,2025-05-08,8597290
j-hope,2025-05-09,8505011
j-hope,2025-05-10,8430425
j-hope,2025-05-11,8355839
j-hope,2025-05-12,8281548
j-hope,2025-05-13,8200809
j-hope,2025-05-14,8120069
j-hope,2025-05-15,8050396
j-hope,2025-05-16,7980722
j-hope,2025-05-17,7938524
j-hope,2025-05-18,7886870
j-hope,2025-05-19,7824886
j-hope,2025-05-20,7762901
j-hope,2025-05-21,7704134
j-hope,2025-05-22,7660210
j-hope,2025-05-23,7616285
j-hope,2025-05-24,7572361
j-hope,2025-05-25,7528437
j-hope,2025-05-26,7484512
j-hope,2025-05-27,7435794
j-hope,2025-05-28,7387075
j-hope,2025-05-29,7317591
j-hope,2025-05-30,7248106
j-hope,2025-05-31,7220517
j-hope,2025-06-01,7192927
j-hope,2025-06-02,7165337
j-hope,2025-06-03,7133181
j-hope,2025-06-04,7101024
j-hope,2025-06-05,7075921
j-hope,2025-06-06,7032896
j-hope,2025-06-07,6989871
j-hope,2025-06-08,6946846
j-hope,2025-06-09,6934183
j-hope,2025-06-10,6921519
j-hope,2025-06-11,6884108
j-hope,2025-06-12,6858243
j-hope,2025-06-13,6832377
j-hope,2025-06-14,6944618
j-hope,2025-06-15,7056858
j-hope,2025-06-16,7318939
j-hope,2025-06-17,7410032
j-hope,2025-06-18,7501124
j-hope,2025-06-19,7847520
j-hope,2025-06-20,7980736
j-hope,2025-06-21,8113952
j-hope,2025-06-22,8541784
j-hope,2025-06-23,8618495
j-hope,2025-06-24,8695206
j-hope,2025-06-25,8831149
j-hope,2025-06-26,8966486
j-hope,2025-06-27,9108438
j-hope,2025-06-28,9347381
j-hope,2025-06-29,9400215
j-hope,2025-06-30,9453049
j-hope,2025-07-01,9543410
j-hope,2025-07-02,9700180
j-hope,2025-07-03,9777820
j-hope,2025-07-04,9805796
j-hope,2025-07-05,9833773
j-hope,2025-07-06,9993546
j-hope,2025-07-07,10022146
j-hope,2025-07-08,10050746
j-hope,2025-07-09,10113243
j-hope,2025-07-10,10175740
j-hope,2025-07-11,10238290
j-hope,2025-07-12,10301840
j-hope,2025-07-13,10180083
j-hope,2025-07-14,10135821
j-hope,2025-07-15,10091558
j-hope,2025-07-16,10033383
j-hope,2025-07-17,9942572
j-hope,2025-07-18,9811543
j-hope,2025-07-19,9680514
j-hope,2025-07-20,9580403
j-hope,2025-07-21,9494450
j-hope,2025-07-22,9414662
j-hope,2025-07-23,9379685
j-hope,2025-07-24,9344708
j-hope,2025-07-25,9142985
j-hope,2025-07-26,9098749
j-hope,2025-07-27,9054512
j-hope,2025-07-28,8965237
j-hope,2025-07-29,8867587
j-hope,2025-07-30,8830233
j-hope,2025-07-31,8808922
j-hope,2025-08-01,8787612
j-hope,2025-08-02,8749036
j-hope,2025-08-03,8696202
j-hope,2025-08-04,8658544
j-hope,2025-08-05,8644335
j-hope,2025-08-06,8620420
j-hope,2025-08-07,8583072
j-hope,2025-08-08,8493899
j-hope,2025-08-09,8472364
j-hope,2025-08-10,8450828
j-hope,2025-08-11,8444910
j-hope,2025-08-12,8438992
j-hope,2025-08-13,8433073
j-hope,2025-08-14,8388854
j-hope,2025-08-15,8377465
j-hope,2025-08-16,8366074
j-hope,2025-08-17,8334183
j-hope,2025-08-18,8290990
j-hope,2025-08-19,8283908
j-hope,2025-08-20,8276826
j-hope,2025-08-21,8265666
j-hope,2025-08-22,8266562
j-hope,2025-08-23,8267458
j-hope,2025-08-24,8264725
j-hope,2025-08-25,8261220
j-hope,2025-08-26,8260541
j-hope,2025-08-27,8259861
j-hope,2025-08-28,8247230
j-hope,2025-08-29,8238604
j-hope,2025-08-30,8229978
j-hope,2025-08-31,8198816
j-hope,2025-09-01,8167653
j-hope,2025-09-02,8156349
j-hope,2025-09-03,8145044
j-hope,2025-09-04,8106907
j-hope,2025-09-05,8098104
j-hope,2025-09-06,8089300
j-hope,2025-09-07,8048992
j-hope,2025-09-08,8008684
j-hope,2025-09-09,7990293
j-hope,2025-09-10,7971902
j-hope,2025-09-11,7953511
j-hope,2025-09-12,7935120
j-hope,2025-09-13,7916729
j-hope,2025-09-14,7898338
j-hope,2025-09-15,7879947
j-hope,2025-09-16,7861556
j-hope,2025-09-17,7843165
j-hope,2025-09-18,7826650
j-hope,2025-09-19,7814086
j-hope,2025-09-20,7801522
j-hope,2025-09-21,7767352
j-hope,2025-09-22,7736161
j-hope,2025-09-23,7704970
j-hope,2025-09-24,7674262
j-hope,2025-09-25,7653155
j-hope,2025-09-26,7632048
j-hope,2025-09-27,7610940
j-hope,2025-09-28,7555519
j-hope,2025-09-29,7532041
j-hope,2025-09-30,7508563
j-hope,2025-10-01,7482233
j-hope,2025-10-02,7470650
j-hope,2025-10-03,7459067
j-hope,2025-10-04,7437764
j-hope,2025-10-05,7396976
j-hope,2025-10-06,7373381
j-hope,2025-10-07,7349373
j-hope,2025-10-08,7338807
j-hope,2025-10-09,7328240
j-hope,2025-10-10,7303196
j-hope,2025-10-11,7271809
j-hope,2025-10-12,7250967
j-hope,2025-10-13,7223747
j-hope,2025-10-14,7192127
j-hope,2025-10-15,7151665
j-hope,2025-10-16,7129558
j-hope,2025-10-17,7117941
j-hope,2025-10-18,7106324
j-hope,2025-10-19,7079277
j-hope,2025-10-20,7055539
j-hope,2025-10-21,7025981
j-hope,2025-10-22,6995013
j-hope,2025-10-23,6964045
j-hope,2025-10-24,7147785
j-hope,2025-10-25,7331524
j-hope,2025-10-26,7536867
j-hope,2025-10-27,7749530
j-hope,2025-10-28,8035533
j-hope,2025-10-29,8193713
j-hope,2025-10-30,8351893
j-hope,2025-10-31,8695450
j-hope,2025-11-01,9404708
j-hope,2025-11-02,9559967
j-hope,2025-11-03,9715226
j-hope,2025-11-04,9980908
j-hope,2025-11-05,10237380
j-hope,2025-11-06,10747372
j-hope,2025-11-07,10992248
j-hope,2025-11-08,11237126
j-hope,2025-11-09,11482002
j-hope,2025-11-10,11605875
j-hope,2025-11-11,11729748
j-hope,2025-11-12,12130830
j-hope,2025-11-13,12259217
j-hope,2025-11-14,12387605
j-hope,2025-11-15,12515992
j-hope,2025-11-16,12944004
j-hope,2025-11-17,13053712
j-hope,2025-11-18,13163421
j-hope,2025-11-19,13337502
j-hope,2025-11-20,13515920
j-hope,2025-11-21,13694338
j-hope,2025-11-22,13873048
j-hope,2025-11-23,13976706
j-hope,2025-11-24,14009897
j-hope,2025-11-25,14043088
j-hope,2025-11-26,14012601
j-hope,2025-11-27,13982115
j-hope,2025-11-28,13951628
j-hope,2025-11-29,13921142
j-hope,2025-11-30,13890655
j-hope,2025-12-01,13874508
j-hope,2025-12-02,13858362
j-hope,2025-12-03,13810163
j-hope,2025-12-04,13749934
j-hope,2025-12-05,13732886
j-hope,2025-12-06,13723179
j-hope,2025-12-07,13713472
j-hope,2025-12-08,13658729
j-hope,2025-12-09,13575920
j-hope,2025-12-10,13564706
j-hope,2025-12-11,13553491
j-hope,2025-12-12,13508382
j-hope,2025-12-13,13398735
j-hope,2025-12-14,13374360
j-hope,2025-12-15,13349984
j-hope,2025-12-16,13268792
j-hope,2025-12-17,13206984
j-hope,2025-12-18,13145176
j-hope,2025-12-19,13103558
j-hope,2025-12-20,13053044
j-hope,2025-12-21,13002531
j-hope,2025-12-22,12994434
j-hope,2025-12-23,12986338
j-hope,2025-12-24,12978241
j-hope,2025-12-25,12970145
j-hope,2025-12-26,12962048
j-hope,2025-12-27,12953952
j-hope,2025-12-28,12945855
j-hope,2025-12-29,12937759
j-hope,2025-12-30,12929662
j-hope,2025-12-31,12951036
j-hope,2026-01-01,12972409
j-hope,2026-01-02,12940170
j-hope,2026-01-03,12907932
j-hope,2026-01-04,12933251
j-hope,2026-01-05,12994727
j-hope,2026-01-06,13036596
j-hope,2026-01-07,13078464
j-hope,2026-01-08,13161821
j-hope,2026-01-09,13333910
j-hope,2026-01-10,13372345
j-hope,2026-01-11,13410780
j-hope,2026-01-12,13471604
j-hope,2026-01-13,13591593
j-hope,2026-01-14,13662896
j-hope,2026-01-15,13705658
j-hope,2026-01-16,13748419
j-hope,2026-01-17,13832878
j-hope,2026-01-18,13904745
j-hope,2026-01-19,14053690
j-hope,2026-01-20,14085217
j-hope,2026-01-21,14116744
j-hope,2026-01-22,14125516
j-hope,2026-01-23,14134287
j-hope,2026-01-24,14182010
j-hope,2026-01-25,14221454
j-hope,2026-01-26,14256993
j-hope,2026-01-27,14257572
j-hope,2026-01-28,14258151
j-hope,2026-01-29,14254301
j-hope,2026-01-30,14217520
j-hope,2026-01-31,14252818
j-hope,2026-02-01,14262701
j-hope,2026-02-02,14250124
j-hope,2026-02-03,14237546
j-hope,2026-02-04,14122394
j-hope,2026-02-05,14067390
j-hope,2026-02-06,14035261
j-hope,2026-02-07,14003132
j-hope,2026-02-08,13924615
j-hope,2026-02-09,13853926
j-hope,2026-02-10,13797262
j-hope,2026-02-11,13660256
j-hope,2026-02-12,13582064
j-hope,2026-02-13,13503873
j-hope,2026-02-14,13468126
j-hope,2026-02-15,13432379
j-hope,2026-02-16,13347497
j-hope,2026-02-17,13265711
j-hope,2026-02-18,13198068
j-hope,2026-02-19,13114082
j-hope,2026-02-20,13046936
j-hope,2026-02-21,12959779
j-hope,2026-02-22,12885475
j-hope,2026-02-23,12814413
j-hope,2026-02-24,12747200
j-hope,2026-02-25,12681125
j-hope,2026-02-26,12533451
j-hope,2026-02-27,12457414
j-hope,2026-02-28,12381378
j-hope,2026-03-01,12330701
j-hope,2026-03-02,12298124
j-hope,2026-03-03,12265547
j-hope,2026-03-04,12224461
j-hope,2026-03-05,12154478
j-hope,2026-03-06,12129936
j-hope,2026-03-07,12105395
j-hope,2026-03-08,12063823
j-hope,2026-03-09,12015857
j-hope,2026-03-10,11978877
j-hope,2026-03-11,11943005
j-hope,2026-03-12,11913952
j-hope,2026-03-13,11815629
j-hope,2026-03-14,11787632
j-hope,2026-03-15,11759634
j-hope,2026-03-16,11739704
j-hope,2026-03-17,11708936
j-hope,2026-03-18,11685876
j-hope,2026-03-19,11666052
j-hope,2026-03-20,11648158
j-hope,2026-03-21,11799181
j-hope,2026-03-22,11950204
j-hope,2026-03-23,12101227
j-hope,2026-03-24,12252250
j-hope,2026-03-25,12308714
j-hope,2026-03-26,12365179
j-hope,2026-03-27,12461633
j-hope,2026-03-28,12542617
j-hope,2026-03-29,12589536
j-hope,2026-03-30,12641810
j-hope,2026-03-31,12700049
j-hope,2026-04-01,12749924
j-hope,2026-04-02,12848438
j-hope,2026-04-03,12893831
j-hope,2026-04-04,12916588
j-hope,2026-04-05,12919500
j-hope,2026-04-06,12922413
j-hope,2026-04-07,12945695
j-hope,2026-04-08,12954139
j-hope,2026-04-09,12962583
j-hope,2026-04-10,12975415
j-hope,2026-04-11,13054137
j-hope,2026-04-12,13054137
